{
 "salones": 200000,
 "materias": [
  {
   "id": "1",
   "nombre": "1",
   "cantidad": 1
  },
  {
   "id": "2",
   "nombre": "2",
   "cantidad": 1
  },
  {
   "id": "3",
   "nombre": "3",
   "cantidad": 1
  },
  {
   "id": "4",
   "nombre": "4",
   "cantidad": 1
  },
  {
   "id": "5",
   "nombre": "5",
   "cantidad": 1
  },
  {
   "id": "6",
   "nombre": "6",
   "cantidad": 1
  },
  {
   "id": "7",
   "nombre": "7",
   "cantidad": 1
  },
  {
   "id": "8",
   "nombre": "8",
   "cantidad": 1
  },
  {
   "id": "9",
   "nombre": "9",
   "cantidad": 1
  },
  {
   "id": "10",
   "nombre": "10",
   "cantidad": 1
  },
  {
   "id": "11",
   "nombre": "11",
   "cantidad": 1
  },
  {
   "id": "12",
   "nombre": "12",
   "cantidad": 1
  },
  {
   "id": "13",
   "nombre": "13",
   "cantidad": 1
  },
  {
   "id": "14",
   "nombre": "14",
   "cantidad": 1
  },
  {
   "id": "15",
   "nombre": "15",
   "cantidad": 1
  },
  {
   "id": "16",
   "nombre": "16",
   "cantidad": 1
  },
  {
   "id": "17",
   "nombre": "17",
   "cantidad": 1
  },
  {
   "id": "18",
   "nombre": "18",
   "cantidad": 1
  },
  {
   "id": "19",
   "nombre": "19",
   "cantidad": 1
  },
  {
   "id": "20",
   "nombre": "20",
   "cantidad": 1
  },
  {
   "id": "21",
   "nombre": "21",
   "cantidad": 1
  },
  {
   "id": "22",
   "nombre": "22",
   "cantidad": 1
  },
  {
   "id": "23",
   "nombre": "23",
   "cantidad": 1
  },
  {
   "id": "24",
   "nombre": "24",
   "cantidad": 1
  },
  {
   "id": "25",
   "nombre": "25",
   "cantidad": 1
  }
 ],
 "profesores": [
  {
   "id": "1",
   "nombre": "1",
   "clases": 1,
   "materias": [
    {
     "id": "13",
     "limite": 5,
     "preferencia": 16
    },
    {
     "id": "6",
     "limite": 5,
     "preferencia": 1
    },
    {
     "id": "25",
     "limite": 5,
     "preferencia": 2
    },
    {
     "id": "12",
     "limite": 5,
     "preferencia": 8
    },
    {
     "id": "19",
     "limite": 5,
     "preferencia": 1
    },
    {
     "id": "9",
     "limite": 5,
     "preferencia": 256
    },
    {
     "id": "20",
     "limite": 5,
     "preferencia": 256
    },
    {
     "id": "5",
     "limite": 5,
     "preferencia": 64
    },
    {
     "id": "10",
     "limite": 5,
     "preferencia": 16
    },
    {
     "id": "1",
     "limite": 5,
     "preferencia": 128
    },
    {
     "id": "24",
     "limite": 5,
     "preferencia": 2
    },
    {
     "id": "17",
     "limite": 5,
     "preferencia": 1
    },
    {
     "id": "8",
     "limite": 5,
     "preferencia": 128
    },
    {
     "id": "23",
     "limite": 5,
     "preferencia": 1
    },
    {
     "id": "11",
     "limite": 5,
     "preferencia": 8
    },
    {
     "id": "14",
     "limite": 5,
     "preferencia": 64
    },
    {
     "id": "3",
     "limite": 5,
     "preferencia": 4
    },
    {
     "id": "18",
     "limite": 5,
     "preferencia": 32
    },
    {
     "id": "7",
     "limite": 5,
     "preferencia": 8
    },
    {
     "id": "4",
     "limite": 5,
     "preferencia": 256
    },
    {
     "id": "16",
     "limite": 5,
     "preferencia": 64
    },
    {
     "id": "2",
     "limite": 5,
     "preferencia": 256
    },
    {
     "id": "15",
     "limite": 5,
     "preferencia": 32
    },
    {
     "id": "21",
     "limite": 5,
     "preferencia": 32
    },
    {
     "id": "22",
     "limite": 5,
     "preferencia": 512
    }
   ],
   "bloques": [
    {
     "id": "25",
     "preferencia": 64
    },
    {
     "id": "14",
     "preferencia": 64
    },
    {
     "id": "13",
     "preferencia": 8
    },
    {
     "id": "20",
     "preferencia": 64
    },
    {
     "id": "8",
     "preferencia": 16
    },
    {
     "id": "19",
     "preferencia": 32
    },
    {
     "id": "10",
     "preferencia": 32
    },
    {
     "id": "6",
     "preferencia": 256
    },
    {
     "id": "23",
     "preferencia": 256
    },
    {
     "id": "1",
     "preferencia": 256
    },
    {
     "id": "4",
     "preferencia": 64
    },
    {
     "id": "3",
     "preferencia": 256
    },
    {
     "id": "22",
     "preferencia": 4
    },
    {
     "id": "16",
     "preferencia": 128
    },
    {
     "id": "15",
     "preferencia": 4
    },
    {
     "id": "12",
     "preferencia": 128
    },
    {
     "id": "9",
     "preferencia": 1
    },
    {
     "id": "21",
     "preferencia": 1
    },
    {
     "id": "7",
     "preferencia": 64
    },
    {
     "id": "24",
     "preferencia": 512
    },
    {
     "id": "11",
     "preferencia": 64
    },
    {
     "id": "17",
     "preferencia": 64
    },
    {
     "id": "5",
     "preferencia": 8
    },
    {
     "id": "2",
     "preferencia": 32
    },
    {
     "id": "18",
     "preferencia": 128
    }
   ]
  },
  {
   "id": "2",
   "nombre": "2",
   "clases": 1,
   "materias": [
    {
     "id": "19",
     "limite": 5,
     "preferencia": 256
    },
    {
     "id": "12",
     "limite": 5,
     "preferencia": 128
    },
    {
     "id": "1",
     "limite": 5,
     "preferencia": 128
    },
    {
     "id": "14",
     "limite": 5,
     "preferencia": 512
    },
    {
     "id": "21",
     "limite": 5,
     "preferencia": 16
    },
    {
     "id": "24",
     "limite": 5,
     "preferencia": 128
    },
    {
     "id": "18",
     "limite": 5,
     "preferencia": 4
    },
    {
     "id": "7",
     "limite": 5,
     "preferencia": 128
    },
    {
     "id": "8",
     "limite": 5,
     "preferencia": 64
    },
    {
     "id": "11",
     "limite": 5,
     "preferencia": 16
    },
    {
     "id": "17",
     "limite": 5,
     "preferencia": 8
    },
    {
     "id": "23",
     "limite": 5,
     "preferencia": 8
    },
    {
     "id": "3",
     "limite": 5,
     "preferencia": 32
    },
    {
     "id": "25",
     "limite": 5,
     "preferencia": 4
    },
    {
     "id": "4",
     "limite": 5,
     "preferencia": 2
    },
    {
     "id": "5",
     "limite": 5,
     "preferencia": 512
    },
    {
     "id": "10",
     "limite": 5,
     "preferencia": 16
    },
    {
     "id": "6",
     "limite": 5,
     "preferencia": 1
    },
    {
     "id": "22",
     "limite": 5,
     "preferencia": 32
    },
    {
     "id": "2",
     "limite": 5,
     "preferencia": 2
    },
    {
     "id": "9",
     "limite": 5,
     "preferencia": 32
    },
    {
     "id": "20",
     "limite": 5,
     "preferencia": 32
    },
    {
     "id": "13",
     "limite": 5,
     "preferencia": 4
    },
    {
     "id": "15",
     "limite": 5,
     "preferencia": 2
    },
    {
     "id": "16",
     "limite": 5,
     "preferencia": 16
    }
   ],
   "bloques": [
    {
     "id": "13",
     "preferencia": 8
    },
    {
     "id": "23",
     "preferencia": 128
    },
    {
     "id": "24",
     "preferencia": 128
    },
    {
     "id": "4",
     "preferencia": 2
    },
    {
     "id": "20",
     "preferencia": 512
    },
    {
     "id": "11",
     "preferencia": 128
    },
    {
     "id": "17",
     "preferencia": 2
    },
    {
     "id": "10",
     "preferencia": 128
    },
    {
     "id": "15",
     "preferencia": 512
    },
    {
     "id": "6",
     "preferencia": 2
    },
    {
     "id": "25",
     "preferencia": 16
    },
    {
     "id": "2",
     "preferencia": 2
    },
    {
     "id": "9",
     "preferencia": 32
    },
    {
     "id": "21",
     "preferencia": 2
    },
    {
     "id": "14",
     "preferencia": 2
    },
    {
     "id": "7",
     "preferencia": 32
    },
    {
     "id": "5",
     "preferencia": 16
    },
    {
     "id": "22",
     "preferencia": 4
    },
    {
     "id": "3",
     "preferencia": 8
    },
    {
     "id": "8",
     "preferencia": 256
    },
    {
     "id": "16",
     "preferencia": 2
    },
    {
     "id": "1",
     "preferencia": 8
    },
    {
     "id": "19",
     "preferencia": 1
    },
    {
     "id": "18",
     "preferencia": 32
    },
    {
     "id": "12",
     "preferencia": 8
    }
   ]
  },
  {
   "id": "3",
   "nombre": "3",
   "clases": 1,
   "materias": [
    {
     "id": "8",
     "limite": 5,
     "preferencia": 32
    },
    {
     "id": "1",
     "limite": 5,
     "preferencia": 16
    },
    {
     "id": "6",
     "limite": 5,
     "preferencia": 256
    },
    {
     "id": "23",
     "limite": 5,
     "preferencia": 1
    },
    {
     "id": "15",
     "limite": 5,
     "preferencia": 8
    },
    {
     "id": "19",
     "limite": 5,
     "preferencia": 128
    },
    {
     "id": "21",
     "limite": 5,
     "preferencia": 128
    },
    {
     "id": "2",
     "limite": 5,
     "preferencia": 8
    },
    {
     "id": "22",
     "limite": 5,
     "preferencia": 1
    },
    {
     "id": "24",
     "limite": 5,
     "preferencia": 128
    },
    {
     "id": "3",
     "limite": 5,
     "preferencia": 256
    },
    {
     "id": "17",
     "limite": 5,
     "preferencia": 2
    },
    {
     "id": "11",
     "limite": 5,
     "preferencia": 2
    },
    {
     "id": "18",
     "limite": 5,
     "preferencia": 64
    },
    {
     "id": "14",
     "limite": 5,
     "preferencia": 2
    },
    {
     "id": "10",
     "limite": 5,
     "preferencia": 128
    },
    {
     "id": "4",
     "limite": 5,
     "preferencia": 4
    },
    {
     "id": "12",
     "limite": 5,
     "preferencia": 256
    },
    {
     "id": "5",
     "limite": 5,
     "preferencia": 8
    },
    {
     "id": "20",
     "limite": 5,
     "preferencia": 32
    },
    {
     "id": "16",
     "limite": 5,
     "preferencia": 64
    },
    {
     "id": "9",
     "limite": 5,
     "preferencia": 16
    },
    {
     "id": "7",
     "limite": 5,
     "preferencia": 4
    },
    {
     "id": "13",
     "limite": 5,
     "preferencia": 512
    },
    {
     "id": "25",
     "limite": 5,
     "preferencia": 1
    }
   ],
   "bloques": [
    {
     "id": "13",
     "preferencia": 2
    },
    {
     "id": "2",
     "preferencia": 16
    },
    {
     "id": "24",
     "preferencia": 4
    },
    {
     "id": "22",
     "preferencia": 4
    },
    {
     "id": "21",
     "preferencia": 16
    },
    {
     "id": "1",
     "preferencia": 1
    },
    {
     "id": "12",
     "preferencia": 8
    },
    {
     "id": "7",
     "preferencia": 128
    },
    {
     "id": "18",
     "preferencia": 128
    },
    {
     "id": "9",
     "preferencia": 256
    },
    {
     "id": "4",
     "preferencia": 16
    },
    {
     "id": "3",
     "preferencia": 8
    },
    {
     "id": "19",
     "preferencia": 512
    },
    {
     "id": "16",
     "preferencia": 1
    },
    {
     "id": "6",
     "preferencia": 16
    },
    {
     "id": "23",
     "preferencia": 512
    },
    {
     "id": "11",
     "preferencia": 2
    },
    {
     "id": "20",
     "preferencia": 2
    },
    {
     "id": "10",
     "preferencia": 64
    },
    {
     "id": "17",
     "preferencia": 8
    },
    {
     "id": "8",
     "preferencia": 8
    },
    {
     "id": "25",
     "preferencia": 1
    },
    {
     "id": "14",
     "preferencia": 1
    },
    {
     "id": "5",
     "preferencia": 16
    },
    {
     "id": "15",
     "preferencia": 4
    }
   ]
  },
  {
   "id": "4",
   "nombre": "4",
   "clases": 1,
   "materias": [
    {
     "id": "23",
     "limite": 5,
     "preferencia": 16
    },
    {
     "id": "9",
     "limite": 5,
     "preferencia": 1
    },
    {
     "id": "18",
     "limite": 5,
     "preferencia": 16
    },
    {
     "id": "3",
     "limite": 5,
     "preferencia": 2
    },
    {
     "id": "8",
     "limite": 5,
     "preferencia": 256
    },
    {
     "id": "5",
     "limite": 5,
     "preferencia": 64
    },
    {
     "id": "11",
     "limite": 5,
     "preferencia": 512
    },
    {
     "id": "7",
     "limite": 5,
     "preferencia": 2
    },
    {
     "id": "16",
     "limite": 5,
     "preferencia": 8
    },
    {
     "id": "21",
     "limite": 5,
     "preferencia": 128
    },
    {
     "id": "19",
     "limite": 5,
     "preferencia": 4
    },
    {
     "id": "12",
     "limite": 5,
     "preferencia": 2
    },
    {
     "id": "2",
     "limite": 5,
     "preferencia": 512
    },
    {
     "id": "6",
     "limite": 5,
     "preferencia": 128
    },
    {
     "id": "4",
     "limite": 5,
     "preferencia": 512
    },
    {
     "id": "17",
     "limite": 5,
     "preferencia": 32
    },
    {
     "id": "22",
     "limite": 5,
     "preferencia": 2
    },
    {
     "id": "14",
     "limite": 5,
     "preferencia": 16
    },
    {
     "id": "13",
     "limite": 5,
     "preferencia": 1
    },
    {
     "id": "24",
     "limite": 5,
     "preferencia": 64
    },
    {
     "id": "1",
     "limite": 5,
     "preferencia": 8
    },
    {
     "id": "15",
     "limite": 5,
     "preferencia": 16
    },
    {
     "id": "25",
     "limite": 5,
     "preferencia": 8
    },
    {
     "id": "10",
     "limite": 5,
     "preferencia": 32
    },
    {
     "id": "20",
     "limite": 5,
     "preferencia": 16
    }
   ],
   "bloques": [
    {
     "id": "1",
     "preferencia": 4
    },
    {
     "id": "12",
     "preferencia": 64
    },
    {
     "id": "10",
     "preferencia": 256
    },
    {
     "id": "11",
     "preferencia": 512
    },
    {
     "id": "25",
     "preferencia": 4
    },
    {
     "id": "21",
     "preferencia": 256
    },
    {
     "id": "20",
     "preferencia": 4
    },
    {
     "id": "22",
     "preferencia": 32
    },
    {
     "id": "3",
     "preferencia": 64
    },
    {
     "id": "14",
     "preferencia": 4
    },
    {
     "id": "4",
     "preferencia": 1
    },
    {
     "id": "8",
     "preferencia": 128
    },
    {
     "id": "24",
     "preferencia": 512
    },
    {
     "id": "6",
     "preferencia": 256
    },
    {
     "id": "19",
     "preferencia": 2
    },
    {
     "id": "9",
     "preferencia": 512
    },
    {
     "id": "18",
     "preferencia": 2
    },
    {
     "id": "7",
     "preferencia": 128
    },
    {
     "id": "13",
     "preferencia": 4
    },
    {
     "id": "23",
     "preferencia": 8
    },
    {
     "id": "16",
     "preferencia": 512
    },
    {
     "id": "15",
     "preferencia": 2
    },
    {
     "id": "17",
     "preferencia": 8
    },
    {
     "id": "5",
     "preferencia": 2
    },
    {
     "id": "2",
     "preferencia": 4
    }
   ]
  },
  {
   "id": "5",
   "nombre": "5",
   "clases": 1,
   "materias": [
    {
     "id": "25",
     "limite": 5,
     "preferencia": 32
    },
    {
     "id": "16",
     "limite": 5,
     "preferencia": 512
    },
    {
     "id": "22",
     "limite": 5,
     "preferencia": 2
    },
    {
     "id": "12",
     "limite": 5,
     "preferencia": 8
    },
    {
     "id": "11",
     "limite": 5,
     "preferencia": 64
    },
    {
     "id": "4",
     "limite": 5,
     "preferencia": 512
    },
    {
     "id": "18",
     "limite": 5,
     "preferencia": 8
    },
    {
     "id": "7",
     "limite": 5,
     "preferencia": 128
    },
    {
     "id": "20",
     "limite": 5,
     "preferencia": 128
    },
    {
     "id": "23",
     "limite": 5,
     "preferencia": 128
    },
    {
     "id": "21",
     "limite": 5,
     "preferencia": 32
    },
    {
     "id": "1",
     "limite": 5,
     "preferencia": 256
    },
    {
     "id": "19",
     "limite": 5,
     "preferencia": 512
    },
    {
     "id": "15",
     "limite": 5,
     "preferencia": 16
    },
    {
     "id": "2",
     "limite": 5,
     "preferencia": 512
    },
    {
     "id": "10",
     "limite": 5,
     "preferencia": 16
    },
    {
     "id": "13",
     "limite": 5,
     "preferencia": 8
    },
    {
     "id": "9",
     "limite": 5,
     "preferencia": 128
    },
    {
     "id": "24",
     "limite": 5,
     "preferencia": 256
    },
    {
     "id": "17",
     "limite": 5,
     "preferencia": 256
    },
    {
     "id": "5",
     "limite": 5,
     "preferencia": 4
    },
    {
     "id": "8",
     "limite": 5,
     "preferencia": 512
    },
    {
     "id": "6",
     "limite": 5,
     "preferencia": 128
    },
    {
     "id": "3",
     "limite": 5,
     "preferencia": 32
    },
    {
     "id": "14",
     "limite": 5,
     "preferencia": 2
    }
   ],
   "bloques": [
    {
     "id": "1",
     "preferencia": 8
    },
    {
     "id": "24",
     "preferencia": 64
    },
    {
     "id": "17",
     "preferencia": 2
    },
    {
     "id": "6",
     "preferencia": 32
    },
    {
     "id": "18",
     "preferencia": 16
    },
    {
     "id": "9",
     "preferencia": 128
    },
    {
     "id": "5",
     "preferencia": 32
    },
    {
     "id": "15",
     "preferencia": 4
    },
    {
     "id": "21",
     "preferencia": 4
    },
    {
     "id": "14",
     "preferencia": 4
    },
    {
     "id": "10",
     "preferencia": 2
    },
    {
     "id": "2",
     "preferencia": 64
    },
    {
     "id": "11",
     "preferencia": 256
    },
    {
     "id": "4",
     "preferencia": 1
    },
    {
     "id": "25",
     "preferencia": 256
    },
    {
     "id": "13",
     "preferencia": 256
    },
    {
     "id": "23",
     "preferencia": 512
    },
    {
     "id": "19",
     "preferencia": 2
    },
    {
     "id": "22",
     "preferencia": 32
    },
    {
     "id": "12",
     "preferencia": 32
    },
    {
     "id": "20",
     "preferencia": 256
    },
    {
     "id": "8",
     "preferencia": 64
    },
    {
     "id": "3",
     "preferencia": 4
    },
    {
     "id": "16",
     "preferencia": 8
    },
    {
     "id": "7",
     "preferencia": 1
    }
   ]
  },
  {
   "id": "6",
   "nombre": "6",
   "clases": 1,
   "materias": [
    {
     "id": "12",
     "limite": 5,
     "preferencia": 1
    },
    {
     "id": "7",
     "limite": 5,
     "preferencia": 16
    },
    {
     "id": "15",
     "limite": 5,
     "preferencia": 128
    },
    {
     "id": "17",
     "limite": 5,
     "preferencia": 128
    },
    {
     "id": "23",
     "limite": 5,
     "preferencia": 1
    },
    {
     "id": "13",
     "limite": 5,
     "preferencia": 2
    },
    {
     "id": "3",
     "limite": 5,
     "preferencia": 4
    },
    {
     "id": "14",
     "limite": 5,
     "preferencia": 8
    },
    {
     "id": "2",
     "limite": 5,
     "preferencia": 128
    },
    {
     "id": "18",
     "limite": 5,
     "preferencia": 128
    },
    {
     "id": "16",
     "limite": 5,
     "preferencia": 4
    },
    {
     "id": "21",
     "limite": 5,
     "preferencia": 1
    },
    {
     "id": "24",
     "limite": 5,
     "preferencia": 4
    },
    {
     "id": "11",
     "limite": 5,
     "preferencia": 2
    },
    {
     "id": "19",
     "limite": 5,
     "preferencia": 8
    },
    {
     "id": "4",
     "limite": 5,
     "preferencia": 128
    },
    {
     "id": "8",
     "limite": 5,
     "preferencia": 512
    },
    {
     "id": "20",
     "limite": 5,
     "preferencia": 4
    },
    {
     "id": "9",
     "limite": 5,
     "preferencia": 512
    },
    {
     "id": "1",
     "limite": 5,
     "preferencia": 16
    },
    {
     "id": "5",
     "limite": 5,
     "preferencia": 512
    },
    {
     "id": "6",
     "limite": 5,
     "preferencia": 32
    },
    {
     "id": "10",
     "limite": 5,
     "preferencia": 16
    },
    {
     "id": "22",
     "limite": 5,
     "preferencia": 32
    },
    {
     "id": "25",
     "limite": 5,
     "preferencia": 256
    }
   ],
   "bloques": [
    {
     "id": "15",
     "preferencia": 1
    },
    {
     "id": "12",
     "preferencia": 16
    },
    {
     "id": "10",
     "preferencia": 2
    },
    {
     "id": "8",
     "preferencia": 512
    },
    {
     "id": "24",
     "preferencia": 256
    },
    {
     "id": "13",
     "preferencia": 32
    },
    {
     "id": "9",
     "preferencia": 512
    },
    {
     "id": "17",
     "preferencia": 8
    },
    {
     "id": "2",
     "preferencia": 256
    },
    {
     "id": "3",
     "preferencia": 4
    },
    {
     "id": "6",
     "preferencia": 16
    },
    {
     "id": "20",
     "preferencia": 4
    },
    {
     "id": "22",
     "preferencia": 512
    },
    {
     "id": "19",
     "preferencia": 2
    },
    {
     "id": "5",
     "preferencia": 16
    },
    {
     "id": "11",
     "preferencia": 64
    },
    {
     "id": "14",
     "preferencia": 512
    },
    {
     "id": "21",
     "preferencia": 16
    },
    {
     "id": "7",
     "preferencia": 64
    },
    {
     "id": "25",
     "preferencia": 64
    },
    {
     "id": "1",
     "preferencia": 256
    },
    {
     "id": "23",
     "preferencia": 32
    },
    {
     "id": "16",
     "preferencia": 8
    },
    {
     "id": "4",
     "preferencia": 512
    },
    {
     "id": "18",
     "preferencia": 2
    }
   ]
  },
  {
   "id": "7",
   "nombre": "7",
   "clases": 1,
   "materias": [
    {
     "id": "20",
     "limite": 5,
     "preferencia": 64
    },
    {
     "id": "9",
     "limite": 5,
     "preferencia": 16
    },
    {
     "id": "25",
     "limite": 5,
     "preferencia": 256
    },
    {
     "id": "7",
     "limite": 5,
     "preferencia": 4
    },
    {
     "id": "6",
     "limite": 5,
     "preferencia": 32
    },
    {
     "id": "4",
     "limite": 5,
     "preferencia": 4
    },
    {
     "id": "21",
     "limite": 5,
     "preferencia": 128
    },
    {
     "id": "13",
     "limite": 5,
     "preferencia": 64
    },
    {
     "id": "1",
     "limite": 5,
     "preferencia": 16
    },
    {
     "id": "17",
     "limite": 5,
     "preferencia": 256
    },
    {
     "id": "22",
     "limite": 5,
     "preferencia": 32
    },
    {
     "id": "5",
     "limite": 5,
     "preferencia": 256
    },
    {
     "id": "12",
     "limite": 5,
     "preferencia": 32
    },
    {
     "id": "3",
     "limite": 5,
     "preferencia": 256
    },
    {
     "id": "19",
     "limite": 5,
     "preferencia": 512
    },
    {
     "id": "8",
     "limite": 5,
     "preferencia": 2
    },
    {
     "id": "14",
     "limite": 5,
     "preferencia": 512
    },
    {
     "id": "11",
     "limite": 5,
     "preferencia": 16
    },
    {
     "id": "10",
     "limite": 5,
     "preferencia": 2
    },
    {
     "id": "23",
     "limite": 5,
     "preferencia": 2
    },
    {
     "id": "16",
     "limite": 5,
     "preferencia": 16
    },
    {
     "id": "2",
     "limite": 5,
     "preferencia": 1
    },
    {
     "id": "15",
     "limite": 5,
     "preferencia": 4
    },
    {
     "id": "18",
     "limite": 5,
     "preferencia": 512
    },
    {
     "id": "24",
     "limite": 5,
     "preferencia": 32
    }
   ],
   "bloques": [
    {
     "id": "16",
     "preferencia": 128
    },
    {
     "id": "19",
     "preferencia": 8
    },
    {
     "id": "18",
     "preferencia": 32
    },
    {
     "id": "9",
     "preferencia": 32
    },
    {
     "id": "4",
     "preferencia": 1
    },
    {
     "id": "1",
     "preferencia": 16
    },
    {
     "id": "12",
     "preferencia": 128
    },
    {
     "id": "15",
     "preferencia": 32
    },
    {
     "id": "6",
     "preferencia": 4
    },
    {
     "id": "17",
     "preferencia": 512
    },
    {
     "id": "3",
     "preferencia": 256
    },
    {
     "id": "2",
     "preferencia": 4
    },
    {
     "id": "13",
     "preferencia": 512
    },
    {
     "id": "20",
     "preferencia": 2
    },
    {
     "id": "21",
     "preferencia": 2
    },
    {
     "id": "8",
     "preferencia": 128
    },
    {
     "id": "23",
     "preferencia": 2
    },
    {
     "id": "24",
     "preferencia": 256
    },
    {
     "id": "10",
     "preferencia": 4
    },
    {
     "id": "5",
     "preferencia": 16
    },
    {
     "id": "14",
     "preferencia": 128
    },
    {
     "id": "22",
     "preferencia": 64
    },
    {
     "id": "11",
     "preferencia": 1
    },
    {
     "id": "7",
     "preferencia": 2
    },
    {
     "id": "25",
     "preferencia": 1
    }
   ]
  },
  {
   "id": "8",
   "nombre": "8",
   "clases": 1,
   "materias": [
    {
     "id": "12",
     "limite": 5,
     "preferencia": 1
    },
    {
     "id": "18",
     "limite": 5,
     "preferencia": 2
    },
    {
     "id": "8",
     "limite": 5,
     "preferencia": 16
    },
    {
     "id": "3",
     "limite": 5,
     "preferencia": 4
    },
    {
     "id": "14",
     "limite": 5,
     "preferencia": 256
    },
    {
     "id": "20",
     "limite": 5,
     "preferencia": 2
    },
    {
     "id": "19",
     "limite": 5,
     "preferencia": 8
    },
    {
     "id": "7",
     "limite": 5,
     "preferencia": 16
    },
    {
     "id": "10",
     "limite": 5,
     "preferencia": 2
    },
    {
     "id": "9",
     "limite": 5,
     "preferencia": 64
    },
    {
     "id": "23",
     "limite": 5,
     "preferencia": 256
    },
    {
     "id": "22",
     "limite": 5,
     "preferencia": 16
    },
    {
     "id": "4",
     "limite": 5,
     "preferencia": 512
    },
    {
     "id": "5",
     "limite": 5,
     "preferencia": 4
    },
    {
     "id": "15",
     "limite": 5,
     "preferencia": 8
    },
    {
     "id": "6",
     "limite": 5,
     "preferencia": 64
    },
    {
     "id": "11",
     "limite": 5,
     "preferencia": 4
    },
    {
     "id": "1",
     "limite": 5,
     "preferencia": 2
    },
    {
     "id": "17",
     "limite": 5,
     "preferencia": 2
    },
    {
     "id": "16",
     "limite": 5,
     "preferencia": 256
    },
    {
     "id": "21",
     "limite": 5,
     "preferencia": 4
    },
    {
     "id": "13",
     "limite": 5,
     "preferencia": 1
    },
    {
     "id": "25",
     "limite": 5,
     "preferencia": 8
    },
    {
     "id": "2",
     "limite": 5,
     "preferencia": 8
    },
    {
     "id": "24",
     "limite": 5,
     "preferencia": 64
    }
   ],
   "bloques": [
    {
     "id": "21",
     "preferencia": 128
    },
    {
     "id": "24",
     "preferencia": 1
    },
    {
     "id": "15",
     "preferencia": 256
    },
    {
     "id": "9",
     "preferencia": 16
    },
    {
     "id": "5",
     "preferencia": 4
    },
    {
     "id": "1",
     "preferencia": 64
    },
    {
     "id": "11",
     "preferencia": 256
    },
    {
     "id": "2",
     "preferencia": 4
    },
    {
     "id": "4",
     "preferencia": 2
    },
    {
     "id": "14",
     "preferencia": 256
    },
    {
     "id": "20",
     "preferencia": 256
    },
    {
     "id": "7",
     "preferencia": 16
    },
    {
     "id": "16",
     "preferencia": 256
    },
    {
     "id": "17",
     "preferencia": 8
    },
    {
     "id": "13",
     "preferencia": 32
    },
    {
     "id": "18",
     "preferencia": 64
    },
    {
     "id": "10",
     "preferencia": 4
    },
    {
     "id": "25",
     "preferencia": 8
    },
    {
     "id": "6",
     "preferencia": 128
    },
    {
     "id": "22",
     "preferencia": 4
    },
    {
     "id": "12",
     "preferencia": 128
    },
    {
     "id": "3",
     "preferencia": 2
    },
    {
     "id": "23",
     "preferencia": 8
    },
    {
     "id": "8",
     "preferencia": 4
    },
    {
     "id": "19",
     "preferencia": 4
    }
   ]
  },
  {
   "id": "9",
   "nombre": "9",
   "clases": 1,
   "materias": [
    {
     "id": "19",
     "limite": 5,
     "preferencia": 2
    },
    {
     "id": "18",
     "limite": 5,
     "preferencia": 16
    },
    {
     "id": "21",
     "limite": 5,
     "preferencia": 2
    },
    {
     "id": "8",
     "limite": 5,
     "preferencia": 1
    },
    {
     "id": "7",
     "limite": 5,
     "preferencia": 128
    },
    {
     "id": "9",
     "limite": 5,
     "preferencia": 512
    },
    {
     "id": "13",
     "limite": 5,
     "preferencia": 64
    },
    {
     "id": "22",
     "limite": 5,
     "preferencia": 512
    },
    {
     "id": "25",
     "limite": 5,
     "preferencia": 32
    },
    {
     "id": "12",
     "limite": 5,
     "preferencia": 128
    },
    {
     "id": "4",
     "limite": 5,
     "preferencia": 128
    },
    {
     "id": "16",
     "limite": 5,
     "preferencia": 16
    },
    {
     "id": "23",
     "limite": 5,
     "preferencia": 1
    },
    {
     "id": "17",
     "limite": 5,
     "preferencia": 2
    },
    {
     "id": "11",
     "limite": 5,
     "preferencia": 512
    },
    {
     "id": "10",
     "limite": 5,
     "preferencia": 8
    },
    {
     "id": "14",
     "limite": 5,
     "preferencia": 128
    },
    {
     "id": "2",
     "limite": 5,
     "preferencia": 2
    },
    {
     "id": "3",
     "limite": 5,
     "preferencia": 128
    },
    {
     "id": "20",
     "limite": 5,
     "preferencia": 8
    },
    {
     "id": "1",
     "limite": 5,
     "preferencia": 64
    },
    {
     "id": "5",
     "limite": 5,
     "preferencia": 128
    },
    {
     "id": "6",
     "limite": 5,
     "preferencia": 512
    },
    {
     "id": "24",
     "limite": 5,
     "preferencia": 256
    },
    {
     "id": "15",
     "limite": 5,
     "preferencia": 64
    }
   ],
   "bloques": [
    {
     "id": "25",
     "preferencia": 1
    },
    {
     "id": "14",
     "preferencia": 8
    },
    {
     "id": "4",
     "preferencia": 8
    },
    {
     "id": "18",
     "preferencia": 4
    },
    {
     "id": "13",
     "preferencia": 4
    },
    {
     "id": "12",
     "preferencia": 1
    },
    {
     "id": "16",
     "preferencia": 8
    },
    {
     "id": "11",
     "preferencia": 1
    },
    {
     "id": "15",
     "preferencia": 128
    },
    {
     "id": "5",
     "preferencia": 256
    },
    {
     "id": "23",
     "preferencia": 256
    },
    {
     "id": "9",
     "preferencia": 512
    },
    {
     "id": "21",
     "preferencia": 256
    },
    {
     "id": "20",
     "preferencia": 512
    },
    {
     "id": "6",
     "preferencia": 32
    },
    {
     "id": "19",
     "preferencia": 32
    },
    {
     "id": "3",
     "preferencia": 8
    },
    {
     "id": "10",
     "preferencia": 2
    },
    {
     "id": "22",
     "preferencia": 4
    },
    {
     "id": "8",
     "preferencia": 256
    },
    {
     "id": "1",
     "preferencia": 16
    },
    {
     "id": "2",
     "preferencia": 8
    },
    {
     "id": "24",
     "preferencia": 128
    },
    {
     "id": "17",
     "preferencia": 2
    },
    {
     "id": "7",
     "preferencia": 16
    }
   ]
  },
  {
   "id": "10",
   "nombre": "10",
   "clases": 1,
   "materias": [
    {
     "id": "22",
     "limite": 5,
     "preferencia": 64
    },
    {
     "id": "8",
     "limite": 5,
     "preferencia": 64
    },
    {
     "id": "9",
     "limite": 5,
     "preferencia": 512
    },
    {
     "id": "12",
     "limite": 5,
     "preferencia": 1
    },
    {
     "id": "10",
     "limite": 5,
     "preferencia": 128
    },
    {
     "id": "15",
     "limite": 5,
     "preferencia": 32
    },
    {
     "id": "17",
     "limite": 5,
     "preferencia": 2
    },
    {
     "id": "25",
     "limite": 5,
     "preferencia": 8
    },
    {
     "id": "24",
     "limite": 5,
     "preferencia": 64
    },
    {
     "id": "3",
     "limite": 5,
     "preferencia": 128
    },
    {
     "id": "6",
     "limite": 5,
     "preferencia": 512
    },
    {
     "id": "11",
     "limite": 5,
     "preferencia": 32
    },
    {
     "id": "21",
     "limite": 5,
     "preferencia": 16
    },
    {
     "id": "4",
     "limite": 5,
     "preferencia": 2
    },
    {
     "id": "14",
     "limite": 5,
     "preferencia": 1
    },
    {
     "id": "23",
     "limite": 5,
     "preferencia": 256
    },
    {
     "id": "5",
     "limite": 5,
     "preferencia": 1
    },
    {
     "id": "1",
     "limite": 5,
     "preferencia": 1
    },
    {
     "id": "18",
     "limite": 5,
     "preferencia": 1
    },
    {
     "id": "16",
     "limite": 5,
     "preferencia": 8
    },
    {
     "id": "13",
     "limite": 5,
     "preferencia": 8
    },
    {
     "id": "20",
     "limite": 5,
     "preferencia": 16
    },
    {
     "id": "2",
     "limite": 5,
     "preferencia": 16
    },
    {
     "id": "7",
     "limite": 5,
     "preferencia": 16
    },
    {
     "id": "19",
     "limite": 5,
     "preferencia": 32
    }
   ],
   "bloques": [
    {
     "id": "24",
     "preferencia": 128
    },
    {
     "id": "10",
     "preferencia": 2
    },
    {
     "id": "2",
     "preferencia": 2
    },
    {
     "id": "6",
     "preferencia": 32
    },
    {
     "id": "9",
     "preferencia": 16
    },
    {
     "id": "16",
     "preferencia": 256
    },
    {
     "id": "21",
     "preferencia": 1
    },
    {
     "id": "3",
     "preferencia": 64
    },
    {
     "id": "12",
     "preferencia": 128
    },
    {
     "id": "25",
     "preferencia": 8
    },
    {
     "id": "19",
     "preferencia": 128
    },
    {
     "id": "5",
     "preferencia": 16
    },
    {
     "id": "17",
     "preferencia": 32
    },
    {
     "id": "22",
     "preferencia": 32
    },
    {
     "id": "18",
     "preferencia": 256
    },
    {
     "id": "20",
     "preferencia": 512
    },
    {
     "id": "4",
     "preferencia": 128
    },
    {
     "id": "15",
     "preferencia": 4
    },
    {
     "id": "14",
     "preferencia": 1
    },
    {
     "id": "13",
     "preferencia": 256
    },
    {
     "id": "23",
     "preferencia": 32
    },
    {
     "id": "7",
     "preferencia": 512
    },
    {
     "id": "8",
     "preferencia": 8
    },
    {
     "id": "1",
     "preferencia": 512
    },
    {
     "id": "11",
     "preferencia": 1
    }
   ]
  },
  {
   "id": "11",
   "nombre": "11",
   "clases": 1,
   "materias": [
    {
     "id": "2",
     "limite": 5,
     "preferencia": 8
    },
    {
     "id": "20",
     "limite": 5,
     "preferencia": 1
    },
    {
     "id": "15",
     "limite": 5,
     "preferencia": 1
    },
    {
     "id": "8",
     "limite": 5,
     "preferencia": 4
    },
    {
     "id": "24",
     "limite": 5,
     "preferencia": 16
    },
    {
     "id": "4",
     "limite": 5,
     "preferencia": 64
    },
    {
     "id": "19",
     "limite": 5,
     "preferencia": 32
    },
    {
     "id": "6",
     "limite": 5,
     "preferencia": 128
    },
    {
     "id": "16",
     "limite": 5,
     "preferencia": 32
    },
    {
     "id": "23",
     "limite": 5,
     "preferencia": 32
    },
    {
     "id": "9",
     "limite": 5,
     "preferencia": 256
    },
    {
     "id": "5",
     "limite": 5,
     "preferencia": 16
    },
    {
     "id": "21",
     "limite": 5,
     "preferencia": 1
    },
    {
     "id": "13",
     "limite": 5,
     "preferencia": 8
    },
    {
     "id": "25",
     "limite": 5,
     "preferencia": 128
    },
    {
     "id": "10",
     "limite": 5,
     "preferencia": 512
    },
    {
     "id": "22",
     "limite": 5,
     "preferencia": 4
    },
    {
     "id": "12",
     "limite": 5,
     "preferencia": 512
    },
    {
     "id": "17",
     "limite": 5,
     "preferencia": 16
    },
    {
     "id": "18",
     "limite": 5,
     "preferencia": 256
    },
    {
     "id": "11",
     "limite": 5,
     "preferencia": 8
    },
    {
     "id": "1",
     "limite": 5,
     "preferencia": 8
    },
    {
     "id": "3",
     "limite": 5,
     "preferencia": 32
    },
    {
     "id": "14",
     "limite": 5,
     "preferencia": 16
    },
    {
     "id": "7",
     "limite": 5,
     "preferencia": 8
    }
   ],
   "bloques": [
    {
     "id": "3",
     "preferencia": 64
    },
    {
     "id": "23",
     "preferencia": 1
    },
    {
     "id": "18",
     "preferencia": 256
    },
    {
     "id": "5",
     "preferencia": 8
    },
    {
     "id": "1",
     "preferencia": 8
    },
    {
     "id": "24",
     "preferencia": 8
    },
    {
     "id": "21",
     "preferencia": 1
    },
    {
     "id": "2",
     "preferencia": 512
    },
    {
     "id": "20",
     "preferencia": 64
    },
    {
     "id": "13",
     "preferencia": 2
    },
    {
     "id": "4",
     "preferencia": 256
    },
    {
     "id": "16",
     "preferencia": 256
    },
    {
     "id": "8",
     "preferencia": 8
    },
    {
     "id": "10",
     "preferencia": 2
    },
    {
     "id": "19",
     "preferencia": 32
    },
    {
     "id": "17",
     "preferencia": 16
    },
    {
     "id": "9",
     "preferencia": 512
    },
    {
     "id": "25",
     "preferencia": 16
    },
    {
     "id": "11",
     "preferencia": 4
    },
    {
     "id": "7",
     "preferencia": 128
    },
    {
     "id": "22",
     "preferencia": 256
    },
    {
     "id": "14",
     "preferencia": 1
    },
    {
     "id": "12",
     "preferencia": 8
    },
    {
     "id": "6",
     "preferencia": 2
    },
    {
     "id": "15",
     "preferencia": 8
    }
   ]
  },
  {
   "id": "12",
   "nombre": "12",
   "clases": 1,
   "materias": [
    {
     "id": "16",
     "limite": 5,
     "preferencia": 64
    },
    {
     "id": "18",
     "limite": 5,
     "preferencia": 8
    },
    {
     "id": "4",
     "limite": 5,
     "preferencia": 128
    },
    {
     "id": "10",
     "limite": 5,
     "preferencia": 1
    },
    {
     "id": "24",
     "limite": 5,
     "preferencia": 64
    },
    {
     "id": "14",
     "limite": 5,
     "preferencia": 2
    },
    {
     "id": "22",
     "limite": 5,
     "preferencia": 128
    },
    {
     "id": "19",
     "limite": 5,
     "preferencia": 64
    },
    {
     "id": "7",
     "limite": 5,
     "preferencia": 16
    },
    {
     "id": "12",
     "limite": 5,
     "preferencia": 4
    },
    {
     "id": "20",
     "limite": 5,
     "preferencia": 4
    },
    {
     "id": "1",
     "limite": 5,
     "preferencia": 4
    },
    {
     "id": "3",
     "limite": 5,
     "preferencia": 256
    },
    {
     "id": "21",
     "limite": 5,
     "preferencia": 8
    },
    {
     "id": "17",
     "limite": 5,
     "preferencia": 32
    },
    {
     "id": "11",
     "limite": 5,
     "preferencia": 4
    },
    {
     "id": "8",
     "limite": 5,
     "preferencia": 16
    },
    {
     "id": "5",
     "limite": 5,
     "preferencia": 2
    },
    {
     "id": "6",
     "limite": 5,
     "preferencia": 256
    },
    {
     "id": "25",
     "limite": 5,
     "preferencia": 256
    },
    {
     "id": "2",
     "limite": 5,
     "preferencia": 2
    },
    {
     "id": "13",
     "limite": 5,
     "preferencia": 256
    },
    {
     "id": "9",
     "limite": 5,
     "preferencia": 256
    },
    {
     "id": "15",
     "limite": 5,
     "preferencia": 128
    },
    {
     "id": "23",
     "limite": 5,
     "preferencia": 256
    }
   ],
   "bloques": [
    {
     "id": "3",
     "preferencia": 32
    },
    {
     "id": "22",
     "preferencia": 64
    },
    {
     "id": "1",
     "preferencia": 2
    },
    {
     "id": "2",
     "preferencia": 128
    },
    {
     "id": "11",
     "preferencia": 256
    },
    {
     "id": "6",
     "preferencia": 8
    },
    {
     "id": "17",
     "preferencia": 8
    },
    {
     "id": "21",
     "preferencia": 2
    },
    {
     "id": "24",
     "preferencia": 1
    },
    {
     "id": "20",
     "preferencia": 4
    },
    {
     "id": "16",
     "preferencia": 16
    },
    {
     "id": "14",
     "preferencia": 2
    },
    {
     "id": "8",
     "preferencia": 4
    },
    {
     "id": "9",
     "preferencia": 1
    },
    {
     "id": "10",
     "preferencia": 16
    },
    {
     "id": "7",
     "preferencia": 512
    },
    {
     "id": "23",
     "preferencia": 256
    },
    {
     "id": "4",
     "preferencia": 512
    },
    {
     "id": "13",
     "preferencia": 8
    },
    {
     "id": "19",
     "preferencia": 128
    },
    {
     "id": "12",
     "preferencia": 1
    },
    {
     "id": "15",
     "preferencia": 32
    },
    {
     "id": "18",
     "preferencia": 512
    },
    {
     "id": "25",
     "preferencia": 256
    },
    {
     "id": "5",
     "preferencia": 16
    }
   ]
  },
  {
   "id": "13",
   "nombre": "13",
   "clases": 1,
   "materias": [
    {
     "id": "18",
     "limite": 5,
     "preferencia": 16
    },
    {
     "id": "13",
     "limite": 5,
     "preferencia": 1
    },
    {
     "id": "19",
     "limite": 5,
     "preferencia": 512
    },
    {
     "id": "10",
     "limite": 5,
     "preferencia": 4
    },
    {
     "id": "4",
     "limite": 5,
     "preferencia": 16
    },
    {
     "id": "16",
     "limite": 5,
     "preferencia": 1
    },
    {
     "id": "6",
     "limite": 5,
     "preferencia": 128
    },
    {
     "id": "23",
     "limite": 5,
     "preferencia": 512
    },
    {
     "id": "14",
     "limite": 5,
     "preferencia": 1
    },
    {
     "id": "5",
     "limite": 5,
     "preferencia": 16
    },
    {
     "id": "3",
     "limite": 5,
     "preferencia": 1
    },
    {
     "id": "2",
     "limite": 5,
     "preferencia": 1
    },
    {
     "id": "12",
     "limite": 5,
     "preferencia": 4
    },
    {
     "id": "21",
     "limite": 5,
     "preferencia": 512
    },
    {
     "id": "15",
     "limite": 5,
     "preferencia": 64
    },
    {
     "id": "8",
     "limite": 5,
     "preferencia": 128
    },
    {
     "id": "9",
     "limite": 5,
     "preferencia": 64
    },
    {
     "id": "17",
     "limite": 5,
     "preferencia": 2
    },
    {
     "id": "24",
     "limite": 5,
     "preferencia": 4
    },
    {
     "id": "25",
     "limite": 5,
     "preferencia": 128
    },
    {
     "id": "22",
     "limite": 5,
     "preferencia": 64
    },
    {
     "id": "1",
     "limite": 5,
     "preferencia": 1
    },
    {
     "id": "11",
     "limite": 5,
     "preferencia": 128
    },
    {
     "id": "7",
     "limite": 5,
     "preferencia": 256
    },
    {
     "id": "20",
     "limite": 5,
     "preferencia": 16
    }
   ],
   "bloques": [
    {
     "id": "1",
     "preferencia": 256
    },
    {
     "id": "16",
     "preferencia": 64
    },
    {
     "id": "23",
     "preferencia": 512
    },
    {
     "id": "13",
     "preferencia": 4
    },
    {
     "id": "10",
     "preferencia": 256
    },
    {
     "id": "9",
     "preferencia": 256
    },
    {
     "id": "2",
     "preferencia": 2
    },
    {
     "id": "3",
     "preferencia": 128
    },
    {
     "id": "22",
     "preferencia": 512
    },
    {
     "id": "24",
     "preferencia": 1
    },
    {
     "id": "4",
     "preferencia": 2
    },
    {
     "id": "5",
     "preferencia": 512
    },
    {
     "id": "11",
     "preferencia": 4
    },
    {
     "id": "19",
     "preferencia": 2
    },
    {
     "id": "7",
     "preferencia": 64
    },
    {
     "id": "21",
     "preferencia": 4
    },
    {
     "id": "8",
     "preferencia": 2
    },
    {
     "id": "6",
     "preferencia": 16
    },
    {
     "id": "17",
     "preferencia": 4
    },
    {
     "id": "15",
     "preferencia": 256
    },
    {
     "id": "14",
     "preferencia": 4
    },
    {
     "id": "12",
     "preferencia": 4
    },
    {
     "id": "18",
     "preferencia": 512
    },
    {
     "id": "25",
     "preferencia": 8
    },
    {
     "id": "20",
     "preferencia": 32
    }
   ]
  },
  {
   "id": "14",
   "nombre": "14",
   "clases": 1,
   "materias": [
    {
     "id": "24",
     "limite": 5,
     "preferencia": 128
    },
    {
     "id": "23",
     "limite": 5,
     "preferencia": 256
    },
    {
     "id": "15",
     "limite": 5,
     "preferencia": 8
    },
    {
     "id": "17",
     "limite": 5,
     "preferencia": 1
    },
    {
     "id": "7",
     "limite": 5,
     "preferencia": 64
    },
    {
     "id": "3",
     "limite": 5,
     "preferencia": 32
    },
    {
     "id": "9",
     "limite": 5,
     "preferencia": 16
    },
    {
     "id": "16",
     "limite": 5,
     "preferencia": 8
    },
    {
     "id": "21",
     "limite": 5,
     "preferencia": 256
    },
    {
     "id": "14",
     "limite": 5,
     "preferencia": 16
    },
    {
     "id": "11",
     "limite": 5,
     "preferencia": 2
    },
    {
     "id": "10",
     "limite": 5,
     "preferencia": 1
    },
    {
     "id": "6",
     "limite": 5,
     "preferencia": 512
    },
    {
     "id": "20",
     "limite": 5,
     "preferencia": 512
    },
    {
     "id": "19",
     "limite": 5,
     "preferencia": 128
    },
    {
     "id": "5",
     "limite": 5,
     "preferencia": 16
    },
    {
     "id": "1",
     "limite": 5,
     "preferencia": 32
    },
    {
     "id": "13",
     "limite": 5,
     "preferencia": 1
    },
    {
     "id": "25",
     "limite": 5,
     "preferencia": 512
    },
    {
     "id": "4",
     "limite": 5,
     "preferencia": 4
    },
    {
     "id": "22",
     "limite": 5,
     "preferencia": 8
    },
    {
     "id": "12",
     "limite": 5,
     "preferencia": 512
    },
    {
     "id": "2",
     "limite": 5,
     "preferencia": 4
    },
    {
     "id": "18",
     "limite": 5,
     "preferencia": 64
    },
    {
     "id": "8",
     "limite": 5,
     "preferencia": 256
    }
   ],
   "bloques": [
    {
     "id": "9",
     "preferencia": 16
    },
    {
     "id": "5",
     "preferencia": 16
    },
    {
     "id": "23",
     "preferencia": 256
    },
    {
     "id": "21",
     "preferencia": 4
    },
    {
     "id": "17",
     "preferencia": 64
    },
    {
     "id": "12",
     "preferencia": 32
    },
    {
     "id": "11",
     "preferencia": 256
    },
    {
     "id": "7",
     "preferencia": 16
    },
    {
     "id": "18",
     "preferencia": 64
    },
    {
     "id": "16",
     "preferencia": 64
    },
    {
     "id": "13",
     "preferencia": 16
    },
    {
     "id": "6",
     "preferencia": 16
    },
    {
     "id": "15",
     "preferencia": 16
    },
    {
     "id": "1",
     "preferencia": 256
    },
    {
     "id": "24",
     "preferencia": 1
    },
    {
     "id": "20",
     "preferencia": 4
    },
    {
     "id": "14",
     "preferencia": 128
    },
    {
     "id": "10",
     "preferencia": 256
    },
    {
     "id": "25",
     "preferencia": 1
    },
    {
     "id": "3",
     "preferencia": 64
    },
    {
     "id": "4",
     "preferencia": 512
    },
    {
     "id": "2",
     "preferencia": 16
    },
    {
     "id": "22",
     "preferencia": 128
    },
    {
     "id": "19",
     "preferencia": 512
    },
    {
     "id": "8",
     "preferencia": 2
    }
   ]
  },
  {
   "id": "15",
   "nombre": "15",
   "clases": 1,
   "materias": [
    {
     "id": "18",
     "limite": 5,
     "preferencia": 128
    },
    {
     "id": "11",
     "limite": 5,
     "preferencia": 1
    },
    {
     "id": "23",
     "limite": 5,
     "preferencia": 1
    },
    {
     "id": "2",
     "limite": 5,
     "preferencia": 2
    },
    {
     "id": "1",
     "limite": 5,
     "preferencia": 8
    },
    {
     "id": "13",
     "limite": 5,
     "preferencia": 256
    },
    {
     "id": "22",
     "limite": 5,
     "preferencia": 32
    },
    {
     "id": "5",
     "limite": 5,
     "preferencia": 4
    },
    {
     "id": "15",
     "limite": 5,
     "preferencia": 256
    },
    {
     "id": "4",
     "limite": 5,
     "preferencia": 8
    },
    {
     "id": "6",
     "limite": 5,
     "preferencia": 16
    },
    {
     "id": "21",
     "limite": 5,
     "preferencia": 32
    },
    {
     "id": "9",
     "limite": 5,
     "preferencia": 1
    },
    {
     "id": "17",
     "limite": 5,
     "preferencia": 8
    },
    {
     "id": "12",
     "limite": 5,
     "preferencia": 4
    },
    {
     "id": "20",
     "limite": 5,
     "preferencia": 128
    },
    {
     "id": "3",
     "limite": 5,
     "preferencia": 2
    },
    {
     "id": "8",
     "limite": 5,
     "preferencia": 2
    },
    {
     "id": "14",
     "limite": 5,
     "preferencia": 16
    },
    {
     "id": "24",
     "limite": 5,
     "preferencia": 8
    },
    {
     "id": "16",
     "limite": 5,
     "preferencia": 64
    },
    {
     "id": "7",
     "limite": 5,
     "preferencia": 8
    },
    {
     "id": "25",
     "limite": 5,
     "preferencia": 8
    },
    {
     "id": "19",
     "limite": 5,
     "preferencia": 256
    },
    {
     "id": "10",
     "limite": 5,
     "preferencia": 128
    }
   ],
   "bloques": [
    {
     "id": "10",
     "preferencia": 256
    },
    {
     "id": "20",
     "preferencia": 64
    },
    {
     "id": "19",
     "preferencia": 4
    },
    {
     "id": "8",
     "preferencia": 1
    },
    {
     "id": "1",
     "preferencia": 64
    },
    {
     "id": "5",
     "preferencia": 2
    },
    {
     "id": "22",
     "preferencia": 2
    },
    {
     "id": "16",
     "preferencia": 128
    },
    {
     "id": "12",
     "preferencia": 16
    },
    {
     "id": "24",
     "preferencia": 64
    },
    {
     "id": "4",
     "preferencia": 8
    },
    {
     "id": "14",
     "preferencia": 8
    },
    {
     "id": "21",
     "preferencia": 2
    },
    {
     "id": "7",
     "preferencia": 64
    },
    {
     "id": "2",
     "preferencia": 8
    },
    {
     "id": "11",
     "preferencia": 4
    },
    {
     "id": "15",
     "preferencia": 8
    },
    {
     "id": "6",
     "preferencia": 16
    },
    {
     "id": "18",
     "preferencia": 16
    },
    {
     "id": "3",
     "preferencia": 64
    },
    {
     "id": "17",
     "preferencia": 32
    },
    {
     "id": "25",
     "preferencia": 4
    },
    {
     "id": "13",
     "preferencia": 32
    },
    {
     "id": "23",
     "preferencia": 256
    },
    {
     "id": "9",
     "preferencia": 64
    }
   ]
  },
  {
   "id": "16",
   "nombre": "16",
   "clases": 1,
   "materias": [
    {
     "id": "9",
     "limite": 5,
     "preferencia": 8
    },
    {
     "id": "8",
     "limite": 5,
     "preferencia": 32
    },
    {
     "id": "23",
     "limite": 5,
     "preferencia": 64
    },
    {
     "id": "25",
     "limite": 5,
     "preferencia": 512
    },
    {
     "id": "21",
     "limite": 5,
     "preferencia": 8
    },
    {
     "id": "24",
     "limite": 5,
     "preferencia": 2
    },
    {
     "id": "3",
     "limite": 5,
     "preferencia": 32
    },
    {
     "id": "16",
     "limite": 5,
     "preferencia": 8
    },
    {
     "id": "14",
     "limite": 5,
     "preferencia": 64
    },
    {
     "id": "22",
     "limite": 5,
     "preferencia": 32
    },
    {
     "id": "18",
     "limite": 5,
     "preferencia": 16
    },
    {
     "id": "20",
     "limite": 5,
     "preferencia": 2
    },
    {
     "id": "2",
     "limite": 5,
     "preferencia": 512
    },
    {
     "id": "10",
     "limite": 5,
     "preferencia": 2
    },
    {
     "id": "15",
     "limite": 5,
     "preferencia": 64
    },
    {
     "id": "13",
     "limite": 5,
     "preferencia": 2
    },
    {
     "id": "6",
     "limite": 5,
     "preferencia": 256
    },
    {
     "id": "17",
     "limite": 5,
     "preferencia": 4
    },
    {
     "id": "4",
     "limite": 5,
     "preferencia": 4
    },
    {
     "id": "5",
     "limite": 5,
     "preferencia": 1
    },
    {
     "id": "19",
     "limite": 5,
     "preferencia": 32
    },
    {
     "id": "7",
     "limite": 5,
     "preferencia": 32
    },
    {
     "id": "11",
     "limite": 5,
     "preferencia": 16
    },
    {
     "id": "1",
     "limite": 5,
     "preferencia": 4
    },
    {
     "id": "12",
     "limite": 5,
     "preferencia": 64
    }
   ],
   "bloques": [
    {
     "id": "12",
     "preferencia": 128
    },
    {
     "id": "10",
     "preferencia": 8
    },
    {
     "id": "18",
     "preferencia": 4
    },
    {
     "id": "23",
     "preferencia": 4
    },
    {
     "id": "14",
     "preferencia": 128
    },
    {
     "id": "19",
     "preferencia": 4
    },
    {
     "id": "15",
     "preferencia": 8
    },
    {
     "id": "1",
     "preferencia": 256
    },
    {
     "id": "8",
     "preferencia": 32
    },
    {
     "id": "9",
     "preferencia": 16
    },
    {
     "id": "13",
     "preferencia": 1
    },
    {
     "id": "17",
     "preferencia": 1
    },
    {
     "id": "7",
     "preferencia": 128
    },
    {
     "id": "22",
     "preferencia": 256
    },
    {
     "id": "5",
     "preferencia": 128
    },
    {
     "id": "2",
     "preferencia": 2
    },
    {
     "id": "11",
     "preferencia": 8
    },
    {
     "id": "16",
     "preferencia": 16
    },
    {
     "id": "21",
     "preferencia": 4
    },
    {
     "id": "3",
     "preferencia": 16
    },
    {
     "id": "20",
     "preferencia": 16
    },
    {
     "id": "6",
     "preferencia": 256
    },
    {
     "id": "25",
     "preferencia": 512
    },
    {
     "id": "4",
     "preferencia": 32
    },
    {
     "id": "24",
     "preferencia": 1
    }
   ]
  },
  {
   "id": "17",
   "nombre": "17",
   "clases": 1,
   "materias": [
    {
     "id": "25",
     "limite": 5,
     "preferencia": 64
    },
    {
     "id": "21",
     "limite": 5,
     "preferencia": 32
    },
    {
     "id": "19",
     "limite": 5,
     "preferencia": 1
    },
    {
     "id": "17",
     "limite": 5,
     "preferencia": 64
    },
    {
     "id": "7",
     "limite": 5,
     "preferencia": 256
    },
    {
     "id": "24",
     "limite": 5,
     "preferencia": 32
    },
    {
     "id": "12",
     "limite": 5,
     "preferencia": 32
    },
    {
     "id": "9",
     "limite": 5,
     "preferencia": 2
    },
    {
     "id": "15",
     "limite": 5,
     "preferencia": 16
    },
    {
     "id": "11",
     "limite": 5,
     "preferencia": 4
    },
    {
     "id": "23",
     "limite": 5,
     "preferencia": 2
    },
    {
     "id": "14",
     "limite": 5,
     "preferencia": 1
    },
    {
     "id": "20",
     "limite": 5,
     "preferencia": 256
    },
    {
     "id": "10",
     "limite": 5,
     "preferencia": 128
    },
    {
     "id": "4",
     "limite": 5,
     "preferencia": 128
    },
    {
     "id": "2",
     "limite": 5,
     "preferencia": 1
    },
    {
     "id": "3",
     "limite": 5,
     "preferencia": 64
    },
    {
     "id": "5",
     "limite": 5,
     "preferencia": 1
    },
    {
     "id": "8",
     "limite": 5,
     "preferencia": 2
    },
    {
     "id": "1",
     "limite": 5,
     "preferencia": 64
    },
    {
     "id": "16",
     "limite": 5,
     "preferencia": 16
    },
    {
     "id": "22",
     "limite": 5,
     "preferencia": 32
    },
    {
     "id": "13",
     "limite": 5,
     "preferencia": 32
    },
    {
     "id": "18",
     "limite": 5,
     "preferencia": 256
    },
    {
     "id": "6",
     "limite": 5,
     "preferencia": 16
    }
   ],
   "bloques": [
    {
     "id": "21",
     "preferencia": 128
    },
    {
     "id": "13",
     "preferencia": 512
    },
    {
     "id": "7",
     "preferencia": 64
    },
    {
     "id": "14",
     "preferencia": 8
    },
    {
     "id": "24",
     "preferencia": 4
    },
    {
     "id": "1",
     "preferencia": 256
    },
    {
     "id": "4",
     "preferencia": 1
    },
    {
     "id": "3",
     "preferencia": 256
    },
    {
     "id": "10",
     "preferencia": 32
    },
    {
     "id": "17",
     "preferencia": 2
    },
    {
     "id": "8",
     "preferencia": 512
    },
    {
     "id": "11",
     "preferencia": 1
    },
    {
     "id": "9",
     "preferencia": 16
    },
    {
     "id": "23",
     "preferencia": 32
    },
    {
     "id": "20",
     "preferencia": 8
    },
    {
     "id": "6",
     "preferencia": 128
    },
    {
     "id": "18",
     "preferencia": 16
    },
    {
     "id": "2",
     "preferencia": 16
    },
    {
     "id": "5",
     "preferencia": 4
    },
    {
     "id": "22",
     "preferencia": 2
    },
    {
     "id": "25",
     "preferencia": 512
    },
    {
     "id": "12",
     "preferencia": 2
    },
    {
     "id": "19",
     "preferencia": 4
    },
    {
     "id": "15",
     "preferencia": 512
    },
    {
     "id": "16",
     "preferencia": 8
    }
   ]
  },
  {
   "id": "18",
   "nombre": "18",
   "clases": 1,
   "materias": [
    {
     "id": "1",
     "limite": 5,
     "preferencia": 1
    },
    {
     "id": "16",
     "limite": 5,
     "preferencia": 16
    },
    {
     "id": "11",
     "limite": 5,
     "preferencia": 4
    },
    {
     "id": "22",
     "limite": 5,
     "preferencia": 16
    },
    {
     "id": "19",
     "limite": 5,
     "preferencia": 8
    },
    {
     "id": "2",
     "limite": 5,
     "preferencia": 64
    },
    {
     "id": "17",
     "limite": 5,
     "preferencia": 32
    },
    {
     "id": "13",
     "limite": 5,
     "preferencia": 8
    },
    {
     "id": "12",
     "limite": 5,
     "preferencia": 1
    },
    {
     "id": "5",
     "limite": 5,
     "preferencia": 8
    },
    {
     "id": "14",
     "limite": 5,
     "preferencia": 8
    },
    {
     "id": "3",
     "limite": 5,
     "preferencia": 4
    },
    {
     "id": "10",
     "limite": 5,
     "preferencia": 8
    },
    {
     "id": "4",
     "limite": 5,
     "preferencia": 256
    },
    {
     "id": "7",
     "limite": 5,
     "preferencia": 512
    },
    {
     "id": "8",
     "limite": 5,
     "preferencia": 512
    },
    {
     "id": "9",
     "limite": 5,
     "preferencia": 256
    },
    {
     "id": "6",
     "limite": 5,
     "preferencia": 256
    },
    {
     "id": "20",
     "limite": 5,
     "preferencia": 4
    },
    {
     "id": "18",
     "limite": 5,
     "preferencia": 64
    },
    {
     "id": "21",
     "limite": 5,
     "preferencia": 2
    },
    {
     "id": "15",
     "limite": 5,
     "preferencia": 1
    },
    {
     "id": "24",
     "limite": 5,
     "preferencia": 32
    },
    {
     "id": "23",
     "limite": 5,
     "preferencia": 1
    },
    {
     "id": "25",
     "limite": 5,
     "preferencia": 2
    }
   ],
   "bloques": [
    {
     "id": "3",
     "preferencia": 128
    },
    {
     "id": "17",
     "preferencia": 64
    },
    {
     "id": "25",
     "preferencia": 1
    },
    {
     "id": "7",
     "preferencia": 32
    },
    {
     "id": "1",
     "preferencia": 8
    },
    {
     "id": "18",
     "preferencia": 64
    },
    {
     "id": "12",
     "preferencia": 64
    },
    {
     "id": "6",
     "preferencia": 2
    },
    {
     "id": "11",
     "preferencia": 1
    },
    {
     "id": "15",
     "preferencia": 256
    },
    {
     "id": "16",
     "preferencia": 256
    },
    {
     "id": "4",
     "preferencia": 8
    },
    {
     "id": "19",
     "preferencia": 512
    },
    {
     "id": "20",
     "preferencia": 256
    },
    {
     "id": "21",
     "preferencia": 512
    },
    {
     "id": "22",
     "preferencia": 4
    },
    {
     "id": "8",
     "preferencia": 128
    },
    {
     "id": "10",
     "preferencia": 8
    },
    {
     "id": "23",
     "preferencia": 16
    },
    {
     "id": "14",
     "preferencia": 256
    },
    {
     "id": "9",
     "preferencia": 64
    },
    {
     "id": "13",
     "preferencia": 64
    },
    {
     "id": "24",
     "preferencia": 64
    },
    {
     "id": "2",
     "preferencia": 1
    },
    {
     "id": "5",
     "preferencia": 64
    }
   ]
  },
  {
   "id": "19",
   "nombre": "19",
   "clases": 1,
   "materias": [
    {
     "id": "11",
     "limite": 5,
     "preferencia": 32
    },
    {
     "id": "9",
     "limite": 5,
     "preferencia": 256
    },
    {
     "id": "8",
     "limite": 5,
     "preferencia": 1
    },
    {
     "id": "20",
     "limite": 5,
     "preferencia": 2
    },
    {
     "id": "16",
     "limite": 5,
     "preferencia": 8
    },
    {
     "id": "13",
     "limite": 5,
     "preferencia": 512
    },
    {
     "id": "24",
     "limite": 5,
     "preferencia": 4
    },
    {
     "id": "5",
     "limite": 5,
     "preferencia": 8
    },
    {
     "id": "15",
     "limite": 5,
     "preferencia": 16
    },
    {
     "id": "22",
     "limite": 5,
     "preferencia": 1
    },
    {
     "id": "19",
     "limite": 5,
     "preferencia": 2
    },
    {
     "id": "18",
     "limite": 5,
     "preferencia": 1
    },
    {
     "id": "3",
     "limite": 5,
     "preferencia": 64
    },
    {
     "id": "23",
     "limite": 5,
     "preferencia": 2
    },
    {
     "id": "2",
     "limite": 5,
     "preferencia": 512
    },
    {
     "id": "17",
     "limite": 5,
     "preferencia": 128
    },
    {
     "id": "25",
     "limite": 5,
     "preferencia": 4
    },
    {
     "id": "6",
     "limite": 5,
     "preferencia": 1
    },
    {
     "id": "21",
     "limite": 5,
     "preferencia": 32
    },
    {
     "id": "14",
     "limite": 5,
     "preferencia": 16
    },
    {
     "id": "1",
     "limite": 5,
     "preferencia": 16
    },
    {
     "id": "4",
     "limite": 5,
     "preferencia": 4
    },
    {
     "id": "7",
     "limite": 5,
     "preferencia": 8
    },
    {
     "id": "10",
     "limite": 5,
     "preferencia": 32
    },
    {
     "id": "12",
     "limite": 5,
     "preferencia": 1
    }
   ],
   "bloques": [
    {
     "id": "23",
     "preferencia": 16
    },
    {
     "id": "24",
     "preferencia": 128
    },
    {
     "id": "11",
     "preferencia": 1
    },
    {
     "id": "19",
     "preferencia": 16
    },
    {
     "id": "20",
     "preferencia": 32
    },
    {
     "id": "12",
     "preferencia": 32
    },
    {
     "id": "21",
     "preferencia": 8
    },
    {
     "id": "5",
     "preferencia": 8
    },
    {
     "id": "4",
     "preferencia": 512
    },
    {
     "id": "8",
     "preferencia": 512
    },
    {
     "id": "25",
     "preferencia": 128
    },
    {
     "id": "14",
     "preferencia": 16
    },
    {
     "id": "9",
     "preferencia": 32
    },
    {
     "id": "18",
     "preferencia": 256
    },
    {
     "id": "10",
     "preferencia": 8
    },
    {
     "id": "15",
     "preferencia": 16
    },
    {
     "id": "2",
     "preferencia": 8
    },
    {
     "id": "16",
     "preferencia": 1
    },
    {
     "id": "7",
     "preferencia": 2
    },
    {
     "id": "13",
     "preferencia": 2
    },
    {
     "id": "1",
     "preferencia": 2
    },
    {
     "id": "6",
     "preferencia": 1
    },
    {
     "id": "3",
     "preferencia": 4
    },
    {
     "id": "22",
     "preferencia": 8
    },
    {
     "id": "17",
     "preferencia": 2
    }
   ]
  },
  {
   "id": "20",
   "nombre": "20",
   "clases": 1,
   "materias": [
    {
     "id": "3",
     "limite": 5,
     "preferencia": 4
    },
    {
     "id": "9",
     "limite": 5,
     "preferencia": 1
    },
    {
     "id": "12",
     "limite": 5,
     "preferencia": 64
    },
    {
     "id": "17",
     "limite": 5,
     "preferencia": 1
    },
    {
     "id": "25",
     "limite": 5,
     "preferencia": 128
    },
    {
     "id": "10",
     "limite": 5,
     "preferencia": 64
    },
    {
     "id": "24",
     "limite": 5,
     "preferencia": 16
    },
    {
     "id": "18",
     "limite": 5,
     "preferencia": 512
    },
    {
     "id": "11",
     "limite": 5,
     "preferencia": 64
    },
    {
     "id": "22",
     "limite": 5,
     "preferencia": 128
    },
    {
     "id": "4",
     "limite": 5,
     "preferencia": 4
    },
    {
     "id": "8",
     "limite": 5,
     "preferencia": 4
    },
    {
     "id": "7",
     "limite": 5,
     "preferencia": 2
    },
    {
     "id": "5",
     "limite": 5,
     "preferencia": 2
    },
    {
     "id": "6",
     "limite": 5,
     "preferencia": 32
    },
    {
     "id": "1",
     "limite": 5,
     "preferencia": 16
    },
    {
     "id": "19",
     "limite": 5,
     "preferencia": 4
    },
    {
     "id": "13",
     "limite": 5,
     "preferencia": 256
    },
    {
     "id": "2",
     "limite": 5,
     "preferencia": 8
    },
    {
     "id": "21",
     "limite": 5,
     "preferencia": 64
    },
    {
     "id": "23",
     "limite": 5,
     "preferencia": 4
    },
    {
     "id": "16",
     "limite": 5,
     "preferencia": 1
    },
    {
     "id": "14",
     "limite": 5,
     "preferencia": 512
    },
    {
     "id": "20",
     "limite": 5,
     "preferencia": 64
    },
    {
     "id": "15",
     "limite": 5,
     "preferencia": 512
    }
   ],
   "bloques": [
    {
     "id": "16",
     "preferencia": 256
    },
    {
     "id": "17",
     "preferencia": 32
    },
    {
     "id": "21",
     "preferencia": 32
    },
    {
     "id": "23",
     "preferencia": 256
    },
    {
     "id": "15",
     "preferencia": 32
    },
    {
     "id": "22",
     "preferencia": 16
    },
    {
     "id": "1",
     "preferencia": 512
    },
    {
     "id": "14",
     "preferencia": 1
    },
    {
     "id": "11",
     "preferencia": 256
    },
    {
     "id": "13",
     "preferencia": 256
    },
    {
     "id": "2",
     "preferencia": 1
    },
    {
     "id": "4",
     "preferencia": 16
    },
    {
     "id": "7",
     "preferencia": 128
    },
    {
     "id": "3",
     "preferencia": 64
    },
    {
     "id": "8",
     "preferencia": 256
    },
    {
     "id": "25",
     "preferencia": 128
    },
    {
     "id": "6",
     "preferencia": 256
    },
    {
     "id": "20",
     "preferencia": 512
    },
    {
     "id": "5",
     "preferencia": 2
    },
    {
     "id": "24",
     "preferencia": 512
    },
    {
     "id": "10",
     "preferencia": 256
    },
    {
     "id": "19",
     "preferencia": 512
    },
    {
     "id": "18",
     "preferencia": 128
    },
    {
     "id": "12",
     "preferencia": 64
    },
    {
     "id": "9",
     "preferencia": 64
    }
   ]
  },
  {
   "id": "21",
   "nombre": "21",
   "clases": 1,
   "materias": [
    {
     "id": "3",
     "limite": 5,
     "preferencia": 32
    },
    {
     "id": "17",
     "limite": 5,
     "preferencia": 8
    },
    {
     "id": "22",
     "limite": 5,
     "preferencia": 512
    },
    {
     "id": "12",
     "limite": 5,
     "preferencia": 4
    },
    {
     "id": "4",
     "limite": 5,
     "preferencia": 4
    },
    {
     "id": "6",
     "limite": 5,
     "preferencia": 2
    },
    {
     "id": "25",
     "limite": 5,
     "preferencia": 4
    },
    {
     "id": "8",
     "limite": 5,
     "preferencia": 4
    },
    {
     "id": "13",
     "limite": 5,
     "preferencia": 256
    },
    {
     "id": "21",
     "limite": 5,
     "preferencia": 512
    },
    {
     "id": "19",
     "limite": 5,
     "preferencia": 4
    },
    {
     "id": "18",
     "limite": 5,
     "preferencia": 16
    },
    {
     "id": "5",
     "limite": 5,
     "preferencia": 16
    },
    {
     "id": "23",
     "limite": 5,
     "preferencia": 2
    },
    {
     "id": "10",
     "limite": 5,
     "preferencia": 256
    },
    {
     "id": "24",
     "limite": 5,
     "preferencia": 64
    },
    {
     "id": "7",
     "limite": 5,
     "preferencia": 16
    },
    {
     "id": "11",
     "limite": 5,
     "preferencia": 256
    },
    {
     "id": "9",
     "limite": 5,
     "preferencia": 2
    },
    {
     "id": "20",
     "limite": 5,
     "preferencia": 32
    },
    {
     "id": "14",
     "limite": 5,
     "preferencia": 32
    },
    {
     "id": "1",
     "limite": 5,
     "preferencia": 512
    },
    {
     "id": "15",
     "limite": 5,
     "preferencia": 8
    },
    {
     "id": "16",
     "limite": 5,
     "preferencia": 128
    },
    {
     "id": "2",
     "limite": 5,
     "preferencia": 32
    }
   ],
   "bloques": [
    {
     "id": "25",
     "preferencia": 32
    },
    {
     "id": "8",
     "preferencia": 8
    },
    {
     "id": "11",
     "preferencia": 64
    },
    {
     "id": "19",
     "preferencia": 16
    },
    {
     "id": "6",
     "preferencia": 2
    },
    {
     "id": "20",
     "preferencia": 32
    },
    {
     "id": "7",
     "preferencia": 1
    },
    {
     "id": "4",
     "preferencia": 16
    },
    {
     "id": "9",
     "preferencia": 32
    },
    {
     "id": "13",
     "preferencia": 2
    },
    {
     "id": "12",
     "preferencia": 4
    },
    {
     "id": "16",
     "preferencia": 512
    },
    {
     "id": "17",
     "preferencia": 128
    },
    {
     "id": "15",
     "preferencia": 4
    },
    {
     "id": "22",
     "preferencia": 32
    },
    {
     "id": "14",
     "preferencia": 2
    },
    {
     "id": "10",
     "preferencia": 16
    },
    {
     "id": "18",
     "preferencia": 64
    },
    {
     "id": "2",
     "preferencia": 128
    },
    {
     "id": "23",
     "preferencia": 1
    },
    {
     "id": "5",
     "preferencia": 1
    },
    {
     "id": "3",
     "preferencia": 256
    },
    {
     "id": "24",
     "preferencia": 128
    },
    {
     "id": "1",
     "preferencia": 64
    },
    {
     "id": "21",
     "preferencia": 256
    }
   ]
  },
  {
   "id": "22",
   "nombre": "22",
   "clases": 1,
   "materias": [
    {
     "id": "15",
     "limite": 5,
     "preferencia": 4
    },
    {
     "id": "18",
     "limite": 5,
     "preferencia": 256
    },
    {
     "id": "4",
     "limite": 5,
     "preferencia": 512
    },
    {
     "id": "6",
     "limite": 5,
     "preferencia": 4
    },
    {
     "id": "23",
     "limite": 5,
     "preferencia": 2
    },
    {
     "id": "25",
     "limite": 5,
     "preferencia": 256
    },
    {
     "id": "22",
     "limite": 5,
     "preferencia": 1
    },
    {
     "id": "9",
     "limite": 5,
     "preferencia": 8
    },
    {
     "id": "24",
     "limite": 5,
     "preferencia": 256
    },
    {
     "id": "17",
     "limite": 5,
     "preferencia": 64
    },
    {
     "id": "13",
     "limite": 5,
     "preferencia": 4
    },
    {
     "id": "11",
     "limite": 5,
     "preferencia": 2
    },
    {
     "id": "10",
     "limite": 5,
     "preferencia": 4
    },
    {
     "id": "16",
     "limite": 5,
     "preferencia": 128
    },
    {
     "id": "21",
     "limite": 5,
     "preferencia": 64
    },
    {
     "id": "8",
     "limite": 5,
     "preferencia": 64
    },
    {
     "id": "1",
     "limite": 5,
     "preferencia": 8
    },
    {
     "id": "12",
     "limite": 5,
     "preferencia": 1
    },
    {
     "id": "2",
     "limite": 5,
     "preferencia": 128
    },
    {
     "id": "3",
     "limite": 5,
     "preferencia": 1
    },
    {
     "id": "14",
     "limite": 5,
     "preferencia": 8
    },
    {
     "id": "5",
     "limite": 5,
     "preferencia": 1
    },
    {
     "id": "7",
     "limite": 5,
     "preferencia": 32
    },
    {
     "id": "19",
     "limite": 5,
     "preferencia": 128
    },
    {
     "id": "20",
     "limite": 5,
     "preferencia": 2
    }
   ],
   "bloques": [
    {
     "id": "23",
     "preferencia": 8
    },
    {
     "id": "19",
     "preferencia": 8
    },
    {
     "id": "24",
     "preferencia": 8
    },
    {
     "id": "8",
     "preferencia": 32
    },
    {
     "id": "7",
     "preferencia": 32
    },
    {
     "id": "5",
     "preferencia": 64
    },
    {
     "id": "25",
     "preferencia": 8
    },
    {
     "id": "9",
     "preferencia": 8
    },
    {
     "id": "17",
     "preferencia": 64
    },
    {
     "id": "22",
     "preferencia": 4
    },
    {
     "id": "2",
     "preferencia": 256
    },
    {
     "id": "1",
     "preferencia": 64
    },
    {
     "id": "4",
     "preferencia": 32
    },
    {
     "id": "11",
     "preferencia": 32
    },
    {
     "id": "6",
     "preferencia": 4
    },
    {
     "id": "3",
     "preferencia": 1
    },
    {
     "id": "12",
     "preferencia": 2
    },
    {
     "id": "14",
     "preferencia": 256
    },
    {
     "id": "16",
     "preferencia": 128
    },
    {
     "id": "15",
     "preferencia": 4
    },
    {
     "id": "10",
     "preferencia": 512
    },
    {
     "id": "20",
     "preferencia": 1
    },
    {
     "id": "21",
     "preferencia": 128
    },
    {
     "id": "18",
     "preferencia": 4
    },
    {
     "id": "13",
     "preferencia": 32
    }
   ]
  },
  {
   "id": "23",
   "nombre": "23",
   "clases": 1,
   "materias": [
    {
     "id": "16",
     "limite": 5,
     "preferencia": 256
    },
    {
     "id": "21",
     "limite": 5,
     "preferencia": 32
    },
    {
     "id": "11",
     "limite": 5,
     "preferencia": 8
    },
    {
     "id": "10",
     "limite": 5,
     "preferencia": 2
    },
    {
     "id": "1",
     "limite": 5,
     "preferencia": 16
    },
    {
     "id": "2",
     "limite": 5,
     "preferencia": 8
    },
    {
     "id": "9",
     "limite": 5,
     "preferencia": 16
    },
    {
     "id": "23",
     "limite": 5,
     "preferencia": 4
    },
    {
     "id": "22",
     "limite": 5,
     "preferencia": 1
    },
    {
     "id": "24",
     "limite": 5,
     "preferencia": 32
    },
    {
     "id": "25",
     "limite": 5,
     "preferencia": 2
    },
    {
     "id": "18",
     "limite": 5,
     "preferencia": 16
    },
    {
     "id": "8",
     "limite": 5,
     "preferencia": 8
    },
    {
     "id": "15",
     "limite": 5,
     "preferencia": 512
    },
    {
     "id": "3",
     "limite": 5,
     "preferencia": 512
    },
    {
     "id": "4",
     "limite": 5,
     "preferencia": 128
    },
    {
     "id": "5",
     "limite": 5,
     "preferencia": 2
    },
    {
     "id": "13",
     "limite": 5,
     "preferencia": 64
    },
    {
     "id": "17",
     "limite": 5,
     "preferencia": 1
    },
    {
     "id": "20",
     "limite": 5,
     "preferencia": 512
    },
    {
     "id": "6",
     "limite": 5,
     "preferencia": 8
    },
    {
     "id": "7",
     "limite": 5,
     "preferencia": 256
    },
    {
     "id": "14",
     "limite": 5,
     "preferencia": 256
    },
    {
     "id": "19",
     "limite": 5,
     "preferencia": 512
    },
    {
     "id": "12",
     "limite": 5,
     "preferencia": 8
    }
   ],
   "bloques": [
    {
     "id": "24",
     "preferencia": 32
    },
    {
     "id": "13",
     "preferencia": 64
    },
    {
     "id": "12",
     "preferencia": 4
    },
    {
     "id": "10",
     "preferencia": 2
    },
    {
     "id": "2",
     "preferencia": 1
    },
    {
     "id": "3",
     "preferencia": 256
    },
    {
     "id": "18",
     "preferencia": 8
    },
    {
     "id": "22",
     "preferencia": 16
    },
    {
     "id": "14",
     "preferencia": 256
    },
    {
     "id": "21",
     "preferencia": 32
    },
    {
     "id": "4",
     "preferencia": 4
    },
    {
     "id": "1",
     "preferencia": 64
    },
    {
     "id": "20",
     "preferencia": 16
    },
    {
     "id": "16",
     "preferencia": 256
    },
    {
     "id": "5",
     "preferencia": 4
    },
    {
     "id": "25",
     "preferencia": 4
    },
    {
     "id": "23",
     "preferencia": 4
    },
    {
     "id": "9",
     "preferencia": 8
    },
    {
     "id": "17",
     "preferencia": 4
    },
    {
     "id": "11",
     "preferencia": 2
    },
    {
     "id": "6",
     "preferencia": 32
    },
    {
     "id": "7",
     "preferencia": 16
    },
    {
     "id": "15",
     "preferencia": 2
    },
    {
     "id": "8",
     "preferencia": 512
    },
    {
     "id": "19",
     "preferencia": 8
    }
   ]
  },
  {
   "id": "24",
   "nombre": "24",
   "clases": 1,
   "materias": [
    {
     "id": "24",
     "limite": 5,
     "preferencia": 8
    },
    {
     "id": "19",
     "limite": 5,
     "preferencia": 4
    },
    {
     "id": "8",
     "limite": 5,
     "preferencia": 4
    },
    {
     "id": "6",
     "limite": 5,
     "preferencia": 4
    },
    {
     "id": "20",
     "limite": 5,
     "preferencia": 32
    },
    {
     "id": "18",
     "limite": 5,
     "preferencia": 8
    },
    {
     "id": "2",
     "limite": 5,
     "preferencia": 8
    },
    {
     "id": "15",
     "limite": 5,
     "preferencia": 8
    },
    {
     "id": "23",
     "limite": 5,
     "preferencia": 64
    },
    {
     "id": "12",
     "limite": 5,
     "preferencia": 512
    },
    {
     "id": "13",
     "limite": 5,
     "preferencia": 16
    },
    {
     "id": "1",
     "limite": 5,
     "preferencia": 512
    },
    {
     "id": "11",
     "limite": 5,
     "preferencia": 256
    },
    {
     "id": "25",
     "limite": 5,
     "preferencia": 256
    },
    {
     "id": "4",
     "limite": 5,
     "preferencia": 128
    },
    {
     "id": "17",
     "limite": 5,
     "preferencia": 1
    },
    {
     "id": "9",
     "limite": 5,
     "preferencia": 8
    },
    {
     "id": "16",
     "limite": 5,
     "preferencia": 1
    },
    {
     "id": "3",
     "limite": 5,
     "preferencia": 64
    },
    {
     "id": "5",
     "limite": 5,
     "preferencia": 2
    },
    {
     "id": "7",
     "limite": 5,
     "preferencia": 8
    },
    {
     "id": "21",
     "limite": 5,
     "preferencia": 16
    },
    {
     "id": "10",
     "limite": 5,
     "preferencia": 128
    },
    {
     "id": "14",
     "limite": 5,
     "preferencia": 2
    },
    {
     "id": "22",
     "limite": 5,
     "preferencia": 512
    }
   ],
   "bloques": [
    {
     "id": "13",
     "preferencia": 512
    },
    {
     "id": "25",
     "preferencia": 1
    },
    {
     "id": "22",
     "preferencia": 128
    },
    {
     "id": "11",
     "preferencia": 512
    },
    {
     "id": "20",
     "preferencia": 2
    },
    {
     "id": "6",
     "preferencia": 512
    },
    {
     "id": "4",
     "preferencia": 16
    },
    {
     "id": "5",
     "preferencia": 32
    },
    {
     "id": "2",
     "preferencia": 8
    },
    {
     "id": "3",
     "preferencia": 4
    },
    {
     "id": "8",
     "preferencia": 2
    },
    {
     "id": "21",
     "preferencia": 512
    },
    {
     "id": "12",
     "preferencia": 256
    },
    {
     "id": "7",
     "preferencia": 2
    },
    {
     "id": "1",
     "preferencia": 512
    },
    {
     "id": "15",
     "preferencia": 1
    },
    {
     "id": "14",
     "preferencia": 32
    },
    {
     "id": "23",
     "preferencia": 64
    },
    {
     "id": "19",
     "preferencia": 2
    },
    {
     "id": "18",
     "preferencia": 4
    },
    {
     "id": "10",
     "preferencia": 16
    },
    {
     "id": "24",
     "preferencia": 1
    },
    {
     "id": "9",
     "preferencia": 2
    },
    {
     "id": "16",
     "preferencia": 128
    },
    {
     "id": "17",
     "preferencia": 256
    }
   ]
  },
  {
   "id": "25",
   "nombre": "25",
   "clases": 1,
   "materias": [
    {
     "id": "22",
     "limite": 5,
     "preferencia": 128
    },
    {
     "id": "20",
     "limite": 5,
     "preferencia": 16
    },
    {
     "id": "17",
     "limite": 5,
     "preferencia": 512
    },
    {
     "id": "8",
     "limite": 5,
     "preferencia": 256
    },
    {
     "id": "23",
     "limite": 5,
     "preferencia": 512
    },
    {
     "id": "19",
     "limite": 5,
     "preferencia": 64
    },
    {
     "id": "13",
     "limite": 5,
     "preferencia": 8
    },
    {
     "id": "9",
     "limite": 5,
     "preferencia": 256
    },
    {
     "id": "4",
     "limite": 5,
     "preferencia": 512
    },
    {
     "id": "10",
     "limite": 5,
     "preferencia": 512
    },
    {
     "id": "7",
     "limite": 5,
     "preferencia": 2
    },
    {
     "id": "21",
     "limite": 5,
     "preferencia": 512
    },
    {
     "id": "18",
     "limite": 5,
     "preferencia": 32
    },
    {
     "id": "11",
     "limite": 5,
     "preferencia": 4
    },
    {
     "id": "6",
     "limite": 5,
     "preferencia": 16
    },
    {
     "id": "12",
     "limite": 5,
     "preferencia": 256
    },
    {
     "id": "24",
     "limite": 5,
     "preferencia": 1
    },
    {
     "id": "3",
     "limite": 5,
     "preferencia": 256
    },
    {
     "id": "16",
     "limite": 5,
     "preferencia": 16
    },
    {
     "id": "5",
     "limite": 5,
     "preferencia": 32
    },
    {
     "id": "25",
     "limite": 5,
     "preferencia": 16
    },
    {
     "id": "2",
     "limite": 5,
     "preferencia": 256
    },
    {
     "id": "15",
     "limite": 5,
     "preferencia": 64
    },
    {
     "id": "1",
     "limite": 5,
     "preferencia": 4
    },
    {
     "id": "14",
     "limite": 5,
     "preferencia": 16
    }
   ],
   "bloques": [
    {
     "id": "25",
     "preferencia": 2
    },
    {
     "id": "23",
     "preferencia": 512
    },
    {
     "id": "9",
     "preferencia": 64
    },
    {
     "id": "16",
     "preferencia": 32
    },
    {
     "id": "18",
     "preferencia": 128
    },
    {
     "id": "19",
     "preferencia": 2
    },
    {
     "id": "14",
     "preferencia": 256
    },
    {
     "id": "4",
     "preferencia": 8
    },
    {
     "id": "1",
     "preferencia": 8
    },
    {
     "id": "3",
     "preferencia": 16
    },
    {
     "id": "7",
     "preferencia": 1
    },
    {
     "id": "24",
     "preferencia": 1
    },
    {
     "id": "10",
     "preferencia": 8
    },
    {
     "id": "17",
     "preferencia": 1
    },
    {
     "id": "11",
     "preferencia": 4
    },
    {
     "id": "5",
     "preferencia": 1
    },
    {
     "id": "20",
     "preferencia": 4
    },
    {
     "id": "6",
     "preferencia": 1
    },
    {
     "id": "22",
     "preferencia": 16
    },
    {
     "id": "13",
     "preferencia": 128
    },
    {
     "id": "12",
     "preferencia": 512
    },
    {
     "id": "21",
     "preferencia": 32
    },
    {
     "id": "15",
     "preferencia": 4
    },
    {
     "id": "8",
     "preferencia": 16
    },
    {
     "id": "2",
     "preferencia": 256
    }
   ]
  }
 ],
 "bloques": [
  {
   "id": "1",
   "nombre": "1",
   "modulos": [
    {
     "dia": "Lunes",
     "entrada": "07:00",
     "salida": "10:00"
    },
    {
     "dia": "Lunes",
     "entrada": "07:00",
     "salida": "10:00"
    },
    {
     "dia": "Lunes",
     "entrada": "07:00",
     "salida": "10:00"
    },
    {
     "dia": "Lunes",
     "entrada": "07:00",
     "salida": "10:00"
    },
    {
     "dia": "Lunes",
     "entrada": "07:00",
     "salida": "10:00"
    }
   ]
  },
  {
   "id": "2",
   "nombre": "2",
   "modulos": [
    {
     "dia": "Lunes",
     "entrada": "07:00",
     "salida": "10:00"
    },
    {
     "dia": "Lunes",
     "entrada": "07:00",
     "salida": "10:00"
    },
    {
     "dia": "Lunes",
     "entrada": "07:00",
     "salida": "10:00"
    },
    {
     "dia": "Lunes",
     "entrada": "07:00",
     "salida": "10:00"
    },
    {
     "dia": "Lunes",
     "entrada": "07:00",
     "salida": "10:00"
    }
   ]
  },
  {
   "id": "3",
   "nombre": "3",
   "modulos": [
    {
     "dia": "Lunes",
     "entrada": "07:00",
     "salida": "10:00"
    },
    {
     "dia": "Lunes",
     "entrada": "07:00",
     "salida": "10:00"
    },
    {
     "dia": "Lunes",
     "entrada": "07:00",
     "salida": "10:00"
    },
    {
     "dia": "Lunes",
     "entrada": "07:00",
     "salida": "10:00"
    },
    {
     "dia": "Lunes",
     "entrada": "07:00",
     "salida": "10:00"
    }
   ]
  },
  {
   "id": "4",
   "nombre": "4",
   "modulos": [
    {
     "dia": "Lunes",
     "entrada": "07:00",
     "salida": "10:00"
    },
    {
     "dia": "Lunes",
     "entrada": "07:00",
     "salida": "10:00"
    },
    {
     "dia": "Lunes",
     "entrada": "07:00",
     "salida": "10:00"
    },
    {
     "dia": "Lunes",
     "entrada": "07:00",
     "salida": "10:00"
    },
    {
     "dia": "Lunes",
     "entrada": "07:00",
     "salida": "10:00"
    }
   ]
  },
  {
   "id": "5",
   "nombre": "5",
   "modulos": [
    {
     "dia": "Lunes",
     "entrada": "07:00",
     "salida": "10:00"
    },
    {
     "dia": "Lunes",
     "entrada": "07:00",
     "salida": "10:00"
    },
    {
     "dia": "Lunes",
     "entrada": "07:00",
     "salida": "10:00"
    },
    {
     "dia": "Lunes",
     "entrada": "07:00",
     "salida": "10:00"
    },
    {
     "dia": "Lunes",
     "entrada": "07:00",
     "salida": "10:00"
    }
   ]
  },
  {
   "id": "6",
   "nombre": "6",
   "modulos": [
    {
     "dia": "Lunes",
     "entrada": "07:00",
     "salida": "10:00"
    },
    {
     "dia": "Lunes",
     "entrada": "07:00",
     "salida": "10:00"
    },
    {
     "dia": "Lunes",
     "entrada": "07:00",
     "salida": "10:00"
    },
    {
     "dia": "Lunes",
     "entrada": "07:00",
     "salida": "10:00"
    },
    {
     "dia": "Lunes",
     "entrada": "07:00",
     "salida": "10:00"
    }
   ]
  },
  {
   "id": "7",
   "nombre": "7",
   "modulos": [
    {
     "dia": "Lunes",
     "entrada": "07:00",
     "salida": "10:00"
    },
    {
     "dia": "Lunes",
     "entrada": "07:00",
     "salida": "10:00"
    },
    {
     "dia": "Lunes",
     "entrada": "07:00",
     "salida": "10:00"
    },
    {
     "dia": "Lunes",
     "entrada": "07:00",
     "salida": "10:00"
    },
    {
     "dia": "Lunes",
     "entrada": "07:00",
     "salida": "10:00"
    }
   ]
  },
  {
   "id": "8",
   "nombre": "8",
   "modulos": [
    {
     "dia": "Lunes",
     "entrada": "07:00",
     "salida": "10:00"
    },
    {
     "dia": "Lunes",
     "entrada": "07:00",
     "salida": "10:00"
    },
    {
     "dia": "Lunes",
     "entrada": "07:00",
     "salida": "10:00"
    },
    {
     "dia": "Lunes",
     "entrada": "07:00",
     "salida": "10:00"
    },
    {
     "dia": "Lunes",
     "entrada": "07:00",
     "salida": "10:00"
    }
   ]
  },
  {
   "id": "9",
   "nombre": "9",
   "modulos": [
    {
     "dia": "Lunes",
     "entrada": "07:00",
     "salida": "10:00"
    },
    {
     "dia": "Lunes",
     "entrada": "07:00",
     "salida": "10:00"
    },
    {
     "dia": "Lunes",
     "entrada": "07:00",
     "salida": "10:00"
    },
    {
     "dia": "Lunes",
     "entrada": "07:00",
     "salida": "10:00"
    },
    {
     "dia": "Lunes",
     "entrada": "07:00",
     "salida": "10:00"
    }
   ]
  },
  {
   "id": "10",
   "nombre": "10",
   "modulos": [
    {
     "dia": "Lunes",
     "entrada": "07:00",
     "salida": "10:00"
    },
    {
     "dia": "Lunes",
     "entrada": "07:00",
     "salida": "10:00"
    },
    {
     "dia": "Lunes",
     "entrada": "07:00",
     "salida": "10:00"
    },
    {
     "dia": "Lunes",
     "entrada": "07:00",
     "salida": "10:00"
    },
    {
     "dia": "Lunes",
     "entrada": "07:00",
     "salida": "10:00"
    }
   ]
  },
  {
   "id": "11",
   "nombre": "11",
   "modulos": [
    {
     "dia": "Lunes",
     "entrada": "07:00",
     "salida": "10:00"
    },
    {
     "dia": "Lunes",
     "entrada": "07:00",
     "salida": "10:00"
    },
    {
     "dia": "Lunes",
     "entrada": "07:00",
     "salida": "10:00"
    },
    {
     "dia": "Lunes",
     "entrada": "07:00",
     "salida": "10:00"
    },
    {
     "dia": "Lunes",
     "entrada": "07:00",
     "salida": "10:00"
    }
   ]
  },
  {
   "id": "12",
   "nombre": "12",
   "modulos": [
    {
     "dia": "Lunes",
     "entrada": "07:00",
     "salida": "10:00"
    },
    {
     "dia": "Lunes",
     "entrada": "07:00",
     "salida": "10:00"
    },
    {
     "dia": "Lunes",
     "entrada": "07:00",
     "salida": "10:00"
    },
    {
     "dia": "Lunes",
     "entrada": "07:00",
     "salida": "10:00"
    },
    {
     "dia": "Lunes",
     "entrada": "07:00",
     "salida": "10:00"
    }
   ]
  },
  {
   "id": "13",
   "nombre": "13",
   "modulos": [
    {
     "dia": "Lunes",
     "entrada": "07:00",
     "salida": "10:00"
    },
    {
     "dia": "Lunes",
     "entrada": "07:00",
     "salida": "10:00"
    },
    {
     "dia": "Lunes",
     "entrada": "07:00",
     "salida": "10:00"
    },
    {
     "dia": "Lunes",
     "entrada": "07:00",
     "salida": "10:00"
    },
    {
     "dia": "Lunes",
     "entrada": "07:00",
     "salida": "10:00"
    }
   ]
  },
  {
   "id": "14",
   "nombre": "14",
   "modulos": [
    {
     "dia": "Lunes",
     "entrada": "07:00",
     "salida": "10:00"
    },
    {
     "dia": "Lunes",
     "entrada": "07:00",
     "salida": "10:00"
    },
    {
     "dia": "Lunes",
     "entrada": "07:00",
     "salida": "10:00"
    },
    {
     "dia": "Lunes",
     "entrada": "07:00",
     "salida": "10:00"
    },
    {
     "dia": "Lunes",
     "entrada": "07:00",
     "salida": "10:00"
    }
   ]
  },
  {
   "id": "15",
   "nombre": "15",
   "modulos": [
    {
     "dia": "Lunes",
     "entrada": "07:00",
     "salida": "10:00"
    },
    {
     "dia": "Lunes",
     "entrada": "07:00",
     "salida": "10:00"
    },
    {
     "dia": "Lunes",
     "entrada": "07:00",
     "salida": "10:00"
    },
    {
     "dia": "Lunes",
     "entrada": "07:00",
     "salida": "10:00"
    },
    {
     "dia": "Lunes",
     "entrada": "07:00",
     "salida": "10:00"
    }
   ]
  },
  {
   "id": "16",
   "nombre": "16",
   "modulos": [
    {
     "dia": "Lunes",
     "entrada": "07:00",
     "salida": "10:00"
    },
    {
     "dia": "Lunes",
     "entrada": "07:00",
     "salida": "10:00"
    },
    {
     "dia": "Lunes",
     "entrada": "07:00",
     "salida": "10:00"
    },
    {
     "dia": "Lunes",
     "entrada": "07:00",
     "salida": "10:00"
    },
    {
     "dia": "Lunes",
     "entrada": "07:00",
     "salida": "10:00"
    }
   ]
  },
  {
   "id": "17",
   "nombre": "17",
   "modulos": [
    {
     "dia": "Lunes",
     "entrada": "07:00",
     "salida": "10:00"
    },
    {
     "dia": "Lunes",
     "entrada": "07:00",
     "salida": "10:00"
    },
    {
     "dia": "Lunes",
     "entrada": "07:00",
     "salida": "10:00"
    },
    {
     "dia": "Lunes",
     "entrada": "07:00",
     "salida": "10:00"
    },
    {
     "dia": "Lunes",
     "entrada": "07:00",
     "salida": "10:00"
    }
   ]
  },
  {
   "id": "18",
   "nombre": "18",
   "modulos": [
    {
     "dia": "Lunes",
     "entrada": "07:00",
     "salida": "10:00"
    },
    {
     "dia": "Lunes",
     "entrada": "07:00",
     "salida": "10:00"
    },
    {
     "dia": "Lunes",
     "entrada": "07:00",
     "salida": "10:00"
    },
    {
     "dia": "Lunes",
     "entrada": "07:00",
     "salida": "10:00"
    },
    {
     "dia": "Lunes",
     "entrada": "07:00",
     "salida": "10:00"
    }
   ]
  },
  {
   "id": "19",
   "nombre": "19",
   "modulos": [
    {
     "dia": "Lunes",
     "entrada": "07:00",
     "salida": "10:00"
    },
    {
     "dia": "Lunes",
     "entrada": "07:00",
     "salida": "10:00"
    },
    {
     "dia": "Lunes",
     "entrada": "07:00",
     "salida": "10:00"
    },
    {
     "dia": "Lunes",
     "entrada": "07:00",
     "salida": "10:00"
    },
    {
     "dia": "Lunes",
     "entrada": "07:00",
     "salida": "10:00"
    }
   ]
  },
  {
   "id": "20",
   "nombre": "20",
   "modulos": [
    {
     "dia": "Lunes",
     "entrada": "07:00",
     "salida": "10:00"
    },
    {
     "dia": "Lunes",
     "entrada": "07:00",
     "salida": "10:00"
    },
    {
     "dia": "Lunes",
     "entrada": "07:00",
     "salida": "10:00"
    },
    {
     "dia": "Lunes",
     "entrada": "07:00",
     "salida": "10:00"
    },
    {
     "dia": "Lunes",
     "entrada": "07:00",
     "salida": "10:00"
    }
   ]
  },
  {
   "id": "21",
   "nombre": "21",
   "modulos": [
    {
     "dia": "Lunes",
     "entrada": "07:00",
     "salida": "10:00"
    },
    {
     "dia": "Lunes",
     "entrada": "07:00",
     "salida": "10:00"
    },
    {
     "dia": "Lunes",
     "entrada": "07:00",
     "salida": "10:00"
    },
    {
     "dia": "Lunes",
     "entrada": "07:00",
     "salida": "10:00"
    },
    {
     "dia": "Lunes",
     "entrada": "07:00",
     "salida": "10:00"
    }
   ]
  },
  {
   "id": "22",
   "nombre": "22",
   "modulos": [
    {
     "dia": "Lunes",
     "entrada": "07:00",
     "salida": "10:00"
    },
    {
     "dia": "Lunes",
     "entrada": "07:00",
     "salida": "10:00"
    },
    {
     "dia": "Lunes",
     "entrada": "07:00",
     "salida": "10:00"
    },
    {
     "dia": "Lunes",
     "entrada": "07:00",
     "salida": "10:00"
    },
    {
     "dia": "Lunes",
     "entrada": "07:00",
     "salida": "10:00"
    }
   ]
  },
  {
   "id": "23",
   "nombre": "23",
   "modulos": [
    {
     "dia": "Lunes",
     "entrada": "07:00",
     "salida": "10:00"
    },
    {
     "dia": "Lunes",
     "entrada": "07:00",
     "salida": "10:00"
    },
    {
     "dia": "Lunes",
     "entrada": "07:00",
     "salida": "10:00"
    },
    {
     "dia": "Lunes",
     "entrada": "07:00",
     "salida": "10:00"
    },
    {
     "dia": "Lunes",
     "entrada": "07:00",
     "salida": "10:00"
    }
   ]
  },
  {
   "id": "24",
   "nombre": "24",
   "modulos": [
    {
     "dia": "Lunes",
     "entrada": "07:00",
     "salida": "10:00"
    },
    {
     "dia": "Lunes",
     "entrada": "07:00",
     "salida": "10:00"
    },
    {
     "dia": "Lunes",
     "entrada": "07:00",
     "salida": "10:00"
    },
    {
     "dia": "Lunes",
     "entrada": "07:00",
     "salida": "10:00"
    },
    {
     "dia": "Lunes",
     "entrada": "07:00",
     "salida": "10:00"
    }
   ]
  },
  {
   "id": "25",
   "nombre": "25",
   "modulos": [
    {
     "dia": "Lunes",
     "entrada": "07:00",
     "salida": "10:00"
    },
    {
     "dia": "Lunes",
     "entrada": "07:00",
     "salida": "10:00"
    },
    {
     "dia": "Lunes",
     "entrada": "07:00",
     "salida": "10:00"
    },
    {
     "dia": "Lunes",
     "entrada": "07:00",
     "salida": "10:00"
    },
    {
     "dia": "Lunes",
     "entrada": "07:00",
     "salida": "10:00"
    }
   ]
  }
 ]
}
