{
 "distribuciones": [
  {
   "bloque": {
    "id": "1",
    "nombre": "1",
    "modulos": [
     {
      "dia": "Lunes",
      "entrada": "07:00",
      "salida": "10:00"
     },
     {
      "dia": "Lunes",
      "entrada": "07:00",
      "salida": "10:00"
     },
     {
      "dia": "Lunes",
      "entrada": "07:00",
      "salida": "10:00"
     },
     {
      "dia": "Lunes",
      "entrada": "07:00",
      "salida": "10:00"
     },
     {
      "dia": "Lunes",
      "entrada": "07:00",
      "salida": "10:00"
     }
    ]
   },
   "asignaciones": [
    {
     "profesor": "367",
     "id_profesor": "367",
     "materia": "9",
     "id_materia": "9"
    },
    {
     "profesor": "31",
     "id_profesor": "31",
     "materia": "14",
     "id_materia": "14"
    },
    {
     "profesor": "140",
     "id_profesor": "140",
     "materia": "14",
     "id_materia": "14"
    },
    {
     "profesor": "9",
     "id_profesor": "9",
     "materia": "16",
     "id_materia": "16"
    },
    {
     "profesor": "266",
     "id_profesor": "266",
     "materia": "21",
     "id_materia": "21"
    },
    {
     "profesor": "306",
     "id_profesor": "306",
     "materia": "24",
     "id_materia": "24"
    },
    {
     "profesor": "12",
     "id_profesor": "12",
     "materia": "27",
     "id_materia": "27"
    },
    {
     "profesor": "2",
     "id_profesor": "2",
     "materia": "36",
     "id_materia": "36"
    },
    {
     "profesor": "121",
     "id_profesor": "121",
     "materia": "37",
     "id_materia": "37"
    },
    {
     "profesor": "120",
     "id_profesor": "120",
     "materia": "38",
     "id_materia": "38"
    },
    {
     "profesor": "19",
     "id_profesor": "19",
     "materia": "42",
     "id_materia": "42"
    },
    {
     "profesor": "240",
     "id_profesor": "240",
     "materia": "44",
     "id_materia": "44"
    },
    {
     "profesor": "211",
     "id_profesor": "211",
     "materia": "50",
     "id_materia": "50"
    },
    {
     "profesor": "52",
     "id_profesor": "52",
     "materia": "55",
     "id_materia": "55"
    },
    {
     "profesor": "1",
     "id_profesor": "1",
     "materia": "68",
     "id_materia": "68"
    },
    {
     "profesor": "32",
     "id_profesor": "32",
     "materia": "69",
     "id_materia": "69"
    },
    {
     "profesor": "92",
     "id_profesor": "92",
     "materia": "71",
     "id_materia": "71"
    },
    {
     "profesor": "20",
     "id_profesor": "20",
     "materia": "74",
     "id_materia": "74"
    },
    {
     "profesor": "125",
     "id_profesor": "125",
     "materia": "77",
     "id_materia": "77"
    },
    {
     "profesor": "4",
     "id_profesor": "4",
     "materia": "78",
     "id_materia": "78"
    },
    {
     "profesor": "366",
     "id_profesor": "366",
     "materia": "80",
     "id_materia": "80"
    },
    {
     "profesor": "258",
     "id_profesor": "258",
     "materia": "90",
     "id_materia": "90"
    },
    {
     "profesor": "6",
     "id_profesor": "6",
     "materia": "91",
     "id_materia": "91"
    },
    {
     "profesor": "75",
     "id_profesor": "75",
     "materia": "97",
     "id_materia": "97"
    },
    {
     "profesor": "10",
     "id_profesor": "10",
     "materia": "98",
     "id_materia": "98"
    }
   ]
  },
  {
   "bloque": {
    "id": "2",
    "nombre": "2",
    "modulos": [
     {
      "dia": "Lunes",
      "entrada": "07:00",
      "salida": "10:00"
     },
     {
      "dia": "Lunes",
      "entrada": "07:00",
      "salida": "10:00"
     },
     {
      "dia": "Lunes",
      "entrada": "07:00",
      "salida": "10:00"
     },
     {
      "dia": "Lunes",
      "entrada": "07:00",
      "salida": "10:00"
     },
     {
      "dia": "Lunes",
      "entrada": "07:00",
      "salida": "10:00"
     }
    ]
   },
   "asignaciones": [
    {
     "profesor": "7",
     "id_profesor": "7",
     "materia": "13",
     "id_materia": "13"
    },
    {
     "profesor": "9",
     "id_profesor": "9",
     "materia": "16",
     "id_materia": "16"
    },
    {
     "profesor": "196",
     "id_profesor": "196",
     "materia": "17",
     "id_materia": "17"
    },
    {
     "profesor": "82",
     "id_profesor": "82",
     "materia": "23",
     "id_materia": "23"
    },
    {
     "profesor": "352",
     "id_profesor": "352",
     "materia": "24",
     "id_materia": "24"
    },
    {
     "profesor": "136",
     "id_profesor": "136",
     "materia": "26",
     "id_materia": "26"
    },
    {
     "profesor": "313",
     "id_profesor": "313",
     "materia": "27",
     "id_materia": "27"
    },
    {
     "profesor": "243",
     "id_profesor": "243",
     "materia": "30",
     "id_materia": "30"
    },
    {
     "profesor": "176",
     "id_profesor": "176",
     "materia": "32",
     "id_materia": "32"
    },
    {
     "profesor": "47",
     "id_profesor": "47",
     "materia": "33",
     "id_materia": "33"
    },
    {
     "profesor": "141",
     "id_profesor": "141",
     "materia": "38",
     "id_materia": "38"
    },
    {
     "profesor": "225",
     "id_profesor": "225",
     "materia": "38",
     "id_materia": "38"
    },
    {
     "profesor": "66",
     "id_profesor": "66",
     "materia": "39",
     "id_materia": "39"
    },
    {
     "profesor": "220",
     "id_profesor": "220",
     "materia": "40",
     "id_materia": "40"
    },
    {
     "profesor": "2",
     "id_profesor": "2",
     "materia": "56",
     "id_materia": "56"
    },
    {
     "profesor": "238",
     "id_profesor": "238",
     "materia": "59",
     "id_materia": "59"
    },
    {
     "profesor": "293",
     "id_profesor": "293",
     "materia": "62",
     "id_materia": "62"
    },
    {
     "profesor": "3",
     "id_profesor": "3",
     "materia": "64",
     "id_materia": "64"
    },
    {
     "profesor": "278",
     "id_profesor": "278",
     "materia": "68",
     "id_materia": "68"
    },
    {
     "profesor": "216",
     "id_profesor": "216",
     "materia": "72",
     "id_materia": "72"
    },
    {
     "profesor": "144",
     "id_profesor": "144",
     "materia": "73",
     "id_materia": "73"
    },
    {
     "profesor": "123",
     "id_profesor": "123",
     "materia": "76",
     "id_materia": "76"
    },
    {
     "profesor": "147",
     "id_profesor": "147",
     "materia": "81",
     "id_materia": "81"
    },
    {
     "profesor": "181",
     "id_profesor": "181",
     "materia": "96",
     "id_materia": "96"
    },
    {
     "profesor": "399",
     "id_profesor": "399",
     "materia": "100",
     "id_materia": "100"
    }
   ]
  },
  {
   "bloque": {
    "id": "3",
    "nombre": "3",
    "modulos": [
     {
      "dia": "Lunes",
      "entrada": "07:00",
      "salida": "10:00"
     },
     {
      "dia": "Lunes",
      "entrada": "07:00",
      "salida": "10:00"
     },
     {
      "dia": "Lunes",
      "entrada": "07:00",
      "salida": "10:00"
     },
     {
      "dia": "Lunes",
      "entrada": "07:00",
      "salida": "10:00"
     },
     {
      "dia": "Lunes",
      "entrada": "07:00",
      "salida": "10:00"
     }
    ]
   },
   "asignaciones": [
    {
     "profesor": "271",
     "id_profesor": "271",
     "materia": "9",
     "id_materia": "9"
    },
    {
     "profesor": "168",
     "id_profesor": "168",
     "materia": "11",
     "id_materia": "11"
    },
    {
     "profesor": "100",
     "id_profesor": "100",
     "materia": "12",
     "id_materia": "12"
    },
    {
     "profesor": "4",
     "id_profesor": "4",
     "materia": "17",
     "id_materia": "17"
    },
    {
     "profesor": "364",
     "id_profesor": "364",
     "materia": "32",
     "id_materia": "32"
    },
    {
     "profesor": "7",
     "id_profesor": "7",
     "materia": "34",
     "id_materia": "34"
    },
    {
     "profesor": "381",
     "id_profesor": "381",
     "materia": "36",
     "id_materia": "36"
    },
    {
     "profesor": "370",
     "id_profesor": "370",
     "materia": "39",
     "id_materia": "39"
    },
    {
     "profesor": "129",
     "id_profesor": "129",
     "materia": "41",
     "id_materia": "41"
    },
    {
     "profesor": "25",
     "id_profesor": "25",
     "materia": "46",
     "id_materia": "46"
    },
    {
     "profesor": "386",
     "id_profesor": "386",
     "materia": "53",
     "id_materia": "53"
    },
    {
     "profesor": "253",
     "id_profesor": "253",
     "materia": "63",
     "id_materia": "63"
    },
    {
     "profesor": "3",
     "id_profesor": "3",
     "materia": "64",
     "id_materia": "64"
    },
    {
     "profesor": "276",
     "id_profesor": "276",
     "materia": "65",
     "id_materia": "65"
    },
    {
     "profesor": "356",
     "id_profesor": "356",
     "materia": "65",
     "id_materia": "65"
    },
    {
     "profesor": "111",
     "id_profesor": "111",
     "materia": "77",
     "id_materia": "77"
    },
    {
     "profesor": "396",
     "id_profesor": "396",
     "materia": "80",
     "id_materia": "80"
    }
   ]
  },
  {
   "bloque": {
    "id": "4",
    "nombre": "4",
    "modulos": [
     {
      "dia": "Lunes",
      "entrada": "07:00",
      "salida": "10:00"
     },
     {
      "dia": "Lunes",
      "entrada": "07:00",
      "salida": "10:00"
     },
     {
      "dia": "Lunes",
      "entrada": "07:00",
      "salida": "10:00"
     },
     {
      "dia": "Lunes",
      "entrada": "07:00",
      "salida": "10:00"
     },
     {
      "dia": "Lunes",
      "entrada": "07:00",
      "salida": "10:00"
     }
    ]
   },
   "asignaciones": [
    {
     "profesor": "8",
     "id_profesor": "8",
     "materia": "3",
     "id_materia": "3"
    },
    {
     "profesor": "130",
     "id_profesor": "130",
     "materia": "5",
     "id_materia": "5"
    },
    {
     "profesor": "192",
     "id_profesor": "192",
     "materia": "8",
     "id_materia": "8"
    },
    {
     "profesor": "300",
     "id_profesor": "300",
     "materia": "10",
     "id_materia": "10"
    },
    {
     "profesor": "5",
     "id_profesor": "5",
     "materia": "24",
     "id_materia": "24"
    },
    {
     "profesor": "229",
     "id_profesor": "229",
     "materia": "33",
     "id_materia": "33"
    },
    {
     "profesor": "50",
     "id_profesor": "50",
     "materia": "35",
     "id_materia": "35"
    },
    {
     "profesor": "307",
     "id_profesor": "307",
     "materia": "41",
     "id_materia": "41"
    },
    {
     "profesor": "288",
     "id_profesor": "288",
     "materia": "44",
     "id_materia": "44"
    },
    {
     "profesor": "341",
     "id_profesor": "341",
     "materia": "45",
     "id_materia": "45"
    },
    {
     "profesor": "150",
     "id_profesor": "150",
     "materia": "46",
     "id_materia": "46"
    },
    {
     "profesor": "72",
     "id_profesor": "72",
     "materia": "47",
     "id_materia": "47"
    },
    {
     "profesor": "289",
     "id_profesor": "289",
     "materia": "58",
     "id_materia": "58"
    },
    {
     "profesor": "343",
     "id_profesor": "343",
     "materia": "62",
     "id_materia": "62"
    },
    {
     "profesor": "377",
     "id_profesor": "377",
     "materia": "63",
     "id_materia": "63"
    },
    {
     "profesor": "97",
     "id_profesor": "97",
     "materia": "65",
     "id_materia": "65"
    },
    {
     "profesor": "321",
     "id_profesor": "321",
     "materia": "67",
     "id_materia": "67"
    },
    {
     "profesor": "357",
     "id_profesor": "357",
     "materia": "69",
     "id_materia": "69"
    },
    {
     "profesor": "68",
     "id_profesor": "68",
     "materia": "70",
     "id_materia": "70"
    },
    {
     "profesor": "84",
     "id_profesor": "84",
     "materia": "72",
     "id_materia": "72"
    },
    {
     "profesor": "95",
     "id_profesor": "95",
     "materia": "80",
     "id_materia": "80"
    },
    {
     "profesor": "259",
     "id_profesor": "259",
     "materia": "82",
     "id_materia": "82"
    },
    {
     "profesor": "250",
     "id_profesor": "250",
     "materia": "85",
     "id_materia": "85"
    },
    {
     "profesor": "255",
     "id_profesor": "255",
     "materia": "87",
     "id_materia": "87"
    },
    {
     "profesor": "369",
     "id_profesor": "369",
     "materia": "89",
     "id_materia": "89"
    },
    {
     "profesor": "378",
     "id_profesor": "378",
     "materia": "89",
     "id_materia": "89"
    },
    {
     "profesor": "6",
     "id_profesor": "6",
     "materia": "91",
     "id_materia": "91"
    },
    {
     "profesor": "7",
     "id_profesor": "7",
     "materia": "99",
     "id_materia": "99"
    }
   ]
  },
  {
   "bloque": {
    "id": "5",
    "nombre": "5",
    "modulos": [
     {
      "dia": "Lunes",
      "entrada": "07:00",
      "salida": "10:00"
     },
     {
      "dia": "Lunes",
      "entrada": "07:00",
      "salida": "10:00"
     },
     {
      "dia": "Lunes",
      "entrada": "07:00",
      "salida": "10:00"
     },
     {
      "dia": "Lunes",
      "entrada": "07:00",
      "salida": "10:00"
     },
     {
      "dia": "Lunes",
      "entrada": "07:00",
      "salida": "10:00"
     }
    ]
   },
   "asignaciones": [
    {
     "profesor": "45",
     "id_profesor": "45",
     "materia": "1",
     "id_materia": "1"
    },
    {
     "profesor": "244",
     "id_profesor": "244",
     "materia": "1",
     "id_materia": "1"
    },
    {
     "profesor": "336",
     "id_profesor": "336",
     "materia": "4",
     "id_materia": "4"
    },
    {
     "profesor": "6",
     "id_profesor": "6",
     "materia": "6",
     "id_materia": "6"
    },
    {
     "profesor": "1",
     "id_profesor": "1",
     "materia": "7",
     "id_materia": "7"
    },
    {
     "profesor": "5",
     "id_profesor": "5",
     "materia": "14",
     "id_materia": "14"
    },
    {
     "profesor": "198",
     "id_profesor": "198",
     "materia": "25",
     "id_materia": "25"
    },
    {
     "profesor": "284",
     "id_profesor": "284",
     "materia": "28",
     "id_materia": "28"
    },
    {
     "profesor": "291",
     "id_profesor": "291",
     "materia": "29",
     "id_materia": "29"
    },
    {
     "profesor": "8",
     "id_profesor": "8",
     "materia": "30",
     "id_materia": "30"
    },
    {
     "profesor": "347",
     "id_profesor": "347",
     "materia": "31",
     "id_materia": "31"
    },
    {
     "profesor": "210",
     "id_profesor": "210",
     "materia": "42",
     "id_materia": "42"
    },
    {
     "profesor": "261",
     "id_profesor": "261",
     "materia": "44",
     "id_materia": "44"
    },
    {
     "profesor": "189",
     "id_profesor": "189",
     "materia": "46",
     "id_materia": "46"
    },
    {
     "profesor": "308",
     "id_profesor": "308",
     "materia": "53",
     "id_materia": "53"
    },
    {
     "profesor": "38",
     "id_profesor": "38",
     "materia": "57",
     "id_materia": "57"
    },
    {
     "profesor": "13",
     "id_profesor": "13",
     "materia": "60",
     "id_materia": "60"
    },
    {
     "profesor": "351",
     "id_profesor": "351",
     "materia": "63",
     "id_materia": "63"
    },
    {
     "profesor": "154",
     "id_profesor": "154",
     "materia": "67",
     "id_materia": "67"
    },
    {
     "profesor": "74",
     "id_profesor": "74",
     "materia": "71",
     "id_materia": "71"
    },
    {
     "profesor": "11",
     "id_profesor": "11",
     "materia": "77",
     "id_materia": "77"
    },
    {
     "profesor": "76",
     "id_profesor": "76",
     "materia": "79",
     "id_materia": "79"
    },
    {
     "profesor": "205",
     "id_profesor": "205",
     "materia": "85",
     "id_materia": "85"
    },
    {
     "profesor": "17",
     "id_profesor": "17",
     "materia": "86",
     "id_materia": "86"
    },
    {
     "profesor": "286",
     "id_profesor": "286",
     "materia": "90",
     "id_materia": "90"
    },
    {
     "profesor": "7",
     "id_profesor": "7",
     "materia": "94",
     "id_materia": "94"
    },
    {
     "profesor": "22",
     "id_profesor": "22",
     "materia": "97",
     "id_materia": "97"
    },
    {
     "profesor": "10",
     "id_profesor": "10",
     "materia": "98",
     "id_materia": "98"
    },
    {
     "profesor": "318",
     "id_profesor": "318",
     "materia": "100",
     "id_materia": "100"
    }
   ]
  },
  {
   "bloque": {
    "id": "6",
    "nombre": "6",
    "modulos": [
     {
      "dia": "Lunes",
      "entrada": "07:00",
      "salida": "10:00"
     },
     {
      "dia": "Lunes",
      "entrada": "07:00",
      "salida": "10:00"
     },
     {
      "dia": "Lunes",
      "entrada": "07:00",
      "salida": "10:00"
     },
     {
      "dia": "Lunes",
      "entrada": "07:00",
      "salida": "10:00"
     },
     {
      "dia": "Lunes",
      "entrada": "07:00",
      "salida": "10:00"
     }
    ]
   },
   "asignaciones": [
    {
     "profesor": "8",
     "id_profesor": "8",
     "materia": "3",
     "id_materia": "3"
    },
    {
     "profesor": "6",
     "id_profesor": "6",
     "materia": "6",
     "id_materia": "6"
    },
    {
     "profesor": "78",
     "id_profesor": "78",
     "materia": "10",
     "id_materia": "10"
    },
    {
     "profesor": "305",
     "id_profesor": "305",
     "materia": "11",
     "id_materia": "11"
    },
    {
     "profesor": "219",
     "id_profesor": "219",
     "materia": "15",
     "id_materia": "15"
    },
    {
     "profesor": "323",
     "id_profesor": "323",
     "materia": "23",
     "id_materia": "23"
    },
    {
     "profesor": "118",
     "id_profesor": "118",
     "materia": "28",
     "id_materia": "28"
    },
    {
     "profesor": "207",
     "id_profesor": "207",
     "materia": "31",
     "id_materia": "31"
    },
    {
     "profesor": "7",
     "id_profesor": "7",
     "materia": "34",
     "id_materia": "34"
    },
    {
     "profesor": "260",
     "id_profesor": "260",
     "materia": "45",
     "id_materia": "45"
    },
    {
     "profesor": "142",
     "id_profesor": "142",
     "materia": "46",
     "id_materia": "46"
    },
    {
     "profesor": "9",
     "id_profesor": "9",
     "materia": "49",
     "id_materia": "49"
    },
    {
     "profesor": "40",
     "id_profesor": "40",
     "materia": "52",
     "id_materia": "52"
    },
    {
     "profesor": "182",
     "id_profesor": "182",
     "materia": "57",
     "id_materia": "57"
    },
    {
     "profesor": "217",
     "id_profesor": "217",
     "materia": "57",
     "id_materia": "57"
    },
    {
     "profesor": "4",
     "id_profesor": "4",
     "materia": "62",
     "id_materia": "62"
    },
    {
     "profesor": "3",
     "id_profesor": "3",
     "materia": "64",
     "id_materia": "64"
    },
    {
     "profesor": "335",
     "id_profesor": "335",
     "materia": "73",
     "id_materia": "73"
    },
    {
     "profesor": "124",
     "id_profesor": "124",
     "materia": "79",
     "id_materia": "79"
    }
   ]
  },
  {
   "bloque": {
    "id": "7",
    "nombre": "7",
    "modulos": [
     {
      "dia": "Lunes",
      "entrada": "07:00",
      "salida": "10:00"
     },
     {
      "dia": "Lunes",
      "entrada": "07:00",
      "salida": "10:00"
     },
     {
      "dia": "Lunes",
      "entrada": "07:00",
      "salida": "10:00"
     },
     {
      "dia": "Lunes",
      "entrada": "07:00",
      "salida": "10:00"
     },
     {
      "dia": "Lunes",
      "entrada": "07:00",
      "salida": "10:00"
     }
    ]
   },
   "asignaciones": [
    {
     "profesor": "81",
     "id_profesor": "81",
     "materia": "2",
     "id_materia": "2"
    },
    {
     "profesor": "183",
     "id_profesor": "183",
     "materia": "2",
     "id_materia": "2"
    },
    {
     "profesor": "39",
     "id_profesor": "39",
     "materia": "8",
     "id_materia": "8"
    },
    {
     "profesor": "171",
     "id_profesor": "171",
     "materia": "8",
     "id_materia": "8"
    },
    {
     "profesor": "202",
     "id_profesor": "202",
     "materia": "11",
     "id_materia": "11"
    },
    {
     "profesor": "195",
     "id_profesor": "195",
     "materia": "18",
     "id_materia": "18"
    },
    {
     "profesor": "239",
     "id_profesor": "239",
     "materia": "20",
     "id_materia": "20"
    },
    {
     "profesor": "152",
     "id_profesor": "152",
     "materia": "22",
     "id_materia": "22"
    },
    {
     "profesor": "319",
     "id_profesor": "319",
     "materia": "23",
     "id_materia": "23"
    },
    {
     "profesor": "2",
     "id_profesor": "2",
     "materia": "36",
     "id_materia": "36"
    },
    {
     "profesor": "64",
     "id_profesor": "64",
     "materia": "37",
     "id_materia": "37"
    },
    {
     "profesor": "151",
     "id_profesor": "151",
     "materia": "48",
     "id_materia": "48"
    },
    {
     "profesor": "9",
     "id_profesor": "9",
     "materia": "49",
     "id_materia": "49"
    },
    {
     "profesor": "354",
     "id_profesor": "354",
     "materia": "53",
     "id_materia": "53"
    },
    {
     "profesor": "389",
     "id_profesor": "389",
     "materia": "59",
     "id_materia": "59"
    },
    {
     "profesor": "310",
     "id_profesor": "310",
     "materia": "66",
     "id_materia": "66"
    },
    {
     "profesor": "187",
     "id_profesor": "187",
     "materia": "67",
     "id_materia": "67"
    },
    {
     "profesor": "63",
     "id_profesor": "63",
     "materia": "72",
     "id_materia": "72"
    },
    {
     "profesor": "257",
     "id_profesor": "257",
     "materia": "72",
     "id_materia": "72"
    },
    {
     "profesor": "1",
     "id_profesor": "1",
     "materia": "76",
     "id_materia": "76"
    },
    {
     "profesor": "53",
     "id_profesor": "53",
     "materia": "76",
     "id_materia": "76"
    },
    {
     "profesor": "119",
     "id_profesor": "119",
     "materia": "79",
     "id_materia": "79"
    },
    {
     "profesor": "178",
     "id_profesor": "178",
     "materia": "85",
     "id_materia": "85"
    },
    {
     "profesor": "215",
     "id_profesor": "215",
     "materia": "86",
     "id_materia": "86"
    },
    {
     "profesor": "3",
     "id_profesor": "3",
     "materia": "88",
     "id_materia": "88"
    },
    {
     "profesor": "7",
     "id_profesor": "7",
     "materia": "99",
     "id_materia": "99"
    },
    {
     "profesor": "35",
     "id_profesor": "35",
     "materia": "100",
     "id_materia": "100"
    }
   ]
  },
  {
   "bloque": {
    "id": "8",
    "nombre": "8",
    "modulos": [
     {
      "dia": "Lunes",
      "entrada": "07:00",
      "salida": "10:00"
     },
     {
      "dia": "Lunes",
      "entrada": "07:00",
      "salida": "10:00"
     },
     {
      "dia": "Lunes",
      "entrada": "07:00",
      "salida": "10:00"
     },
     {
      "dia": "Lunes",
      "entrada": "07:00",
      "salida": "10:00"
     },
     {
      "dia": "Lunes",
      "entrada": "07:00",
      "salida": "10:00"
     }
    ]
   },
   "asignaciones": [
    {
     "profesor": "69",
     "id_profesor": "69",
     "materia": "2",
     "id_materia": "2"
    },
    {
     "profesor": "200",
     "id_profesor": "200",
     "materia": "3",
     "id_materia": "3"
    },
    {
     "profesor": "80",
     "id_profesor": "80",
     "materia": "4",
     "id_materia": "4"
    },
    {
     "profesor": "6",
     "id_profesor": "6",
     "materia": "6",
     "id_materia": "6"
    },
    {
     "profesor": "353",
     "id_profesor": "353",
     "materia": "10",
     "id_materia": "10"
    },
    {
     "profesor": "7",
     "id_profesor": "7",
     "materia": "13",
     "id_materia": "13"
    },
    {
     "profesor": "9",
     "id_profesor": "9",
     "materia": "16",
     "id_materia": "16"
    },
    {
     "profesor": "234",
     "id_profesor": "234",
     "materia": "19",
     "id_materia": "19"
    },
    {
     "profesor": "90",
     "id_profesor": "90",
     "materia": "20",
     "id_materia": "20"
    },
    {
     "profesor": "383",
     "id_profesor": "383",
     "materia": "25",
     "id_materia": "25"
    },
    {
     "profesor": "208",
     "id_profesor": "208",
     "materia": "32",
     "id_materia": "32"
    },
    {
     "profesor": "61",
     "id_profesor": "61",
     "materia": "35",
     "id_materia": "35"
    },
    {
     "profesor": "332",
     "id_profesor": "332",
     "materia": "35",
     "id_materia": "35"
    },
    {
     "profesor": "58",
     "id_profesor": "58",
     "materia": "40",
     "id_materia": "40"
    },
    {
     "profesor": "385",
     "id_profesor": "385",
     "materia": "53",
     "id_materia": "53"
    },
    {
     "profesor": "282",
     "id_profesor": "282",
     "materia": "55",
     "id_materia": "55"
    },
    {
     "profesor": "16",
     "id_profesor": "16",
     "materia": "56",
     "id_materia": "56"
    },
    {
     "profesor": "13",
     "id_profesor": "13",
     "materia": "60",
     "id_materia": "60"
    },
    {
     "profesor": "88",
     "id_profesor": "88",
     "materia": "66",
     "id_materia": "66"
    },
    {
     "profesor": "325",
     "id_profesor": "325",
     "materia": "77",
     "id_materia": "77"
    },
    {
     "profesor": "28",
     "id_profesor": "28",
     "materia": "78",
     "id_materia": "78"
    },
    {
     "profesor": "368",
     "id_profesor": "368",
     "materia": "78",
     "id_materia": "78"
    },
    {
     "profesor": "296",
     "id_profesor": "296",
     "materia": "79",
     "id_materia": "79"
    },
    {
     "profesor": "299",
     "id_profesor": "299",
     "materia": "85",
     "id_materia": "85"
    },
    {
     "profesor": "85",
     "id_profesor": "85",
     "materia": "86",
     "id_materia": "86"
    }
   ]
  },
  {
   "bloque": {
    "id": "9",
    "nombre": "9",
    "modulos": [
     {
      "dia": "Lunes",
      "entrada": "07:00",
      "salida": "10:00"
     },
     {
      "dia": "Lunes",
      "entrada": "07:00",
      "salida": "10:00"
     },
     {
      "dia": "Lunes",
      "entrada": "07:00",
      "salida": "10:00"
     },
     {
      "dia": "Lunes",
      "entrada": "07:00",
      "salida": "10:00"
     },
     {
      "dia": "Lunes",
      "entrada": "07:00",
      "salida": "10:00"
     }
    ]
   },
   "asignaciones": [
    {
     "profesor": "350",
     "id_profesor": "350",
     "materia": "1",
     "id_materia": "1"
    },
    {
     "profesor": "6",
     "id_profesor": "6",
     "materia": "6",
     "id_materia": "6"
    },
    {
     "profesor": "388",
     "id_profesor": "388",
     "materia": "10",
     "id_materia": "10"
    },
    {
     "profesor": "106",
     "id_profesor": "106",
     "materia": "12",
     "id_materia": "12"
    },
    {
     "profesor": "194",
     "id_profesor": "194",
     "materia": "20",
     "id_materia": "20"
    },
    {
     "profesor": "373",
     "id_profesor": "373",
     "materia": "22",
     "id_materia": "22"
    },
    {
     "profesor": "358",
     "id_profesor": "358",
     "materia": "24",
     "id_materia": "24"
    },
    {
     "profesor": "70",
     "id_profesor": "70",
     "materia": "28",
     "id_materia": "28"
    },
    {
     "profesor": "24",
     "id_profesor": "24",
     "materia": "40",
     "id_materia": "40"
    },
    {
     "profesor": "164",
     "id_profesor": "164",
     "materia": "42",
     "id_materia": "42"
    },
    {
     "profesor": "65",
     "id_profesor": "65",
     "materia": "43",
     "id_materia": "43"
    },
    {
     "profesor": "132",
     "id_profesor": "132",
     "materia": "50",
     "id_materia": "50"
    },
    {
     "profesor": "297",
     "id_profesor": "297",
     "materia": "52",
     "id_materia": "52"
    },
    {
     "profesor": "331",
     "id_profesor": "331",
     "materia": "55",
     "id_materia": "55"
    },
    {
     "profesor": "283",
     "id_profesor": "283",
     "materia": "56",
     "id_materia": "56"
    },
    {
     "profesor": "1",
     "id_profesor": "1",
     "materia": "68",
     "id_materia": "68"
    },
    {
     "profesor": "346",
     "id_profesor": "346",
     "materia": "70",
     "id_materia": "70"
    },
    {
     "profesor": "295",
     "id_profesor": "295",
     "materia": "74",
     "id_materia": "74"
    },
    {
     "profesor": "94",
     "id_profesor": "94",
     "materia": "75",
     "id_materia": "75"
    },
    {
     "profesor": "4",
     "id_profesor": "4",
     "materia": "78",
     "id_materia": "78"
    },
    {
     "profesor": "49",
     "id_profesor": "49",
     "materia": "84",
     "id_materia": "84"
    },
    {
     "profesor": "355",
     "id_profesor": "355",
     "materia": "84",
     "id_materia": "84"
    },
    {
     "profesor": "363",
     "id_profesor": "363",
     "materia": "87",
     "id_materia": "87"
    },
    {
     "profesor": "5",
     "id_profesor": "5",
     "materia": "93",
     "id_materia": "93"
    },
    {
     "profesor": "254",
     "id_profesor": "254",
     "materia": "93",
     "id_materia": "93"
    },
    {
     "profesor": "9",
     "id_profesor": "9",
     "materia": "96",
     "id_materia": "96"
    },
    {
     "profesor": "390",
     "id_profesor": "390",
     "materia": "100",
     "id_materia": "100"
    }
   ]
  },
  {
   "bloque": {
    "id": "10",
    "nombre": "10",
    "modulos": [
     {
      "dia": "Lunes",
      "entrada": "07:00",
      "salida": "10:00"
     },
     {
      "dia": "Lunes",
      "entrada": "07:00",
      "salida": "10:00"
     },
     {
      "dia": "Lunes",
      "entrada": "07:00",
      "salida": "10:00"
     },
     {
      "dia": "Lunes",
      "entrada": "07:00",
      "salida": "10:00"
     },
     {
      "dia": "Lunes",
      "entrada": "07:00",
      "salida": "10:00"
     }
    ]
   },
   "asignaciones": [
    {
     "profesor": "1",
     "id_profesor": "1",
     "materia": "7",
     "id_materia": "7"
    },
    {
     "profesor": "79",
     "id_profesor": "79",
     "materia": "8",
     "id_materia": "8"
    },
    {
     "profesor": "149",
     "id_profesor": "149",
     "materia": "9",
     "id_materia": "9"
    },
    {
     "profesor": "242",
     "id_profesor": "242",
     "materia": "9",
     "id_materia": "9"
    },
    {
     "profesor": "206",
     "id_profesor": "206",
     "materia": "15",
     "id_materia": "15"
    },
    {
     "profesor": "311",
     "id_profesor": "311",
     "materia": "19",
     "id_materia": "19"
    },
    {
     "profesor": "103",
     "id_profesor": "103",
     "materia": "20",
     "id_materia": "20"
    },
    {
     "profesor": "197",
     "id_profesor": "197",
     "materia": "23",
     "id_materia": "23"
    },
    {
     "profesor": "163",
     "id_profesor": "163",
     "materia": "26",
     "id_materia": "26"
    },
    {
     "profesor": "329",
     "id_profesor": "329",
     "materia": "30",
     "id_materia": "30"
    },
    {
     "profesor": "131",
     "id_profesor": "131",
     "materia": "32",
     "id_materia": "32"
    },
    {
     "profesor": "7",
     "id_profesor": "7",
     "materia": "34",
     "id_materia": "34"
    },
    {
     "profesor": "146",
     "id_profesor": "146",
     "materia": "38",
     "id_materia": "38"
    },
    {
     "profesor": "42",
     "id_profesor": "42",
     "materia": "41",
     "id_materia": "41"
    },
    {
     "profesor": "169",
     "id_profesor": "169",
     "materia": "43",
     "id_materia": "43"
    },
    {
     "profesor": "139",
     "id_profesor": "139",
     "materia": "45",
     "id_materia": "45"
    },
    {
     "profesor": "312",
     "id_profesor": "312",
     "materia": "47",
     "id_materia": "47"
    },
    {
     "profesor": "9",
     "id_profesor": "9",
     "materia": "49",
     "id_materia": "49"
    },
    {
     "profesor": "374",
     "id_profesor": "374",
     "materia": "50",
     "id_materia": "50"
    },
    {
     "profesor": "268",
     "id_profesor": "268",
     "materia": "52",
     "id_materia": "52"
    },
    {
     "profesor": "334",
     "id_profesor": "334",
     "materia": "65",
     "id_materia": "65"
    },
    {
     "profesor": "112",
     "id_profesor": "112",
     "materia": "71",
     "id_materia": "71"
    },
    {
     "profesor": "37",
     "id_profesor": "37",
     "materia": "74",
     "id_materia": "74"
    },
    {
     "profesor": "249",
     "id_profesor": "249",
     "materia": "92",
     "id_materia": "92"
    },
    {
     "profesor": "252",
     "id_profesor": "252",
     "materia": "92",
     "id_materia": "92"
    },
    {
     "profesor": "10",
     "id_profesor": "10",
     "materia": "98",
     "id_materia": "98"
    }
   ]
  },
  {
   "bloque": {
    "id": "11",
    "nombre": "11",
    "modulos": [
     {
      "dia": "Lunes",
      "entrada": "07:00",
      "salida": "10:00"
     },
     {
      "dia": "Lunes",
      "entrada": "07:00",
      "salida": "10:00"
     },
     {
      "dia": "Lunes",
      "entrada": "07:00",
      "salida": "10:00"
     },
     {
      "dia": "Lunes",
      "entrada": "07:00",
      "salida": "10:00"
     },
     {
      "dia": "Lunes",
      "entrada": "07:00",
      "salida": "10:00"
     }
    ]
   },
   "asignaciones": [
    {
     "profesor": "360",
     "id_profesor": "360",
     "materia": "5",
     "id_materia": "5"
    },
    {
     "profesor": "6",
     "id_profesor": "6",
     "materia": "6",
     "id_materia": "6"
    },
    {
     "profesor": "362",
     "id_profesor": "362",
     "materia": "16",
     "id_materia": "16"
    },
    {
     "profesor": "87",
     "id_profesor": "87",
     "materia": "18",
     "id_materia": "18"
    },
    {
     "profesor": "48",
     "id_profesor": "48",
     "materia": "19",
     "id_materia": "19"
    },
    {
     "profesor": "114",
     "id_profesor": "114",
     "materia": "26",
     "id_materia": "26"
    },
    {
     "profesor": "15",
     "id_profesor": "15",
     "materia": "28",
     "id_materia": "28"
    },
    {
     "profesor": "262",
     "id_profesor": "262",
     "materia": "29",
     "id_materia": "29"
    },
    {
     "profesor": "7",
     "id_profesor": "7",
     "materia": "34",
     "id_materia": "34"
    },
    {
     "profesor": "245",
     "id_profesor": "245",
     "materia": "49",
     "id_materia": "49"
    },
    {
     "profesor": "222",
     "id_profesor": "222",
     "materia": "54",
     "id_materia": "54"
    },
    {
     "profesor": "326",
     "id_profesor": "326",
     "materia": "58",
     "id_materia": "58"
    },
    {
     "profesor": "71",
     "id_profesor": "71",
     "materia": "66",
     "id_materia": "66"
    },
    {
     "profesor": "339",
     "id_profesor": "339",
     "materia": "67",
     "id_materia": "67"
    },
    {
     "profesor": "99",
     "id_profesor": "99",
     "materia": "80",
     "id_materia": "80"
    },
    {
     "profesor": "251",
     "id_profesor": "251",
     "materia": "81",
     "id_materia": "81"
    },
    {
     "profesor": "309",
     "id_profesor": "309",
     "materia": "82",
     "id_materia": "82"
    },
    {
     "profesor": "237",
     "id_profesor": "237",
     "materia": "89",
     "id_materia": "89"
    }
   ]
  },
  {
   "bloque": {
    "id": "12",
    "nombre": "12",
    "modulos": [
     {
      "dia": "Lunes",
      "entrada": "07:00",
      "salida": "10:00"
     },
     {
      "dia": "Lunes",
      "entrada": "07:00",
      "salida": "10:00"
     },
     {
      "dia": "Lunes",
      "entrada": "07:00",
      "salida": "10:00"
     },
     {
      "dia": "Lunes",
      "entrada": "07:00",
      "salida": "10:00"
     },
     {
      "dia": "Lunes",
      "entrada": "07:00",
      "salida": "10:00"
     }
    ]
   },
   "asignaciones": [
    {
     "profesor": "29",
     "id_profesor": "29",
     "materia": "1",
     "id_materia": "1"
    },
    {
     "profesor": "8",
     "id_profesor": "8",
     "materia": "3",
     "id_materia": "3"
    },
    {
     "profesor": "246",
     "id_profesor": "246",
     "materia": "4",
     "id_materia": "4"
    },
    {
     "profesor": "218",
     "id_profesor": "218",
     "materia": "9",
     "id_materia": "9"
    },
    {
     "profesor": "43",
     "id_profesor": "43",
     "materia": "10",
     "id_materia": "10"
    },
    {
     "profesor": "33",
     "id_profesor": "33",
     "materia": "19",
     "id_materia": "19"
    },
    {
     "profesor": "170",
     "id_profesor": "170",
     "materia": "22",
     "id_materia": "22"
    },
    {
     "profesor": "223",
     "id_profesor": "223",
     "materia": "23",
     "id_materia": "23"
    },
    {
     "profesor": "292",
     "id_profesor": "292",
     "materia": "26",
     "id_materia": "26"
    },
    {
     "profesor": "227",
     "id_profesor": "227",
     "materia": "27",
     "id_materia": "27"
    },
    {
     "profesor": "280",
     "id_profesor": "280",
     "materia": "32",
     "id_materia": "32"
    },
    {
     "profesor": "143",
     "id_profesor": "143",
     "materia": "35",
     "id_materia": "35"
    },
    {
     "profesor": "279",
     "id_profesor": "279",
     "materia": "39",
     "id_materia": "39"
    },
    {
     "profesor": "270",
     "id_profesor": "270",
     "materia": "41",
     "id_materia": "41"
    },
    {
     "profesor": "201",
     "id_profesor": "201",
     "materia": "43",
     "id_materia": "43"
    },
    {
     "profesor": "213",
     "id_profesor": "213",
     "materia": "44",
     "id_materia": "44"
    },
    {
     "profesor": "397",
     "id_profesor": "397",
     "materia": "48",
     "id_materia": "48"
    },
    {
     "profesor": "232",
     "id_profesor": "232",
     "materia": "50",
     "id_materia": "50"
    },
    {
     "profesor": "77",
     "id_profesor": "77",
     "materia": "51",
     "id_materia": "51"
    },
    {
     "profesor": "303",
     "id_profesor": "303",
     "materia": "51",
     "id_materia": "51"
    },
    {
     "profesor": "89",
     "id_profesor": "89",
     "materia": "52",
     "id_materia": "52"
    },
    {
     "profesor": "135",
     "id_profesor": "135",
     "materia": "53",
     "id_materia": "53"
    },
    {
     "profesor": "116",
     "id_profesor": "116",
     "materia": "54",
     "id_materia": "54"
    },
    {
     "profesor": "359",
     "id_profesor": "359",
     "materia": "56",
     "id_materia": "56"
    },
    {
     "profesor": "327",
     "id_profesor": "327",
     "materia": "58",
     "id_materia": "58"
    },
    {
     "profesor": "1",
     "id_profesor": "1",
     "materia": "59",
     "id_materia": "59"
    },
    {
     "profesor": "41",
     "id_profesor": "41",
     "materia": "69",
     "id_materia": "69"
    },
    {
     "profesor": "3",
     "id_profesor": "3",
     "materia": "88",
     "id_materia": "88"
    },
    {
     "profesor": "7",
     "id_profesor": "7",
     "materia": "99",
     "id_materia": "99"
    }
   ]
  },
  {
   "bloque": {
    "id": "13",
    "nombre": "13",
    "modulos": [
     {
      "dia": "Lunes",
      "entrada": "07:00",
      "salida": "10:00"
     },
     {
      "dia": "Lunes",
      "entrada": "07:00",
      "salida": "10:00"
     },
     {
      "dia": "Lunes",
      "entrada": "07:00",
      "salida": "10:00"
     },
     {
      "dia": "Lunes",
      "entrada": "07:00",
      "salida": "10:00"
     },
     {
      "dia": "Lunes",
      "entrada": "07:00",
      "salida": "10:00"
     }
    ]
   },
   "asignaciones": [
    {
     "profesor": "96",
     "id_profesor": "96",
     "materia": "2",
     "id_materia": "2"
    },
    {
     "profesor": "345",
     "id_profesor": "345",
     "materia": "4",
     "id_materia": "4"
    },
    {
     "profesor": "392",
     "id_profesor": "392",
     "materia": "11",
     "id_materia": "11"
    },
    {
     "profesor": "127",
     "id_profesor": "127",
     "materia": "12",
     "id_materia": "12"
    },
    {
     "profesor": "7",
     "id_profesor": "7",
     "materia": "13",
     "id_materia": "13"
    },
    {
     "profesor": "9",
     "id_profesor": "9",
     "materia": "16",
     "id_materia": "16"
    },
    {
     "profesor": "156",
     "id_profesor": "156",
     "materia": "21",
     "id_materia": "21"
    },
    {
     "profesor": "175",
     "id_profesor": "175",
     "materia": "28",
     "id_materia": "28"
    },
    {
     "profesor": "133",
     "id_profesor": "133",
     "materia": "29",
     "id_materia": "29"
    },
    {
     "profesor": "2",
     "id_profesor": "2",
     "materia": "36",
     "id_materia": "36"
    },
    {
     "profesor": "214",
     "id_profesor": "214",
     "materia": "37",
     "id_materia": "37"
    },
    {
     "profesor": "54",
     "id_profesor": "54",
     "materia": "45",
     "id_materia": "45"
    },
    {
     "profesor": "400",
     "id_profesor": "400",
     "materia": "51",
     "id_materia": "51"
    },
    {
     "profesor": "267",
     "id_profesor": "267",
     "materia": "54",
     "id_materia": "54"
    },
    {
     "profesor": "263",
     "id_profesor": "263",
     "materia": "70",
     "id_materia": "70"
    },
    {
     "profesor": "6",
     "id_profesor": "6",
     "materia": "75",
     "id_materia": "75"
    },
    {
     "profesor": "193",
     "id_profesor": "193",
     "materia": "96",
     "id_materia": "96"
    }
   ]
  },
  {
   "bloque": {
    "id": "14",
    "nombre": "14",
    "modulos": [
     {
      "dia": "Lunes",
      "entrada": "07:00",
      "salida": "10:00"
     },
     {
      "dia": "Lunes",
      "entrada": "07:00",
      "salida": "10:00"
     },
     {
      "dia": "Lunes",
      "entrada": "07:00",
      "salida": "10:00"
     },
     {
      "dia": "Lunes",
      "entrada": "07:00",
      "salida": "10:00"
     },
     {
      "dia": "Lunes",
      "entrada": "07:00",
      "salida": "10:00"
     }
    ]
   },
   "asignaciones": [
    {
     "profesor": "317",
     "id_profesor": "317",
     "materia": "8",
     "id_materia": "8"
    },
    {
     "profesor": "7",
     "id_profesor": "7",
     "materia": "13",
     "id_materia": "13"
    },
    {
     "profesor": "272",
     "id_profesor": "272",
     "materia": "14",
     "id_materia": "14"
    },
    {
     "profesor": "275",
     "id_profesor": "275",
     "materia": "15",
     "id_materia": "15"
    },
    {
     "profesor": "4",
     "id_profesor": "4",
     "materia": "17",
     "id_materia": "17"
    },
    {
     "profesor": "44",
     "id_profesor": "44",
     "materia": "20",
     "id_materia": "20"
    },
    {
     "profesor": "371",
     "id_profesor": "371",
     "materia": "31",
     "id_materia": "31"
    },
    {
     "profesor": "264",
     "id_profesor": "264",
     "materia": "33",
     "id_materia": "33"
    },
    {
     "profesor": "340",
     "id_profesor": "340",
     "materia": "46",
     "id_materia": "46"
    },
    {
     "profesor": "236",
     "id_profesor": "236",
     "materia": "58",
     "id_materia": "58"
    },
    {
     "profesor": "1",
     "id_profesor": "1",
     "materia": "68",
     "id_materia": "68"
    },
    {
     "profesor": "107",
     "id_profesor": "107",
     "materia": "70",
     "id_materia": "70"
    },
    {
     "profesor": "59",
     "id_profesor": "59",
     "materia": "71",
     "id_materia": "71"
    },
    {
     "profesor": "60",
     "id_profesor": "60",
     "materia": "71",
     "id_materia": "71"
    },
    {
     "profesor": "6",
     "id_profesor": "6",
     "materia": "75",
     "id_materia": "75"
    },
    {
     "profesor": "228",
     "id_profesor": "228",
     "materia": "81",
     "id_materia": "81"
    },
    {
     "profesor": "174",
     "id_profesor": "174",
     "materia": "83",
     "id_materia": "83"
    },
    {
     "profesor": "235",
     "id_profesor": "235",
     "materia": "83",
     "id_materia": "83"
    },
    {
     "profesor": "172",
     "id_profesor": "172",
     "materia": "84",
     "id_materia": "84"
    },
    {
     "profesor": "199",
     "id_profesor": "199",
     "materia": "84",
     "id_materia": "84"
    },
    {
     "profesor": "27",
     "id_profesor": "27",
     "materia": "87",
     "id_materia": "87"
    },
    {
     "profesor": "391",
     "id_profesor": "391",
     "materia": "90",
     "id_materia": "90"
    },
    {
     "profesor": "184",
     "id_profesor": "184",
     "materia": "93",
     "id_materia": "93"
    }
   ]
  },
  {
   "bloque": {
    "id": "15",
    "nombre": "15",
    "modulos": [
     {
      "dia": "Lunes",
      "entrada": "07:00",
      "salida": "10:00"
     },
     {
      "dia": "Lunes",
      "entrada": "07:00",
      "salida": "10:00"
     },
     {
      "dia": "Lunes",
      "entrada": "07:00",
      "salida": "10:00"
     },
     {
      "dia": "Lunes",
      "entrada": "07:00",
      "salida": "10:00"
     },
     {
      "dia": "Lunes",
      "entrada": "07:00",
      "salida": "10:00"
     }
    ]
   },
   "asignaciones": [
    {
     "profesor": "298",
     "id_profesor": "298",
     "materia": "4",
     "id_materia": "4"
    },
    {
     "profesor": "5",
     "id_profesor": "5",
     "materia": "12",
     "id_materia": "12"
    },
    {
     "profesor": "7",
     "id_profesor": "7",
     "materia": "13",
     "id_materia": "13"
    },
    {
     "profesor": "387",
     "id_profesor": "387",
     "materia": "21",
     "id_materia": "21"
    },
    {
     "profesor": "167",
     "id_profesor": "167",
     "materia": "22",
     "id_materia": "22"
    },
    {
     "profesor": "285",
     "id_profesor": "285",
     "materia": "27",
     "id_materia": "27"
    },
    {
     "profesor": "83",
     "id_profesor": "83",
     "materia": "31",
     "id_materia": "31"
    },
    {
     "profesor": "166",
     "id_profesor": "166",
     "materia": "37",
     "id_materia": "37"
    },
    {
     "profesor": "224",
     "id_profesor": "224",
     "materia": "39",
     "id_materia": "39"
    },
    {
     "profesor": "382",
     "id_profesor": "382",
     "materia": "40",
     "id_materia": "40"
    },
    {
     "profesor": "160",
     "id_profesor": "160",
     "materia": "42",
     "id_materia": "42"
    },
    {
     "profesor": "380",
     "id_profesor": "380",
     "materia": "42",
     "id_materia": "42"
    },
    {
     "profesor": "226",
     "id_profesor": "226",
     "materia": "49",
     "id_materia": "49"
    },
    {
     "profesor": "10",
     "id_profesor": "10",
     "materia": "50",
     "id_materia": "50"
    },
    {
     "profesor": "57",
     "id_profesor": "57",
     "materia": "51",
     "id_materia": "51"
    },
    {
     "profesor": "349",
     "id_profesor": "349",
     "materia": "55",
     "id_materia": "55"
    },
    {
     "profesor": "91",
     "id_profesor": "91",
     "materia": "57",
     "id_materia": "57"
    },
    {
     "profesor": "185",
     "id_profesor": "185",
     "materia": "61",
     "id_materia": "61"
    },
    {
     "profesor": "3",
     "id_profesor": "3",
     "materia": "64",
     "id_materia": "64"
    },
    {
     "profesor": "153",
     "id_profesor": "153",
     "materia": "65",
     "id_materia": "65"
    },
    {
     "profesor": "342",
     "id_profesor": "342",
     "materia": "69",
     "id_materia": "69"
    },
    {
     "profesor": "67",
     "id_profesor": "67",
     "materia": "74",
     "id_materia": "74"
    },
    {
     "profesor": "6",
     "id_profesor": "6",
     "materia": "75",
     "id_materia": "75"
    }
   ]
  },
  {
   "bloque": {
    "id": "16",
    "nombre": "16",
    "modulos": [
     {
      "dia": "Lunes",
      "entrada": "07:00",
      "salida": "10:00"
     },
     {
      "dia": "Lunes",
      "entrada": "07:00",
      "salida": "10:00"
     },
     {
      "dia": "Lunes",
      "entrada": "07:00",
      "salida": "10:00"
     },
     {
      "dia": "Lunes",
      "entrada": "07:00",
      "salida": "10:00"
     },
     {
      "dia": "Lunes",
      "entrada": "07:00",
      "salida": "10:00"
     }
    ]
   },
   "asignaciones": [
    {
     "profesor": "248",
     "id_profesor": "248",
     "materia": "5",
     "id_materia": "5"
    },
    {
     "profesor": "1",
     "id_profesor": "1",
     "materia": "7",
     "id_materia": "7"
    },
    {
     "profesor": "4",
     "id_profesor": "4",
     "materia": "17",
     "id_materia": "17"
    },
    {
     "profesor": "274",
     "id_profesor": "274",
     "materia": "17",
     "id_materia": "17"
    },
    {
     "profesor": "294",
     "id_profesor": "294",
     "materia": "21",
     "id_materia": "21"
    },
    {
     "profesor": "18",
     "id_profesor": "18",
     "materia": "22",
     "id_materia": "22"
    },
    {
     "profesor": "301",
     "id_profesor": "301",
     "materia": "25",
     "id_materia": "25"
    },
    {
     "profesor": "186",
     "id_profesor": "186",
     "materia": "29",
     "id_materia": "29"
    },
    {
     "profesor": "191",
     "id_profesor": "191",
     "materia": "33",
     "id_materia": "33"
    },
    {
     "profesor": "304",
     "id_profesor": "304",
     "materia": "40",
     "id_materia": "40"
    },
    {
     "profesor": "86",
     "id_profesor": "86",
     "materia": "54",
     "id_materia": "54"
    },
    {
     "profesor": "333",
     "id_profesor": "333",
     "materia": "58",
     "id_materia": "58"
    },
    {
     "profesor": "265",
     "id_profesor": "265",
     "materia": "69",
     "id_materia": "69"
    },
    {
     "profesor": "277",
     "id_profesor": "277",
     "materia": "73",
     "id_materia": "73"
    },
    {
     "profesor": "344",
     "id_profesor": "344",
     "materia": "76",
     "id_materia": "76"
    },
    {
     "profesor": "7",
     "id_profesor": "7",
     "materia": "94",
     "id_materia": "94"
    },
    {
     "profesor": "128",
     "id_profesor": "128",
     "materia": "95",
     "id_materia": "95"
    }
   ]
  },
  {
   "bloque": {
    "id": "17",
    "nombre": "17",
    "modulos": [
     {
      "dia": "Lunes",
      "entrada": "07:00",
      "salida": "10:00"
     },
     {
      "dia": "Lunes",
      "entrada": "07:00",
      "salida": "10:00"
     },
     {
      "dia": "Lunes",
      "entrada": "07:00",
      "salida": "10:00"
     },
     {
      "dia": "Lunes",
      "entrada": "07:00",
      "salida": "10:00"
     },
     {
      "dia": "Lunes",
      "entrada": "07:00",
      "salida": "10:00"
     }
    ]
   },
   "asignaciones": [
    {
     "profesor": "376",
     "id_profesor": "376",
     "materia": "1",
     "id_materia": "1"
    },
    {
     "profesor": "221",
     "id_profesor": "221",
     "materia": "5",
     "id_materia": "5"
    },
    {
     "profesor": "1",
     "id_profesor": "1",
     "materia": "7",
     "id_materia": "7"
    },
    {
     "profesor": "62",
     "id_profesor": "62",
     "materia": "11",
     "id_materia": "11"
    },
    {
     "profesor": "337",
     "id_profesor": "337",
     "materia": "14",
     "id_materia": "14"
    },
    {
     "profesor": "34",
     "id_profesor": "34",
     "materia": "19",
     "id_materia": "19"
    },
    {
     "profesor": "109",
     "id_profesor": "109",
     "materia": "21",
     "id_materia": "21"
    },
    {
     "profesor": "5",
     "id_profesor": "5",
     "materia": "24",
     "id_materia": "24"
    },
    {
     "profesor": "7",
     "id_profesor": "7",
     "materia": "34",
     "id_materia": "34"
    },
    {
     "profesor": "2",
     "id_profesor": "2",
     "materia": "36",
     "id_materia": "36"
    },
    {
     "profesor": "203",
     "id_profesor": "203",
     "materia": "37",
     "id_materia": "37"
    },
    {
     "profesor": "322",
     "id_profesor": "322",
     "materia": "44",
     "id_materia": "44"
    },
    {
     "profesor": "148",
     "id_profesor": "148",
     "materia": "47",
     "id_materia": "47"
    },
    {
     "profesor": "117",
     "id_profesor": "117",
     "materia": "54",
     "id_materia": "54"
    },
    {
     "profesor": "398",
     "id_profesor": "398",
     "materia": "57",
     "id_materia": "57"
    },
    {
     "profesor": "372",
     "id_profesor": "372",
     "materia": "60",
     "id_materia": "60"
    },
    {
     "profesor": "102",
     "id_profesor": "102",
     "materia": "61",
     "id_materia": "61"
    },
    {
     "profesor": "158",
     "id_profesor": "158",
     "materia": "61",
     "id_materia": "61"
    },
    {
     "profesor": "177",
     "id_profesor": "177",
     "materia": "61",
     "id_materia": "61"
    },
    {
     "profesor": "113",
     "id_profesor": "113",
     "materia": "63",
     "id_materia": "63"
    },
    {
     "profesor": "21",
     "id_profesor": "21",
     "materia": "66",
     "id_materia": "66"
    },
    {
     "profesor": "10",
     "id_profesor": "10",
     "materia": "73",
     "id_materia": "73"
    },
    {
     "profesor": "314",
     "id_profesor": "314",
     "materia": "74",
     "id_materia": "74"
    },
    {
     "profesor": "108",
     "id_profesor": "108",
     "materia": "77",
     "id_materia": "77"
    },
    {
     "profesor": "365",
     "id_profesor": "365",
     "materia": "78",
     "id_materia": "78"
    },
    {
     "profesor": "247",
     "id_profesor": "247",
     "materia": "79",
     "id_materia": "79"
    },
    {
     "profesor": "330",
     "id_profesor": "330",
     "materia": "87",
     "id_materia": "87"
    },
    {
     "profesor": "3",
     "id_profesor": "3",
     "materia": "88",
     "id_materia": "88"
    },
    {
     "profesor": "155",
     "id_profesor": "155",
     "materia": "92",
     "id_materia": "92"
    },
    {
     "profesor": "9",
     "id_profesor": "9",
     "materia": "96",
     "id_materia": "96"
    }
   ]
  },
  {
   "bloque": {
    "id": "18",
    "nombre": "18",
    "modulos": [
     {
      "dia": "Lunes",
      "entrada": "07:00",
      "salida": "10:00"
     },
     {
      "dia": "Lunes",
      "entrada": "07:00",
      "salida": "10:00"
     },
     {
      "dia": "Lunes",
      "entrada": "07:00",
      "salida": "10:00"
     },
     {
      "dia": "Lunes",
      "entrada": "07:00",
      "salida": "10:00"
     },
     {
      "dia": "Lunes",
      "entrada": "07:00",
      "salida": "10:00"
     }
    ]
   },
   "asignaciones": [
    {
     "profesor": "393",
     "id_profesor": "393",
     "materia": "5",
     "id_materia": "5"
    },
    {
     "profesor": "273",
     "id_profesor": "273",
     "materia": "12",
     "id_materia": "12"
    },
    {
     "profesor": "51",
     "id_profesor": "51",
     "materia": "26",
     "id_materia": "26"
    },
    {
     "profesor": "302",
     "id_profesor": "302",
     "materia": "31",
     "id_materia": "31"
    },
    {
     "profesor": "122",
     "id_profesor": "122",
     "materia": "39",
     "id_materia": "39"
    },
    {
     "profesor": "290",
     "id_profesor": "290",
     "materia": "41",
     "id_materia": "41"
    },
    {
     "profesor": "14",
     "id_profesor": "14",
     "materia": "45",
     "id_materia": "45"
    },
    {
     "profesor": "324",
     "id_profesor": "324",
     "materia": "47",
     "id_materia": "47"
    },
    {
     "profesor": "241",
     "id_profesor": "241",
     "materia": "48",
     "id_materia": "48"
    },
    {
     "profesor": "328",
     "id_profesor": "328",
     "materia": "52",
     "id_materia": "52"
    },
    {
     "profesor": "231",
     "id_profesor": "231",
     "materia": "55",
     "id_materia": "55"
    },
    {
     "profesor": "287",
     "id_profesor": "287",
     "materia": "59",
     "id_materia": "59"
    },
    {
     "profesor": "348",
     "id_profesor": "348",
     "materia": "62",
     "id_materia": "62"
    },
    {
     "profesor": "180",
     "id_profesor": "180",
     "materia": "67",
     "id_materia": "67"
    },
    {
     "profesor": "173",
     "id_profesor": "173",
     "materia": "70",
     "id_materia": "70"
    },
    {
     "profesor": "26",
     "id_profesor": "26",
     "materia": "76",
     "id_materia": "76"
    },
    {
     "profesor": "105",
     "id_profesor": "105",
     "materia": "80",
     "id_materia": "80"
    },
    {
     "profesor": "46",
     "id_profesor": "46",
     "materia": "82",
     "id_materia": "82"
    },
    {
     "profesor": "98",
     "id_profesor": "98",
     "materia": "82",
     "id_materia": "82"
    },
    {
     "profesor": "8",
     "id_profesor": "8",
     "materia": "86",
     "id_materia": "86"
    },
    {
     "profesor": "3",
     "id_profesor": "3",
     "materia": "88",
     "id_materia": "88"
    },
    {
     "profesor": "36",
     "id_profesor": "36",
     "materia": "90",
     "id_materia": "90"
    },
    {
     "profesor": "6",
     "id_profesor": "6",
     "materia": "91",
     "id_materia": "91"
    },
    {
     "profesor": "110",
     "id_profesor": "110",
     "materia": "93",
     "id_materia": "93"
    },
    {
     "profesor": "7",
     "id_profesor": "7",
     "materia": "94",
     "id_materia": "94"
    },
    {
     "profesor": "212",
     "id_profesor": "212",
     "materia": "95",
     "id_materia": "95"
    },
    {
     "profesor": "10",
     "id_profesor": "10",
     "materia": "98",
     "id_materia": "98"
    }
   ]
  },
  {
   "bloque": {
    "id": "19",
    "nombre": "19",
    "modulos": [
     {
      "dia": "Lunes",
      "entrada": "07:00",
      "salida": "10:00"
     },
     {
      "dia": "Lunes",
      "entrada": "07:00",
      "salida": "10:00"
     },
     {
      "dia": "Lunes",
      "entrada": "07:00",
      "salida": "10:00"
     },
     {
      "dia": "Lunes",
      "entrada": "07:00",
      "salida": "10:00"
     },
     {
      "dia": "Lunes",
      "entrada": "07:00",
      "salida": "10:00"
     }
    ]
   },
   "asignaciones": [
    {
     "profesor": "179",
     "id_profesor": "179",
     "materia": "2",
     "id_materia": "2"
    },
    {
     "profesor": "1",
     "id_profesor": "1",
     "materia": "7",
     "id_materia": "7"
    },
    {
     "profesor": "23",
     "id_profesor": "23",
     "materia": "18",
     "id_materia": "18"
    },
    {
     "profesor": "209",
     "id_profesor": "209",
     "materia": "18",
     "id_materia": "18"
    },
    {
     "profesor": "320",
     "id_profesor": "320",
     "materia": "25",
     "id_materia": "25"
    },
    {
     "profesor": "55",
     "id_profesor": "55",
     "materia": "27",
     "id_materia": "27"
    },
    {
     "profesor": "8",
     "id_profesor": "8",
     "materia": "30",
     "id_materia": "30"
    },
    {
     "profesor": "315",
     "id_profesor": "315",
     "materia": "33",
     "id_materia": "33"
    },
    {
     "profesor": "281",
     "id_profesor": "281",
     "materia": "35",
     "id_materia": "35"
    },
    {
     "profesor": "104",
     "id_profesor": "104",
     "materia": "38",
     "id_materia": "38"
    },
    {
     "profesor": "138",
     "id_profesor": "138",
     "materia": "59",
     "id_materia": "59"
    },
    {
     "profesor": "137",
     "id_profesor": "137",
     "materia": "60",
     "id_materia": "60"
    },
    {
     "profesor": "233",
     "id_profesor": "233",
     "materia": "61",
     "id_materia": "61"
    },
    {
     "profesor": "30",
     "id_profesor": "30",
     "materia": "62",
     "id_materia": "62"
    },
    {
     "profesor": "361",
     "id_profesor": "361",
     "materia": "63",
     "id_materia": "63"
    },
    {
     "profesor": "3",
     "id_profesor": "3",
     "materia": "64",
     "id_materia": "64"
    },
    {
     "profesor": "316",
     "id_profesor": "316",
     "materia": "66",
     "id_materia": "66"
    },
    {
     "profesor": "269",
     "id_profesor": "269",
     "materia": "73",
     "id_materia": "73"
    },
    {
     "profesor": "6",
     "id_profesor": "6",
     "materia": "75",
     "id_materia": "75"
    },
    {
     "profesor": "395",
     "id_profesor": "395",
     "materia": "83",
     "id_materia": "83"
    },
    {
     "profesor": "165",
     "id_profesor": "165",
     "materia": "89",
     "id_materia": "89"
    },
    {
     "profesor": "230",
     "id_profesor": "230",
     "materia": "95",
     "id_materia": "95"
    },
    {
     "profesor": "338",
     "id_profesor": "338",
     "materia": "97",
     "id_materia": "97"
    },
    {
     "profesor": "394",
     "id_profesor": "394",
     "materia": "97",
     "id_materia": "97"
    },
    {
     "profesor": "7",
     "id_profesor": "7",
     "materia": "99",
     "id_materia": "99"
    }
   ]
  },
  {
   "bloque": {
    "id": "20",
    "nombre": "20",
    "modulos": [
     {
      "dia": "Lunes",
      "entrada": "07:00",
      "salida": "10:00"
     },
     {
      "dia": "Lunes",
      "entrada": "07:00",
      "salida": "10:00"
     },
     {
      "dia": "Lunes",
      "entrada": "07:00",
      "salida": "10:00"
     },
     {
      "dia": "Lunes",
      "entrada": "07:00",
      "salida": "10:00"
     },
     {
      "dia": "Lunes",
      "entrada": "07:00",
      "salida": "10:00"
     }
    ]
   },
   "asignaciones": [
    {
     "profesor": "375",
     "id_profesor": "375",
     "materia": "3",
     "id_materia": "3"
    },
    {
     "profesor": "101",
     "id_profesor": "101",
     "materia": "15",
     "id_materia": "15"
    },
    {
     "profesor": "115",
     "id_profesor": "115",
     "materia": "15",
     "id_materia": "15"
    },
    {
     "profesor": "145",
     "id_profesor": "145",
     "materia": "18",
     "id_materia": "18"
    },
    {
     "profesor": "384",
     "id_profesor": "384",
     "materia": "25",
     "id_materia": "25"
    },
    {
     "profesor": "134",
     "id_profesor": "134",
     "materia": "29",
     "id_materia": "29"
    },
    {
     "profesor": "8",
     "id_profesor": "8",
     "materia": "30",
     "id_materia": "30"
    },
    {
     "profesor": "73",
     "id_profesor": "73",
     "materia": "43",
     "id_materia": "43"
    },
    {
     "profesor": "188",
     "id_profesor": "188",
     "materia": "43",
     "id_materia": "43"
    },
    {
     "profesor": "256",
     "id_profesor": "256",
     "materia": "47",
     "id_materia": "47"
    },
    {
     "profesor": "157",
     "id_profesor": "157",
     "materia": "48",
     "id_materia": "48"
    },
    {
     "profesor": "204",
     "id_profesor": "204",
     "materia": "48",
     "id_materia": "48"
    },
    {
     "profesor": "159",
     "id_profesor": "159",
     "materia": "51",
     "id_materia": "51"
    },
    {
     "profesor": "379",
     "id_profesor": "379",
     "materia": "56",
     "id_materia": "56"
    },
    {
     "profesor": "161",
     "id_profesor": "161",
     "materia": "60",
     "id_materia": "60"
    },
    {
     "profesor": "1",
     "id_profesor": "1",
     "materia": "68",
     "id_materia": "68"
    },
    {
     "profesor": "56",
     "id_profesor": "56",
     "materia": "72",
     "id_materia": "72"
    },
    {
     "profesor": "162",
     "id_profesor": "162",
     "materia": "81",
     "id_materia": "81"
    },
    {
     "profesor": "126",
     "id_profesor": "126",
     "materia": "83",
     "id_materia": "83"
    },
    {
     "profesor": "6",
     "id_profesor": "6",
     "materia": "91",
     "id_materia": "91"
    },
    {
     "profesor": "190",
     "id_profesor": "190",
     "materia": "92",
     "id_materia": "92"
    },
    {
     "profesor": "3",
     "id_profesor": "3",
     "materia": "94",
     "id_materia": "94"
    },
    {
     "profesor": "93",
     "id_profesor": "93",
     "materia": "95",
     "id_materia": "95"
    }
   ]
  }
 ],
 "error": "",
 "logs": null
}