{
 "distribuciones": [
  {
   "bloque": {
    "id": "1",
    "nombre": "1",
    "modulos": [
     {
      "dia": "Lunes",
      "entrada": "07:00",
      "salida": "10:00"
     },
     {
      "dia": "Lunes",
      "entrada": "07:00",
      "salida": "10:00"
     },
     {
      "dia": "Lunes",
      "entrada": "07:00",
      "salida": "10:00"
     },
     {
      "dia": "Lunes",
      "entrada": "07:00",
      "salida": "10:00"
     },
     {
      "dia": "Lunes",
      "entrada": "07:00",
      "salida": "10:00"
     }
    ]
   },
   "asignaciones": [
    {
     "profesor": "118",
     "id_profesor": "118",
     "materia": "12",
     "id_materia": "12"
    },
    {
     "profesor": "297",
     "id_profesor": "297",
     "materia": "17",
     "id_materia": "17"
    },
    {
     "profesor": "2",
     "id_profesor": "2",
     "materia": "19",
     "id_materia": "19"
    },
    {
     "profesor": "285",
     "id_profesor": "285",
     "materia": "37",
     "id_materia": "37"
    },
    {
     "profesor": "105",
     "id_profesor": "105",
     "materia": "99",
     "id_materia": "99"
    },
    {
     "profesor": "99",
     "id_profesor": "99",
     "materia": "134",
     "id_materia": "134"
    },
    {
     "profesor": "234",
     "id_profesor": "234",
     "materia": "137",
     "id_materia": "137"
    }
   ]
  },
  {
   "bloque": {
    "id": "2",
    "nombre": "2",
    "modulos": [
     {
      "dia": "Lunes",
      "entrada": "07:00",
      "salida": "10:00"
     },
     {
      "dia": "Lunes",
      "entrada": "07:00",
      "salida": "10:00"
     },
     {
      "dia": "Lunes",
      "entrada": "07:00",
      "salida": "10:00"
     },
     {
      "dia": "Lunes",
      "entrada": "07:00",
      "salida": "10:00"
     },
     {
      "dia": "Lunes",
      "entrada": "07:00",
      "salida": "10:00"
     }
    ]
   },
   "asignaciones": [
    {
     "profesor": "71",
     "id_profesor": "71",
     "materia": "17",
     "id_materia": "17"
    },
    {
     "profesor": "3",
     "id_profesor": "3",
     "materia": "32",
     "id_materia": "32"
    },
    {
     "profesor": "248",
     "id_profesor": "248",
     "materia": "43",
     "id_materia": "43"
    },
    {
     "profesor": "30",
     "id_profesor": "30",
     "materia": "60",
     "id_materia": "60"
    },
    {
     "profesor": "162",
     "id_profesor": "162",
     "materia": "85",
     "id_materia": "85"
    },
    {
     "profesor": "4",
     "id_profesor": "4",
     "materia": "86",
     "id_materia": "86"
    },
    {
     "profesor": "163",
     "id_profesor": "163",
     "materia": "147",
     "id_materia": "147"
    }
   ]
  },
  {
   "bloque": {
    "id": "3",
    "nombre": "3",
    "modulos": [
     {
      "dia": "Lunes",
      "entrada": "07:00",
      "salida": "10:00"
     },
     {
      "dia": "Lunes",
      "entrada": "07:00",
      "salida": "10:00"
     },
     {
      "dia": "Lunes",
      "entrada": "07:00",
      "salida": "10:00"
     },
     {
      "dia": "Lunes",
      "entrada": "07:00",
      "salida": "10:00"
     },
     {
      "dia": "Lunes",
      "entrada": "07:00",
      "salida": "10:00"
     }
    ]
   },
   "asignaciones": [
    {
     "profesor": "4",
     "id_profesor": "4",
     "materia": "14",
     "id_materia": "14"
    },
    {
     "profesor": "283",
     "id_profesor": "283",
     "materia": "52",
     "id_materia": "52"
    },
    {
     "profesor": "1",
     "id_profesor": "1",
     "materia": "77",
     "id_materia": "77"
    },
    {
     "profesor": "3",
     "id_profesor": "3",
     "materia": "125",
     "id_materia": "125"
    },
    {
     "profesor": "149",
     "id_profesor": "149",
     "materia": "144",
     "id_materia": "144"
    },
    {
     "profesor": "5",
     "id_profesor": "5",
     "materia": "148",
     "id_materia": "148"
    }
   ]
  },
  {
   "bloque": {
    "id": "4",
    "nombre": "4",
    "modulos": [
     {
      "dia": "Lunes",
      "entrada": "07:00",
      "salida": "10:00"
     },
     {
      "dia": "Lunes",
      "entrada": "07:00",
      "salida": "10:00"
     },
     {
      "dia": "Lunes",
      "entrada": "07:00",
      "salida": "10:00"
     },
     {
      "dia": "Lunes",
      "entrada": "07:00",
      "salida": "10:00"
     },
     {
      "dia": "Lunes",
      "entrada": "07:00",
      "salida": "10:00"
     }
    ]
   },
   "asignaciones": [
    {
     "profesor": "53",
     "id_profesor": "53",
     "materia": "9",
     "id_materia": "9"
    },
    {
     "profesor": "45",
     "id_profesor": "45",
     "materia": "40",
     "id_materia": "40"
    },
    {
     "profesor": "2",
     "id_profesor": "2",
     "materia": "56",
     "id_materia": "56"
    },
    {
     "profesor": "251",
     "id_profesor": "251",
     "materia": "61",
     "id_materia": "61"
    },
    {
     "profesor": "120",
     "id_profesor": "120",
     "materia": "98",
     "id_materia": "98"
    },
    {
     "profesor": "246",
     "id_profesor": "246",
     "materia": "98",
     "id_materia": "98"
    },
    {
     "profesor": "3",
     "id_profesor": "3",
     "materia": "101",
     "id_materia": "101"
    },
    {
     "profesor": "6",
     "id_profesor": "6",
     "materia": "137",
     "id_materia": "137"
    }
   ]
  },
  {
   "bloque": {
    "id": "5",
    "nombre": "5",
    "modulos": [
     {
      "dia": "Lunes",
      "entrada": "07:00",
      "salida": "10:00"
     },
     {
      "dia": "Lunes",
      "entrada": "07:00",
      "salida": "10:00"
     },
     {
      "dia": "Lunes",
      "entrada": "07:00",
      "salida": "10:00"
     },
     {
      "dia": "Lunes",
      "entrada": "07:00",
      "salida": "10:00"
     },
     {
      "dia": "Lunes",
      "entrada": "07:00",
      "salida": "10:00"
     }
    ]
   },
   "asignaciones": [
    {
     "profesor": "60",
     "id_profesor": "60",
     "materia": "18",
     "id_materia": "18"
    },
    {
     "profesor": "1",
     "id_profesor": "1",
     "materia": "26",
     "id_materia": "26"
    },
    {
     "profesor": "222",
     "id_profesor": "222",
     "materia": "100",
     "id_materia": "100"
    },
    {
     "profesor": "67",
     "id_profesor": "67",
     "materia": "114",
     "id_materia": "114"
    },
    {
     "profesor": "95",
     "id_profesor": "95",
     "materia": "114",
     "id_materia": "114"
    }
   ]
  },
  {
   "bloque": {
    "id": "6",
    "nombre": "6",
    "modulos": [
     {
      "dia": "Lunes",
      "entrada": "07:00",
      "salida": "10:00"
     },
     {
      "dia": "Lunes",
      "entrada": "07:00",
      "salida": "10:00"
     },
     {
      "dia": "Lunes",
      "entrada": "07:00",
      "salida": "10:00"
     },
     {
      "dia": "Lunes",
      "entrada": "07:00",
      "salida": "10:00"
     },
     {
      "dia": "Lunes",
      "entrada": "07:00",
      "salida": "10:00"
     }
    ]
   },
   "asignaciones": [
    {
     "profesor": "1",
     "id_profesor": "1",
     "materia": "6",
     "id_materia": "6"
    },
    {
     "profesor": "56",
     "id_profesor": "56",
     "materia": "15",
     "id_materia": "15"
    },
    {
     "profesor": "11",
     "id_profesor": "11",
     "materia": "21",
     "id_materia": "21"
    },
    {
     "profesor": "269",
     "id_profesor": "269",
     "materia": "25",
     "id_materia": "25"
    },
    {
     "profesor": "3",
     "id_profesor": "3",
     "materia": "27",
     "id_materia": "27"
    },
    {
     "profesor": "65",
     "id_profesor": "65",
     "materia": "58",
     "id_materia": "58"
    },
    {
     "profesor": "267",
     "id_profesor": "267",
     "materia": "75",
     "id_materia": "75"
    },
    {
     "profesor": "276",
     "id_profesor": "276",
     "materia": "102",
     "id_materia": "102"
    },
    {
     "profesor": "146",
     "id_profesor": "146",
     "materia": "104",
     "id_materia": "104"
    },
    {
     "profesor": "271",
     "id_profesor": "271",
     "materia": "110",
     "id_materia": "110"
    },
    {
     "profesor": "186",
     "id_profesor": "186",
     "materia": "115",
     "id_materia": "115"
    },
    {
     "profesor": "205",
     "id_profesor": "205",
     "materia": "144",
     "id_materia": "144"
    }
   ]
  },
  {
   "bloque": {
    "id": "7",
    "nombre": "7",
    "modulos": [
     {
      "dia": "Lunes",
      "entrada": "07:00",
      "salida": "10:00"
     },
     {
      "dia": "Lunes",
      "entrada": "07:00",
      "salida": "10:00"
     },
     {
      "dia": "Lunes",
      "entrada": "07:00",
      "salida": "10:00"
     },
     {
      "dia": "Lunes",
      "entrada": "07:00",
      "salida": "10:00"
     },
     {
      "dia": "Lunes",
      "entrada": "07:00",
      "salida": "10:00"
     }
    ]
   },
   "asignaciones": [
    {
     "profesor": "256",
     "id_profesor": "256",
     "materia": "11",
     "id_materia": "11"
    },
    {
     "profesor": "4",
     "id_profesor": "4",
     "materia": "14",
     "id_materia": "14"
    },
    {
     "profesor": "241",
     "id_profesor": "241",
     "materia": "24",
     "id_materia": "24"
    },
    {
     "profesor": "300",
     "id_profesor": "300",
     "materia": "41",
     "id_materia": "41"
    },
    {
     "profesor": "7",
     "id_profesor": "7",
     "materia": "79",
     "id_materia": "79"
    },
    {
     "profesor": "136",
     "id_profesor": "136",
     "materia": "117",
     "id_materia": "117"
    },
    {
     "profesor": "101",
     "id_profesor": "101",
     "materia": "120",
     "id_materia": "120"
    },
    {
     "profesor": "93",
     "id_profesor": "93",
     "materia": "124",
     "id_materia": "124"
    },
    {
     "profesor": "3",
     "id_profesor": "3",
     "materia": "136",
     "id_materia": "136"
    }
   ]
  },
  {
   "bloque": {
    "id": "8",
    "nombre": "8",
    "modulos": [
     {
      "dia": "Lunes",
      "entrada": "07:00",
      "salida": "10:00"
     },
     {
      "dia": "Lunes",
      "entrada": "07:00",
      "salida": "10:00"
     },
     {
      "dia": "Lunes",
      "entrada": "07:00",
      "salida": "10:00"
     },
     {
      "dia": "Lunes",
      "entrada": "07:00",
      "salida": "10:00"
     },
     {
      "dia": "Lunes",
      "entrada": "07:00",
      "salida": "10:00"
     }
    ]
   },
   "asignaciones": [
    {
     "profesor": "4",
     "id_profesor": "4",
     "materia": "14",
     "id_materia": "14"
    },
    {
     "profesor": "179",
     "id_profesor": "179",
     "materia": "47",
     "id_materia": "47"
    },
    {
     "profesor": "184",
     "id_profesor": "184",
     "materia": "71",
     "id_materia": "71"
    },
    {
     "profesor": "3",
     "id_profesor": "3",
     "materia": "112",
     "id_materia": "112"
    },
    {
     "profesor": "1",
     "id_profesor": "1",
     "materia": "118",
     "id_materia": "118"
    }
   ]
  },
  {
   "bloque": {
    "id": "9",
    "nombre": "9",
    "modulos": [
     {
      "dia": "Lunes",
      "entrada": "07:00",
      "salida": "10:00"
     },
     {
      "dia": "Lunes",
      "entrada": "07:00",
      "salida": "10:00"
     },
     {
      "dia": "Lunes",
      "entrada": "07:00",
      "salida": "10:00"
     },
     {
      "dia": "Lunes",
      "entrada": "07:00",
      "salida": "10:00"
     },
     {
      "dia": "Lunes",
      "entrada": "07:00",
      "salida": "10:00"
     }
    ]
   },
   "asignaciones": [
    {
     "profesor": "215",
     "id_profesor": "215",
     "materia": "16",
     "id_materia": "16"
    },
    {
     "profesor": "212",
     "id_profesor": "212",
     "materia": "25",
     "id_materia": "25"
    },
    {
     "profesor": "3",
     "id_profesor": "3",
     "materia": "28",
     "id_materia": "28"
    },
    {
     "profesor": "4",
     "id_profesor": "4",
     "materia": "88",
     "id_materia": "88"
    },
    {
     "profesor": "217",
     "id_profesor": "217",
     "materia": "90",
     "id_materia": "90"
    }
   ]
  },
  {
   "bloque": {
    "id": "10",
    "nombre": "10",
    "modulos": [
     {
      "dia": "Lunes",
      "entrada": "07:00",
      "salida": "10:00"
     },
     {
      "dia": "Lunes",
      "entrada": "07:00",
      "salida": "10:00"
     },
     {
      "dia": "Lunes",
      "entrada": "07:00",
      "salida": "10:00"
     },
     {
      "dia": "Lunes",
      "entrada": "07:00",
      "salida": "10:00"
     },
     {
      "dia": "Lunes",
      "entrada": "07:00",
      "salida": "10:00"
     }
    ]
   },
   "asignaciones": [
    {
     "profesor": "263",
     "id_profesor": "263",
     "materia": "1",
     "id_materia": "1"
    },
    {
     "profesor": "55",
     "id_profesor": "55",
     "materia": "5",
     "id_materia": "5"
    },
    {
     "profesor": "103",
     "id_profesor": "103",
     "materia": "87",
     "id_materia": "87"
    },
    {
     "profesor": "88",
     "id_profesor": "88",
     "materia": "98",
     "id_materia": "98"
    },
    {
     "profesor": "255",
     "id_profesor": "255",
     "materia": "103",
     "id_materia": "103"
    },
    {
     "profesor": "5",
     "id_profesor": "5",
     "materia": "109",
     "id_materia": "109"
    },
    {
     "profesor": "1",
     "id_profesor": "1",
     "materia": "135",
     "id_materia": "135"
    },
    {
     "profesor": "235",
     "id_profesor": "235",
     "materia": "138",
     "id_materia": "138"
    },
    {
     "profesor": "182",
     "id_profesor": "182",
     "materia": "146",
     "id_materia": "146"
    },
    {
     "profesor": "3",
     "id_profesor": "3",
     "materia": "147",
     "id_materia": "147"
    }
   ]
  },
  {
   "bloque": {
    "id": "11",
    "nombre": "11",
    "modulos": [
     {
      "dia": "Lunes",
      "entrada": "07:00",
      "salida": "10:00"
     },
     {
      "dia": "Lunes",
      "entrada": "07:00",
      "salida": "10:00"
     },
     {
      "dia": "Lunes",
      "entrada": "07:00",
      "salida": "10:00"
     },
     {
      "dia": "Lunes",
      "entrada": "07:00",
      "salida": "10:00"
     },
     {
      "dia": "Lunes",
      "entrada": "07:00",
      "salida": "10:00"
     }
    ]
   },
   "asignaciones": [
    {
     "profesor": "196",
     "id_profesor": "196",
     "materia": "50",
     "id_materia": "50"
    },
    {
     "profesor": "5",
     "id_profesor": "5",
     "materia": "78",
     "id_materia": "78"
    },
    {
     "profesor": "3",
     "id_profesor": "3",
     "materia": "107",
     "id_materia": "107"
    }
   ]
  },
  {
   "bloque": {
    "id": "12",
    "nombre": "12",
    "modulos": [
     {
      "dia": "Lunes",
      "entrada": "07:00",
      "salida": "10:00"
     },
     {
      "dia": "Lunes",
      "entrada": "07:00",
      "salida": "10:00"
     },
     {
      "dia": "Lunes",
      "entrada": "07:00",
      "salida": "10:00"
     },
     {
      "dia": "Lunes",
      "entrada": "07:00",
      "salida": "10:00"
     },
     {
      "dia": "Lunes",
      "entrada": "07:00",
      "salida": "10:00"
     }
    ]
   },
   "asignaciones": [
    {
     "profesor": "137",
     "id_profesor": "137",
     "materia": "58",
     "id_materia": "58"
    },
    {
     "profesor": "5",
     "id_profesor": "5",
     "materia": "76",
     "id_materia": "76"
    },
    {
     "profesor": "292",
     "id_profesor": "292",
     "materia": "87",
     "id_materia": "87"
    },
    {
     "profesor": "259",
     "id_profesor": "259",
     "materia": "106",
     "id_materia": "106"
    },
    {
     "profesor": "3",
     "id_profesor": "3",
     "materia": "112",
     "id_materia": "112"
    }
   ]
  },
  {
   "bloque": {
    "id": "13",
    "nombre": "13",
    "modulos": [
     {
      "dia": "Lunes",
      "entrada": "07:00",
      "salida": "10:00"
     },
     {
      "dia": "Lunes",
      "entrada": "07:00",
      "salida": "10:00"
     },
     {
      "dia": "Lunes",
      "entrada": "07:00",
      "salida": "10:00"
     },
     {
      "dia": "Lunes",
      "entrada": "07:00",
      "salida": "10:00"
     },
     {
      "dia": "Lunes",
      "entrada": "07:00",
      "salida": "10:00"
     }
    ]
   },
   "asignaciones": [
    {
     "profesor": "4",
     "id_profesor": "4",
     "materia": "10",
     "id_materia": "10"
    },
    {
     "profesor": "1",
     "id_profesor": "1",
     "materia": "13",
     "id_materia": "13"
    },
    {
     "profesor": "3",
     "id_profesor": "3",
     "materia": "28",
     "id_materia": "28"
    },
    {
     "profesor": "5",
     "id_profesor": "5",
     "materia": "92",
     "id_materia": "92"
    },
    {
     "profesor": "18",
     "id_profesor": "18",
     "materia": "141",
     "id_materia": "141"
    },
    {
     "profesor": "89",
     "id_profesor": "89",
     "materia": "149",
     "id_materia": "149"
    }
   ]
  },
  {
   "bloque": {
    "id": "14",
    "nombre": "14",
    "modulos": [
     {
      "dia": "Lunes",
      "entrada": "07:00",
      "salida": "10:00"
     },
     {
      "dia": "Lunes",
      "entrada": "07:00",
      "salida": "10:00"
     },
     {
      "dia": "Lunes",
      "entrada": "07:00",
      "salida": "10:00"
     },
     {
      "dia": "Lunes",
      "entrada": "07:00",
      "salida": "10:00"
     },
     {
      "dia": "Lunes",
      "entrada": "07:00",
      "salida": "10:00"
     }
    ]
   },
   "asignaciones": [
    {
     "profesor": "4",
     "id_profesor": "4",
     "materia": "44",
     "id_materia": "44"
    },
    {
     "profesor": "5",
     "id_profesor": "5",
     "materia": "62",
     "id_materia": "62"
    },
    {
     "profesor": "1",
     "id_profesor": "1",
     "materia": "72",
     "id_materia": "72"
    },
    {
     "profesor": "8",
     "id_profesor": "8",
     "materia": "94",
     "id_materia": "94"
    }
   ]
  },
  {
   "bloque": {
    "id": "15",
    "nombre": "15",
    "modulos": [
     {
      "dia": "Lunes",
      "entrada": "07:00",
      "salida": "10:00"
     },
     {
      "dia": "Lunes",
      "entrada": "07:00",
      "salida": "10:00"
     },
     {
      "dia": "Lunes",
      "entrada": "07:00",
      "salida": "10:00"
     },
     {
      "dia": "Lunes",
      "entrada": "07:00",
      "salida": "10:00"
     },
     {
      "dia": "Lunes",
      "entrada": "07:00",
      "salida": "10:00"
     }
    ]
   },
   "asignaciones": [
    {
     "profesor": "50",
     "id_profesor": "50",
     "materia": "10",
     "id_materia": "10"
    },
    {
     "profesor": "3",
     "id_profesor": "3",
     "materia": "32",
     "id_materia": "32"
    },
    {
     "profesor": "5",
     "id_profesor": "5",
     "materia": "76",
     "id_materia": "76"
    },
    {
     "profesor": "11",
     "id_profesor": "11",
     "materia": "82",
     "id_materia": "82"
    },
    {
     "profesor": "112",
     "id_profesor": "112",
     "materia": "99",
     "id_materia": "99"
    },
    {
     "profesor": "294",
     "id_profesor": "294",
     "materia": "120",
     "id_materia": "120"
    },
    {
     "profesor": "38",
     "id_profesor": "38",
     "materia": "123",
     "id_materia": "123"
    },
    {
     "profesor": "1",
     "id_profesor": "1",
     "materia": "135",
     "id_materia": "135"
    }
   ]
  },
  {
   "bloque": {
    "id": "16",
    "nombre": "16",
    "modulos": [
     {
      "dia": "Lunes",
      "entrada": "07:00",
      "salida": "10:00"
     },
     {
      "dia": "Lunes",
      "entrada": "07:00",
      "salida": "10:00"
     },
     {
      "dia": "Lunes",
      "entrada": "07:00",
      "salida": "10:00"
     },
     {
      "dia": "Lunes",
      "entrada": "07:00",
      "salida": "10:00"
     },
     {
      "dia": "Lunes",
      "entrada": "07:00",
      "salida": "10:00"
     }
    ]
   },
   "asignaciones": [
    {
     "profesor": "4",
     "id_profesor": "4",
     "materia": "8",
     "id_materia": "8"
    },
    {
     "profesor": "293",
     "id_profesor": "293",
     "materia": "12",
     "id_materia": "12"
    },
    {
     "profesor": "151",
     "id_profesor": "151",
     "materia": "38",
     "id_materia": "38"
    },
    {
     "profesor": "139",
     "id_profesor": "139",
     "materia": "63",
     "id_materia": "63"
    },
    {
     "profesor": "264",
     "id_profesor": "264",
     "materia": "104",
     "id_materia": "104"
    },
    {
     "profesor": "78",
     "id_profesor": "78",
     "materia": "108",
     "id_materia": "108"
    },
    {
     "profesor": "231",
     "id_profesor": "231",
     "materia": "121",
     "id_materia": "121"
    },
    {
     "profesor": "187",
     "id_profesor": "187",
     "materia": "129",
     "id_materia": "129"
    }
   ]
  },
  {
   "bloque": {
    "id": "17",
    "nombre": "17",
    "modulos": [
     {
      "dia": "Lunes",
      "entrada": "07:00",
      "salida": "10:00"
     },
     {
      "dia": "Lunes",
      "entrada": "07:00",
      "salida": "10:00"
     },
     {
      "dia": "Lunes",
      "entrada": "07:00",
      "salida": "10:00"
     },
     {
      "dia": "Lunes",
      "entrada": "07:00",
      "salida": "10:00"
     },
     {
      "dia": "Lunes",
      "entrada": "07:00",
      "salida": "10:00"
     }
    ]
   },
   "asignaciones": [
    {
     "profesor": "63",
     "id_profesor": "63",
     "materia": "20",
     "id_materia": "20"
    },
    {
     "profesor": "272",
     "id_profesor": "272",
     "materia": "29",
     "id_materia": "29"
    },
    {
     "profesor": "10",
     "id_profesor": "10",
     "materia": "43",
     "id_materia": "43"
    },
    {
     "profesor": "132",
     "id_profesor": "132",
     "materia": "48",
     "id_materia": "48"
    },
    {
     "profesor": "262",
     "id_profesor": "262",
     "materia": "65",
     "id_materia": "65"
    },
    {
     "profesor": "290",
     "id_profesor": "290",
     "materia": "93",
     "id_materia": "93"
    },
    {
     "profesor": "68",
     "id_profesor": "68",
     "materia": "95",
     "id_materia": "95"
    },
    {
     "profesor": "143",
     "id_profesor": "143",
     "materia": "124",
     "id_materia": "124"
    },
    {
     "profesor": "1",
     "id_profesor": "1",
     "materia": "145",
     "id_materia": "145"
    }
   ]
  },
  {
   "bloque": {
    "id": "18",
    "nombre": "18",
    "modulos": [
     {
      "dia": "Lunes",
      "entrada": "07:00",
      "salida": "10:00"
     },
     {
      "dia": "Lunes",
      "entrada": "07:00",
      "salida": "10:00"
     },
     {
      "dia": "Lunes",
      "entrada": "07:00",
      "salida": "10:00"
     },
     {
      "dia": "Lunes",
      "entrada": "07:00",
      "salida": "10:00"
     },
     {
      "dia": "Lunes",
      "entrada": "07:00",
      "salida": "10:00"
     }
    ]
   },
   "asignaciones": [
    {
     "profesor": "87",
     "id_profesor": "87",
     "materia": "5",
     "id_materia": "5"
    },
    {
     "profesor": "1",
     "id_profesor": "1",
     "materia": "30",
     "id_materia": "30"
    },
    {
     "profesor": "229",
     "id_profesor": "229",
     "materia": "50",
     "id_materia": "50"
    },
    {
     "profesor": "142",
     "id_profesor": "142",
     "materia": "57",
     "id_materia": "57"
    },
    {
     "profesor": "124",
     "id_profesor": "124",
     "materia": "63",
     "id_materia": "63"
    },
    {
     "profesor": "167",
     "id_profesor": "167",
     "materia": "65",
     "id_materia": "65"
    },
    {
     "profesor": "16",
     "id_profesor": "16",
     "materia": "116",
     "id_materia": "116"
    }
   ]
  },
  {
   "bloque": {
    "id": "19",
    "nombre": "19",
    "modulos": [
     {
      "dia": "Lunes",
      "entrada": "07:00",
      "salida": "10:00"
     },
     {
      "dia": "Lunes",
      "entrada": "07:00",
      "salida": "10:00"
     },
     {
      "dia": "Lunes",
      "entrada": "07:00",
      "salida": "10:00"
     },
     {
      "dia": "Lunes",
      "entrada": "07:00",
      "salida": "10:00"
     },
     {
      "dia": "Lunes",
      "entrada": "07:00",
      "salida": "10:00"
     }
    ]
   },
   "asignaciones": [
    {
     "profesor": "144",
     "id_profesor": "144",
     "materia": "11",
     "id_materia": "11"
    },
    {
     "profesor": "23",
     "id_profesor": "23",
     "materia": "24",
     "id_materia": "24"
    },
    {
     "profesor": "181",
     "id_profesor": "181",
     "materia": "34",
     "id_materia": "34"
    },
    {
     "profesor": "123",
     "id_profesor": "123",
     "materia": "66",
     "id_materia": "66"
    },
    {
     "profesor": "130",
     "id_profesor": "130",
     "materia": "108",
     "id_materia": "108"
    },
    {
     "profesor": "1",
     "id_profesor": "1",
     "materia": "118",
     "id_materia": "118"
    },
    {
     "profesor": "281",
     "id_profesor": "281",
     "materia": "146",
     "id_materia": "146"
    }
   ]
  },
  {
   "bloque": {
    "id": "20",
    "nombre": "20",
    "modulos": [
     {
      "dia": "Lunes",
      "entrada": "07:00",
      "salida": "10:00"
     },
     {
      "dia": "Lunes",
      "entrada": "07:00",
      "salida": "10:00"
     },
     {
      "dia": "Lunes",
      "entrada": "07:00",
      "salida": "10:00"
     },
     {
      "dia": "Lunes",
      "entrada": "07:00",
      "salida": "10:00"
     },
     {
      "dia": "Lunes",
      "entrada": "07:00",
      "salida": "10:00"
     }
    ]
   },
   "asignaciones": [
    {
     "profesor": "288",
     "id_profesor": "288",
     "materia": "8",
     "id_materia": "8"
    },
    {
     "profesor": "7",
     "id_profesor": "7",
     "materia": "12",
     "id_materia": "12"
    },
    {
     "profesor": "289",
     "id_profesor": "289",
     "materia": "80",
     "id_materia": "80"
    },
    {
     "profesor": "1",
     "id_profesor": "1",
     "materia": "96",
     "id_materia": "96"
    },
    {
     "profesor": "5",
     "id_profesor": "5",
     "materia": "122",
     "id_materia": "122"
    },
    {
     "profesor": "3",
     "id_profesor": "3",
     "materia": "142",
     "id_materia": "142"
    }
   ]
  },
  {
   "bloque": {
    "id": "21",
    "nombre": "21",
    "modulos": [
     {
      "dia": "Lunes",
      "entrada": "07:00",
      "salida": "10:00"
     },
     {
      "dia": "Lunes",
      "entrada": "07:00",
      "salida": "10:00"
     },
     {
      "dia": "Lunes",
      "entrada": "07:00",
      "salida": "10:00"
     },
     {
      "dia": "Lunes",
      "entrada": "07:00",
      "salida": "10:00"
     },
     {
      "dia": "Lunes",
      "entrada": "07:00",
      "salida": "10:00"
     }
    ]
   },
   "asignaciones": [
    {
     "profesor": "176",
     "id_profesor": "176",
     "materia": "11",
     "id_materia": "11"
    },
    {
     "profesor": "76",
     "id_profesor": "76",
     "materia": "39",
     "id_materia": "39"
    },
    {
     "profesor": "1",
     "id_profesor": "1",
     "materia": "42",
     "id_materia": "42"
    },
    {
     "profesor": "165",
     "id_profesor": "165",
     "materia": "73",
     "id_materia": "73"
    },
    {
     "profesor": "15",
     "id_profesor": "15",
     "materia": "80",
     "id_materia": "80"
    },
    {
     "profesor": "275",
     "id_profesor": "275",
     "materia": "82",
     "id_materia": "82"
    },
    {
     "profesor": "3",
     "id_profesor": "3",
     "materia": "91",
     "id_materia": "91"
    },
    {
     "profesor": "66",
     "id_profesor": "66",
     "materia": "130",
     "id_materia": "130"
    }
   ]
  },
  {
   "bloque": {
    "id": "22",
    "nombre": "22",
    "modulos": [
     {
      "dia": "Lunes",
      "entrada": "07:00",
      "salida": "10:00"
     },
     {
      "dia": "Lunes",
      "entrada": "07:00",
      "salida": "10:00"
     },
     {
      "dia": "Lunes",
      "entrada": "07:00",
      "salida": "10:00"
     },
     {
      "dia": "Lunes",
      "entrada": "07:00",
      "salida": "10:00"
     },
     {
      "dia": "Lunes",
      "entrada": "07:00",
      "salida": "10:00"
     }
    ]
   },
   "asignaciones": [
    {
     "profesor": "216",
     "id_profesor": "216",
     "materia": "7",
     "id_materia": "7"
    },
    {
     "profesor": "4",
     "id_profesor": "4",
     "materia": "53",
     "id_materia": "53"
    },
    {
     "profesor": "113",
     "id_profesor": "113",
     "materia": "54",
     "id_materia": "54"
    },
    {
     "profesor": "70",
     "id_profesor": "70",
     "materia": "67",
     "id_materia": "67"
    },
    {
     "profesor": "5",
     "id_profesor": "5",
     "materia": "69",
     "id_materia": "69"
    },
    {
     "profesor": "3",
     "id_profesor": "3",
     "materia": "125",
     "id_materia": "125"
    }
   ]
  },
  {
   "bloque": {
    "id": "23",
    "nombre": "23",
    "modulos": [
     {
      "dia": "Lunes",
      "entrada": "07:00",
      "salida": "10:00"
     },
     {
      "dia": "Lunes",
      "entrada": "07:00",
      "salida": "10:00"
     },
     {
      "dia": "Lunes",
      "entrada": "07:00",
      "salida": "10:00"
     },
     {
      "dia": "Lunes",
      "entrada": "07:00",
      "salida": "10:00"
     },
     {
      "dia": "Lunes",
      "entrada": "07:00",
      "salida": "10:00"
     }
    ]
   },
   "asignaciones": [
    {
     "profesor": "133",
     "id_profesor": "133",
     "materia": "2",
     "id_materia": "2"
    },
    {
     "profesor": "94",
     "id_profesor": "94",
     "materia": "4",
     "id_materia": "4"
    },
    {
     "profesor": "62",
     "id_profesor": "62",
     "materia": "21",
     "id_materia": "21"
    },
    {
     "profesor": "44",
     "id_profesor": "44",
     "materia": "24",
     "id_materia": "24"
    },
    {
     "profesor": "96",
     "id_profesor": "96",
     "materia": "81",
     "id_materia": "81"
    },
    {
     "profesor": "4",
     "id_profesor": "4",
     "materia": "86",
     "id_materia": "86"
    },
    {
     "profesor": "1",
     "id_profesor": "1",
     "materia": "96",
     "id_materia": "96"
    },
    {
     "profesor": "193",
     "id_profesor": "193",
     "materia": "150",
     "id_materia": "150"
    }
   ]
  },
  {
   "bloque": {
    "id": "24",
    "nombre": "24",
    "modulos": [
     {
      "dia": "Lunes",
      "entrada": "07:00",
      "salida": "10:00"
     },
     {
      "dia": "Lunes",
      "entrada": "07:00",
      "salida": "10:00"
     },
     {
      "dia": "Lunes",
      "entrada": "07:00",
      "salida": "10:00"
     },
     {
      "dia": "Lunes",
      "entrada": "07:00",
      "salida": "10:00"
     },
     {
      "dia": "Lunes",
      "entrada": "07:00",
      "salida": "10:00"
     }
    ]
   },
   "asignaciones": [
    {
     "profesor": "1",
     "id_profesor": "1",
     "materia": "77",
     "id_materia": "77"
    },
    {
     "profesor": "81",
     "id_profesor": "81",
     "materia": "128",
     "id_materia": "128"
    },
    {
     "profesor": "3",
     "id_profesor": "3",
     "materia": "136",
     "id_materia": "136"
    }
   ]
  },
  {
   "bloque": {
    "id": "25",
    "nombre": "25",
    "modulos": [
     {
      "dia": "Lunes",
      "entrada": "07:00",
      "salida": "10:00"
     },
     {
      "dia": "Lunes",
      "entrada": "07:00",
      "salida": "10:00"
     },
     {
      "dia": "Lunes",
      "entrada": "07:00",
      "salida": "10:00"
     },
     {
      "dia": "Lunes",
      "entrada": "07:00",
      "salida": "10:00"
     },
     {
      "dia": "Lunes",
      "entrada": "07:00",
      "salida": "10:00"
     }
    ]
   },
   "asignaciones": [
    {
     "profesor": "1",
     "id_profesor": "1",
     "materia": "6",
     "id_materia": "6"
    },
    {
     "profesor": "242",
     "id_profesor": "242",
     "materia": "117",
     "id_materia": "117"
    }
   ]
  },
  {
   "bloque": {
    "id": "26",
    "nombre": "26",
    "modulos": [
     {
      "dia": "Lunes",
      "entrada": "07:00",
      "salida": "10:00"
     },
     {
      "dia": "Lunes",
      "entrada": "07:00",
      "salida": "10:00"
     },
     {
      "dia": "Lunes",
      "entrada": "07:00",
      "salida": "10:00"
     },
     {
      "dia": "Lunes",
      "entrada": "07:00",
      "salida": "10:00"
     },
     {
      "dia": "Lunes",
      "entrada": "07:00",
      "salida": "10:00"
     }
    ]
   },
   "asignaciones": [
    {
     "profesor": "4",
     "id_profesor": "4",
     "materia": "15",
     "id_materia": "15"
    },
    {
     "profesor": "1",
     "id_profesor": "1",
     "materia": "22",
     "id_materia": "22"
    },
    {
     "profesor": "131",
     "id_profesor": "131",
     "materia": "47",
     "id_materia": "47"
    },
    {
     "profesor": "3",
     "id_profesor": "3",
     "materia": "113",
     "id_materia": "113"
    }
   ]
  },
  {
   "bloque": {
    "id": "27",
    "nombre": "27",
    "modulos": [
     {
      "dia": "Lunes",
      "entrada": "07:00",
      "salida": "10:00"
     },
     {
      "dia": "Lunes",
      "entrada": "07:00",
      "salida": "10:00"
     },
     {
      "dia": "Lunes",
      "entrada": "07:00",
      "salida": "10:00"
     },
     {
      "dia": "Lunes",
      "entrada": "07:00",
      "salida": "10:00"
     },
     {
      "dia": "Lunes",
      "entrada": "07:00",
      "salida": "10:00"
     }
    ]
   },
   "asignaciones": [
    {
     "profesor": "7",
     "id_profesor": "7",
     "materia": "12",
     "id_materia": "12"
    },
    {
     "profesor": "57",
     "id_profesor": "57",
     "materia": "17",
     "id_materia": "17"
    },
    {
     "profesor": "170",
     "id_profesor": "170",
     "materia": "18",
     "id_materia": "18"
    },
    {
     "profesor": "110",
     "id_profesor": "110",
     "materia": "23",
     "id_materia": "23"
    },
    {
     "profesor": "5",
     "id_profesor": "5",
     "materia": "69",
     "id_materia": "69"
    },
    {
     "profesor": "1",
     "id_profesor": "1",
     "materia": "74",
     "id_materia": "74"
    },
    {
     "profesor": "3",
     "id_profesor": "3",
     "materia": "107",
     "id_materia": "107"
    }
   ]
  },
  {
   "bloque": {
    "id": "28",
    "nombre": "28",
    "modulos": [
     {
      "dia": "Lunes",
      "entrada": "07:00",
      "salida": "10:00"
     },
     {
      "dia": "Lunes",
      "entrada": "07:00",
      "salida": "10:00"
     },
     {
      "dia": "Lunes",
      "entrada": "07:00",
      "salida": "10:00"
     },
     {
      "dia": "Lunes",
      "entrada": "07:00",
      "salida": "10:00"
     },
     {
      "dia": "Lunes",
      "entrada": "07:00",
      "salida": "10:00"
     }
    ]
   },
   "asignaciones": [
    {
     "profesor": "1",
     "id_profesor": "1",
     "materia": "13",
     "id_materia": "13"
    },
    {
     "profesor": "82",
     "id_profesor": "82",
     "materia": "29",
     "id_materia": "29"
    },
    {
     "profesor": "22",
     "id_profesor": "22",
     "materia": "66",
     "id_materia": "66"
    },
    {
     "profesor": "12",
     "id_profesor": "12",
     "materia": "71",
     "id_materia": "71"
    },
    {
     "profesor": "5",
     "id_profesor": "5",
     "materia": "109",
     "id_materia": "109"
    },
    {
     "profesor": "3",
     "id_profesor": "3",
     "materia": "112",
     "id_materia": "112"
    },
    {
     "profesor": "2",
     "id_profesor": "2",
     "materia": "119",
     "id_materia": "119"
    },
    {
     "profesor": "148",
     "id_profesor": "148",
     "materia": "143",
     "id_materia": "143"
    }
   ]
  },
  {
   "bloque": {
    "id": "29",
    "nombre": "29",
    "modulos": [
     {
      "dia": "Lunes",
      "entrada": "07:00",
      "salida": "10:00"
     },
     {
      "dia": "Lunes",
      "entrada": "07:00",
      "salida": "10:00"
     },
     {
      "dia": "Lunes",
      "entrada": "07:00",
      "salida": "10:00"
     },
     {
      "dia": "Lunes",
      "entrada": "07:00",
      "salida": "10:00"
     },
     {
      "dia": "Lunes",
      "entrada": "07:00",
      "salida": "10:00"
     }
    ]
   },
   "asignaciones": [
    {
     "profesor": "39",
     "id_profesor": "39",
     "materia": "54",
     "id_materia": "54"
    },
    {
     "profesor": "3",
     "id_profesor": "3",
     "materia": "68",
     "id_materia": "68"
    },
    {
     "profesor": "249",
     "id_profesor": "249",
     "materia": "83",
     "id_materia": "83"
    },
    {
     "profesor": "197",
     "id_profesor": "197",
     "materia": "115",
     "id_materia": "115"
    },
    {
     "profesor": "1",
     "id_profesor": "1",
     "materia": "145",
     "id_materia": "145"
    }
   ]
  },
  {
   "bloque": {
    "id": "30",
    "nombre": "30",
    "modulos": [
     {
      "dia": "Lunes",
      "entrada": "07:00",
      "salida": "10:00"
     },
     {
      "dia": "Lunes",
      "entrada": "07:00",
      "salida": "10:00"
     },
     {
      "dia": "Lunes",
      "entrada": "07:00",
      "salida": "10:00"
     },
     {
      "dia": "Lunes",
      "entrada": "07:00",
      "salida": "10:00"
     },
     {
      "dia": "Lunes",
      "entrada": "07:00",
      "salida": "10:00"
     }
    ]
   },
   "asignaciones": [
    {
     "profesor": "3",
     "id_profesor": "3",
     "materia": "27",
     "id_materia": "27"
    },
    {
     "profesor": "239",
     "id_profesor": "239",
     "materia": "57",
     "id_materia": "57"
    },
    {
     "profesor": "207",
     "id_profesor": "207",
     "materia": "123",
     "id_materia": "123"
    },
    {
     "profesor": "280",
     "id_profesor": "280",
     "materia": "131",
     "id_materia": "131"
    },
    {
     "profesor": "261",
     "id_profesor": "261",
     "materia": "134",
     "id_materia": "134"
    },
    {
     "profesor": "1",
     "id_profesor": "1",
     "materia": "135",
     "id_materia": "135"
    }
   ]
  },
  {
   "bloque": {
    "id": "31",
    "nombre": "31",
    "modulos": [
     {
      "dia": "Lunes",
      "entrada": "07:00",
      "salida": "10:00"
     },
     {
      "dia": "Lunes",
      "entrada": "07:00",
      "salida": "10:00"
     },
     {
      "dia": "Lunes",
      "entrada": "07:00",
      "salida": "10:00"
     },
     {
      "dia": "Lunes",
      "entrada": "07:00",
      "salida": "10:00"
     },
     {
      "dia": "Lunes",
      "entrada": "07:00",
      "salida": "10:00"
     }
    ]
   },
   "asignaciones": [
    {
     "profesor": "35",
     "id_profesor": "35",
     "materia": "3",
     "id_materia": "3"
    },
    {
     "profesor": "21",
     "id_profesor": "21",
     "materia": "23",
     "id_materia": "23"
    },
    {
     "profesor": "257",
     "id_profesor": "257",
     "materia": "47",
     "id_materia": "47"
    },
    {
     "profesor": "180",
     "id_profesor": "180",
     "materia": "61",
     "id_materia": "61"
    },
    {
     "profesor": "5",
     "id_profesor": "5",
     "materia": "78",
     "id_materia": "78"
    },
    {
     "profesor": "51",
     "id_profesor": "51",
     "materia": "110",
     "id_materia": "110"
    },
    {
     "profesor": "1",
     "id_profesor": "1",
     "materia": "118",
     "id_materia": "118"
    }
   ]
  },
  {
   "bloque": {
    "id": "32",
    "nombre": "32",
    "modulos": [
     {
      "dia": "Lunes",
      "entrada": "07:00",
      "salida": "10:00"
     },
     {
      "dia": "Lunes",
      "entrada": "07:00",
      "salida": "10:00"
     },
     {
      "dia": "Lunes",
      "entrada": "07:00",
      "salida": "10:00"
     },
     {
      "dia": "Lunes",
      "entrada": "07:00",
      "salida": "10:00"
     },
     {
      "dia": "Lunes",
      "entrada": "07:00",
      "salida": "10:00"
     }
    ]
   },
   "asignaciones": [
    {
     "profesor": "4",
     "id_profesor": "4",
     "materia": "10",
     "id_materia": "10"
    },
    {
     "profesor": "1",
     "id_profesor": "1",
     "materia": "13",
     "id_materia": "13"
    },
    {
     "profesor": "129",
     "id_profesor": "129",
     "materia": "20",
     "id_materia": "20"
    },
    {
     "profesor": "278",
     "id_profesor": "278",
     "materia": "40",
     "id_materia": "40"
    },
    {
     "profesor": "3",
     "id_profesor": "3",
     "materia": "45",
     "id_materia": "45"
    },
    {
     "profesor": "175",
     "id_profesor": "175",
     "materia": "80",
     "id_materia": "80"
    },
    {
     "profesor": "5",
     "id_profesor": "5",
     "materia": "92",
     "id_materia": "92"
    },
    {
     "profesor": "236",
     "id_profesor": "236",
     "materia": "141",
     "id_materia": "141"
    }
   ]
  },
  {
   "bloque": {
    "id": "33",
    "nombre": "33",
    "modulos": [
     {
      "dia": "Lunes",
      "entrada": "07:00",
      "salida": "10:00"
     },
     {
      "dia": "Lunes",
      "entrada": "07:00",
      "salida": "10:00"
     },
     {
      "dia": "Lunes",
      "entrada": "07:00",
      "salida": "10:00"
     },
     {
      "dia": "Lunes",
      "entrada": "07:00",
      "salida": "10:00"
     },
     {
      "dia": "Lunes",
      "entrada": "07:00",
      "salida": "10:00"
     }
    ]
   },
   "asignaciones": [
    {
     "profesor": "2",
     "id_profesor": "2",
     "materia": "19",
     "id_materia": "19"
    },
    {
     "profesor": "90",
     "id_profesor": "90",
     "materia": "36",
     "id_materia": "36"
    },
    {
     "profesor": "4",
     "id_profesor": "4",
     "materia": "51",
     "id_materia": "51"
    },
    {
     "profesor": "3",
     "id_profesor": "3",
     "materia": "91",
     "id_materia": "91"
    },
    {
     "profesor": "1",
     "id_profesor": "1",
     "materia": "132",
     "id_materia": "132"
    },
    {
     "profesor": "32",
     "id_profesor": "32",
     "materia": "133",
     "id_materia": "133"
    },
    {
     "profesor": "201",
     "id_profesor": "201",
     "materia": "149",
     "id_materia": "149"
    }
   ]
  },
  {
   "bloque": {
    "id": "34",
    "nombre": "34",
    "modulos": [
     {
      "dia": "Lunes",
      "entrada": "07:00",
      "salida": "10:00"
     },
     {
      "dia": "Lunes",
      "entrada": "07:00",
      "salida": "10:00"
     },
     {
      "dia": "Lunes",
      "entrada": "07:00",
      "salida": "10:00"
     },
     {
      "dia": "Lunes",
      "entrada": "07:00",
      "salida": "10:00"
     },
     {
      "dia": "Lunes",
      "entrada": "07:00",
      "salida": "10:00"
     }
    ]
   },
   "asignaciones": [
    {
     "profesor": "245",
     "id_profesor": "245",
     "materia": "56",
     "id_materia": "56"
    },
    {
     "profesor": "1",
     "id_profesor": "1",
     "materia": "72",
     "id_materia": "72"
    },
    {
     "profesor": "159",
     "id_profesor": "159",
     "materia": "99",
     "id_materia": "99"
    }
   ]
  },
  {
   "bloque": {
    "id": "35",
    "nombre": "35",
    "modulos": [
     {
      "dia": "Lunes",
      "entrada": "07:00",
      "salida": "10:00"
     },
     {
      "dia": "Lunes",
      "entrada": "07:00",
      "salida": "10:00"
     },
     {
      "dia": "Lunes",
      "entrada": "07:00",
      "salida": "10:00"
     },
     {
      "dia": "Lunes",
      "entrada": "07:00",
      "salida": "10:00"
     },
     {
      "dia": "Lunes",
      "entrada": "07:00",
      "salida": "10:00"
     }
    ]
   },
   "asignaciones": [
    {
     "profesor": "134",
     "id_profesor": "134",
     "materia": "16",
     "id_materia": "16"
    },
    {
     "profesor": "1",
     "id_profesor": "1",
     "materia": "42",
     "id_materia": "42"
    },
    {
     "profesor": "225",
     "id_profesor": "225",
     "materia": "55",
     "id_materia": "55"
    },
    {
     "profesor": "3",
     "id_profesor": "3",
     "materia": "59",
     "id_materia": "59"
    },
    {
     "profesor": "291",
     "id_profesor": "291",
     "materia": "103",
     "id_materia": "103"
    },
    {
     "profesor": "5",
     "id_profesor": "5",
     "materia": "109",
     "id_materia": "109"
    },
    {
     "profesor": "64",
     "id_profesor": "64",
     "materia": "130",
     "id_materia": "130"
    },
    {
     "profesor": "299",
     "id_profesor": "299",
     "materia": "140",
     "id_materia": "140"
    },
    {
     "profesor": "4",
     "id_profesor": "4",
     "materia": "143",
     "id_materia": "143"
    }
   ]
  },
  {
   "bloque": {
    "id": "36",
    "nombre": "36",
    "modulos": [
     {
      "dia": "Lunes",
      "entrada": "07:00",
      "salida": "10:00"
     },
     {
      "dia": "Lunes",
      "entrada": "07:00",
      "salida": "10:00"
     },
     {
      "dia": "Lunes",
      "entrada": "07:00",
      "salida": "10:00"
     },
     {
      "dia": "Lunes",
      "entrada": "07:00",
      "salida": "10:00"
     },
     {
      "dia": "Lunes",
      "entrada": "07:00",
      "salida": "10:00"
     }
    ]
   },
   "asignaciones": [
    {
     "profesor": "253",
     "id_profesor": "253",
     "materia": "18",
     "id_materia": "18"
    },
    {
     "profesor": "152",
     "id_profesor": "152",
     "materia": "21",
     "id_materia": "21"
    },
    {
     "profesor": "4",
     "id_profesor": "4",
     "materia": "53",
     "id_materia": "53"
    },
    {
     "profesor": "240",
     "id_profesor": "240",
     "materia": "87",
     "id_materia": "87"
    },
    {
     "profesor": "5",
     "id_profesor": "5",
     "materia": "92",
     "id_materia": "92"
    },
    {
     "profesor": "3",
     "id_profesor": "3",
     "materia": "113",
     "id_materia": "113"
    },
    {
     "profesor": "164",
     "id_profesor": "164",
     "materia": "121",
     "id_materia": "121"
    },
    {
     "profesor": "1",
     "id_profesor": "1",
     "materia": "132",
     "id_materia": "132"
    },
    {
     "profesor": "232",
     "id_profesor": "232",
     "materia": "137",
     "id_materia": "137"
    }
   ]
  },
  {
   "bloque": {
    "id": "37",
    "nombre": "37",
    "modulos": [
     {
      "dia": "Lunes",
      "entrada": "07:00",
      "salida": "10:00"
     },
     {
      "dia": "Lunes",
      "entrada": "07:00",
      "salida": "10:00"
     },
     {
      "dia": "Lunes",
      "entrada": "07:00",
      "salida": "10:00"
     },
     {
      "dia": "Lunes",
      "entrada": "07:00",
      "salida": "10:00"
     },
     {
      "dia": "Lunes",
      "entrada": "07:00",
      "salida": "10:00"
     }
    ]
   },
   "asignaciones": [
    {
     "profesor": "104",
     "id_profesor": "104",
     "materia": "11",
     "id_materia": "11"
    },
    {
     "profesor": "282",
     "id_profesor": "282",
     "materia": "18",
     "id_materia": "18"
    },
    {
     "profesor": "1",
     "id_profesor": "1",
     "materia": "30",
     "id_materia": "30"
    },
    {
     "profesor": "4",
     "id_profesor": "4",
     "materia": "51",
     "id_materia": "51"
    },
    {
     "profesor": "61",
     "id_profesor": "61",
     "materia": "84",
     "id_materia": "84"
    },
    {
     "profesor": "3",
     "id_profesor": "3",
     "materia": "107",
     "id_materia": "107"
    }
   ]
  },
  {
   "bloque": {
    "id": "38",
    "nombre": "38",
    "modulos": [
     {
      "dia": "Lunes",
      "entrada": "07:00",
      "salida": "10:00"
     },
     {
      "dia": "Lunes",
      "entrada": "07:00",
      "salida": "10:00"
     },
     {
      "dia": "Lunes",
      "entrada": "07:00",
      "salida": "10:00"
     },
     {
      "dia": "Lunes",
      "entrada": "07:00",
      "salida": "10:00"
     },
     {
      "dia": "Lunes",
      "entrada": "07:00",
      "salida": "10:00"
     }
    ]
   },
   "asignaciones": [
    {
     "profesor": "128",
     "id_profesor": "128",
     "materia": "4",
     "id_materia": "4"
    },
    {
     "profesor": "1",
     "id_profesor": "1",
     "materia": "13",
     "id_materia": "13"
    },
    {
     "profesor": "145",
     "id_profesor": "145",
     "materia": "50",
     "id_materia": "50"
    },
    {
     "profesor": "5",
     "id_profesor": "5",
     "materia": "69",
     "id_materia": "69"
    },
    {
     "profesor": "270",
     "id_profesor": "270",
     "materia": "75",
     "id_materia": "75"
    },
    {
     "profesor": "4",
     "id_profesor": "4",
     "materia": "88",
     "id_materia": "88"
    },
    {
     "profesor": "109",
     "id_profesor": "109",
     "materia": "102",
     "id_materia": "102"
    },
    {
     "profesor": "98",
     "id_profesor": "98",
     "materia": "123",
     "id_materia": "123"
    }
   ]
  },
  {
   "bloque": {
    "id": "39",
    "nombre": "39",
    "modulos": [
     {
      "dia": "Lunes",
      "entrada": "07:00",
      "salida": "10:00"
     },
     {
      "dia": "Lunes",
      "entrada": "07:00",
      "salida": "10:00"
     },
     {
      "dia": "Lunes",
      "entrada": "07:00",
      "salida": "10:00"
     },
     {
      "dia": "Lunes",
      "entrada": "07:00",
      "salida": "10:00"
     },
     {
      "dia": "Lunes",
      "entrada": "07:00",
      "salida": "10:00"
     }
    ]
   },
   "asignaciones": [
    {
     "profesor": "58",
     "id_profesor": "58",
     "materia": "4",
     "id_materia": "4"
    },
    {
     "profesor": "2",
     "id_profesor": "2",
     "materia": "19",
     "id_materia": "19"
    },
    {
     "profesor": "54",
     "id_profesor": "54",
     "materia": "35",
     "id_materia": "35"
    },
    {
     "profesor": "296",
     "id_profesor": "296",
     "materia": "48",
     "id_materia": "48"
    },
    {
     "profesor": "85",
     "id_profesor": "85",
     "materia": "85",
     "id_materia": "85"
    },
    {
     "profesor": "1",
     "id_profesor": "1",
     "materia": "96",
     "id_materia": "96"
    }
   ]
  },
  {
   "bloque": {
    "id": "40",
    "nombre": "40",
    "modulos": [
     {
      "dia": "Lunes",
      "entrada": "07:00",
      "salida": "10:00"
     },
     {
      "dia": "Lunes",
      "entrada": "07:00",
      "salida": "10:00"
     },
     {
      "dia": "Lunes",
      "entrada": "07:00",
      "salida": "10:00"
     },
     {
      "dia": "Lunes",
      "entrada": "07:00",
      "salida": "10:00"
     },
     {
      "dia": "Lunes",
      "entrada": "07:00",
      "salida": "10:00"
     }
    ]
   },
   "asignaciones": [
    {
     "profesor": "227",
     "id_profesor": "227",
     "materia": "25",
     "id_materia": "25"
    },
    {
     "profesor": "188",
     "id_profesor": "188",
     "materia": "53",
     "id_materia": "53"
    },
    {
     "profesor": "1",
     "id_profesor": "1",
     "materia": "74",
     "id_materia": "74"
    },
    {
     "profesor": "195",
     "id_profesor": "195",
     "materia": "110",
     "id_materia": "110"
    },
    {
     "profesor": "106",
     "id_profesor": "106",
     "materia": "128",
     "id_materia": "128"
    }
   ]
  },
  {
   "bloque": {
    "id": "41",
    "nombre": "41",
    "modulos": [
     {
      "dia": "Lunes",
      "entrada": "07:00",
      "salida": "10:00"
     },
     {
      "dia": "Lunes",
      "entrada": "07:00",
      "salida": "10:00"
     },
     {
      "dia": "Lunes",
      "entrada": "07:00",
      "salida": "10:00"
     },
     {
      "dia": "Lunes",
      "entrada": "07:00",
      "salida": "10:00"
     },
     {
      "dia": "Lunes",
      "entrada": "07:00",
      "salida": "10:00"
     }
    ]
   },
   "asignaciones": [
    {
     "profesor": "209",
     "id_profesor": "209",
     "materia": "105",
     "id_materia": "105"
    },
    {
     "profesor": "5",
     "id_profesor": "5",
     "materia": "122",
     "id_materia": "122"
    },
    {
     "profesor": "4",
     "id_profesor": "4",
     "materia": "129",
     "id_materia": "129"
    }
   ]
  },
  {
   "bloque": {
    "id": "42",
    "nombre": "42",
    "modulos": [
     {
      "dia": "Lunes",
      "entrada": "07:00",
      "salida": "10:00"
     },
     {
      "dia": "Lunes",
      "entrada": "07:00",
      "salida": "10:00"
     },
     {
      "dia": "Lunes",
      "entrada": "07:00",
      "salida": "10:00"
     },
     {
      "dia": "Lunes",
      "entrada": "07:00",
      "salida": "10:00"
     },
     {
      "dia": "Lunes",
      "entrada": "07:00",
      "salida": "10:00"
     }
    ]
   },
   "asignaciones": [
    {
     "profesor": "161",
     "id_profesor": "161",
     "materia": "48",
     "id_materia": "48"
    },
    {
     "profesor": "1",
     "id_profesor": "1",
     "materia": "74",
     "id_materia": "74"
    },
    {
     "profesor": "147",
     "id_profesor": "147",
     "materia": "83",
     "id_materia": "83"
    },
    {
     "profesor": "3",
     "id_profesor": "3",
     "materia": "101",
     "id_materia": "101"
    }
   ]
  },
  {
   "bloque": {
    "id": "43",
    "nombre": "43",
    "modulos": [
     {
      "dia": "Lunes",
      "entrada": "07:00",
      "salida": "10:00"
     },
     {
      "dia": "Lunes",
      "entrada": "07:00",
      "salida": "10:00"
     },
     {
      "dia": "Lunes",
      "entrada": "07:00",
      "salida": "10:00"
     },
     {
      "dia": "Lunes",
      "entrada": "07:00",
      "salida": "10:00"
     },
     {
      "dia": "Lunes",
      "entrada": "07:00",
      "salida": "10:00"
     }
    ]
   },
   "asignaciones": [
    {
     "profesor": "211",
     "id_profesor": "211",
     "materia": "1",
     "id_materia": "1"
    },
    {
     "profesor": "4",
     "id_profesor": "4",
     "materia": "44",
     "id_materia": "44"
    },
    {
     "profesor": "177",
     "id_profesor": "177",
     "materia": "100",
     "id_materia": "100"
    }
   ]
  },
  {
   "bloque": {
    "id": "44",
    "nombre": "44",
    "modulos": [
     {
      "dia": "Lunes",
      "entrada": "07:00",
      "salida": "10:00"
     },
     {
      "dia": "Lunes",
      "entrada": "07:00",
      "salida": "10:00"
     },
     {
      "dia": "Lunes",
      "entrada": "07:00",
      "salida": "10:00"
     },
     {
      "dia": "Lunes",
      "entrada": "07:00",
      "salida": "10:00"
     },
     {
      "dia": "Lunes",
      "entrada": "07:00",
      "salida": "10:00"
     }
    ]
   },
   "asignaciones": [
    {
     "profesor": "247",
     "id_profesor": "247",
     "materia": "9",
     "id_materia": "9"
    },
    {
     "profesor": "1",
     "id_profesor": "1",
     "materia": "33",
     "id_materia": "33"
    },
    {
     "profesor": "169",
     "id_profesor": "169",
     "materia": "36",
     "id_materia": "36"
    },
    {
     "profesor": "14",
     "id_profesor": "14",
     "materia": "81",
     "id_materia": "81"
    },
    {
     "profesor": "69",
     "id_profesor": "69",
     "materia": "120",
     "id_materia": "120"
    }
   ]
  },
  {
   "bloque": {
    "id": "45",
    "nombre": "45",
    "modulos": [
     {
      "dia": "Lunes",
      "entrada": "07:00",
      "salida": "10:00"
     },
     {
      "dia": "Lunes",
      "entrada": "07:00",
      "salida": "10:00"
     },
     {
      "dia": "Lunes",
      "entrada": "07:00",
      "salida": "10:00"
     },
     {
      "dia": "Lunes",
      "entrada": "07:00",
      "salida": "10:00"
     },
     {
      "dia": "Lunes",
      "entrada": "07:00",
      "salida": "10:00"
     }
    ]
   },
   "asignaciones": [
    {
     "profesor": "121",
     "id_profesor": "121",
     "materia": "24",
     "id_materia": "24"
    },
    {
     "profesor": "218",
     "id_profesor": "218",
     "materia": "49",
     "id_materia": "49"
    },
    {
     "profesor": "1",
     "id_profesor": "1",
     "materia": "89",
     "id_materia": "89"
    },
    {
     "profesor": "206",
     "id_profesor": "206",
     "materia": "97",
     "id_materia": "97"
    },
    {
     "profesor": "36",
     "id_profesor": "36",
     "materia": "117",
     "id_materia": "117"
    },
    {
     "profesor": "5",
     "id_profesor": "5",
     "materia": "122",
     "id_materia": "122"
    },
    {
     "profesor": "52",
     "id_profesor": "52",
     "materia": "124",
     "id_materia": "124"
    },
    {
     "profesor": "3",
     "id_profesor": "3",
     "materia": "125",
     "id_materia": "125"
    }
   ]
  },
  {
   "bloque": {
    "id": "46",
    "nombre": "46",
    "modulos": [
     {
      "dia": "Lunes",
      "entrada": "07:00",
      "salida": "10:00"
     },
     {
      "dia": "Lunes",
      "entrada": "07:00",
      "salida": "10:00"
     },
     {
      "dia": "Lunes",
      "entrada": "07:00",
      "salida": "10:00"
     },
     {
      "dia": "Lunes",
      "entrada": "07:00",
      "salida": "10:00"
     },
     {
      "dia": "Lunes",
      "entrada": "07:00",
      "salida": "10:00"
     }
    ]
   },
   "asignaciones": [
    {
     "profesor": "4",
     "id_profesor": "4",
     "materia": "1",
     "id_materia": "1"
    },
    {
     "profesor": "1",
     "id_profesor": "1",
     "materia": "33",
     "id_materia": "33"
    },
    {
     "profesor": "189",
     "id_profesor": "189",
     "materia": "58",
     "id_materia": "58"
    },
    {
     "profesor": "43",
     "id_profesor": "43",
     "materia": "73",
     "id_materia": "73"
    },
    {
     "profesor": "268",
     "id_profesor": "268",
     "materia": "108",
     "id_materia": "108"
    },
    {
     "profesor": "3",
     "id_profesor": "3",
     "materia": "127",
     "id_materia": "127"
    },
    {
     "profesor": "156",
     "id_profesor": "156",
     "materia": "134",
     "id_materia": "134"
    },
    {
     "profesor": "97",
     "id_profesor": "97",
     "materia": "150",
     "id_materia": "150"
    }
   ]
  },
  {
   "bloque": {
    "id": "47",
    "nombre": "47",
    "modulos": [
     {
      "dia": "Lunes",
      "entrada": "07:00",
      "salida": "10:00"
     },
     {
      "dia": "Lunes",
      "entrada": "07:00",
      "salida": "10:00"
     },
     {
      "dia": "Lunes",
      "entrada": "07:00",
      "salida": "10:00"
     },
     {
      "dia": "Lunes",
      "entrada": "07:00",
      "salida": "10:00"
     },
     {
      "dia": "Lunes",
      "entrada": "07:00",
      "salida": "10:00"
     }
    ]
   },
   "asignaciones": [
    {
     "profesor": "226",
     "id_profesor": "226",
     "materia": "34",
     "id_materia": "34"
    },
    {
     "profesor": "3",
     "id_profesor": "3",
     "materia": "68",
     "id_materia": "68"
    },
    {
     "profesor": "238",
     "id_profesor": "238",
     "materia": "84",
     "id_materia": "84"
    },
    {
     "profesor": "72",
     "id_profesor": "72",
     "materia": "103",
     "id_materia": "103"
    },
    {
     "profesor": "224",
     "id_profesor": "224",
     "materia": "115",
     "id_materia": "115"
    },
    {
     "profesor": "1",
     "id_profesor": "1",
     "materia": "145",
     "id_materia": "145"
    }
   ]
  },
  {
   "bloque": {
    "id": "48",
    "nombre": "48",
    "modulos": [
     {
      "dia": "Lunes",
      "entrada": "07:00",
      "salida": "10:00"
     },
     {
      "dia": "Lunes",
      "entrada": "07:00",
      "salida": "10:00"
     },
     {
      "dia": "Lunes",
      "entrada": "07:00",
      "salida": "10:00"
     },
     {
      "dia": "Lunes",
      "entrada": "07:00",
      "salida": "10:00"
     },
     {
      "dia": "Lunes",
      "entrada": "07:00",
      "salida": "10:00"
     }
    ]
   },
   "asignaciones": [
    {
     "profesor": "29",
     "id_profesor": "29",
     "materia": "2",
     "id_materia": "2"
    },
    {
     "profesor": "1",
     "id_profesor": "1",
     "materia": "42",
     "id_materia": "42"
    },
    {
     "profesor": "25",
     "id_profesor": "25",
     "materia": "55",
     "id_materia": "55"
    },
    {
     "profesor": "254",
     "id_profesor": "254",
     "materia": "84",
     "id_materia": "84"
    },
    {
     "profesor": "4",
     "id_profesor": "4",
     "materia": "86",
     "id_materia": "86"
    }
   ]
  },
  {
   "bloque": {
    "id": "49",
    "nombre": "49",
    "modulos": [
     {
      "dia": "Lunes",
      "entrada": "07:00",
      "salida": "10:00"
     },
     {
      "dia": "Lunes",
      "entrada": "07:00",
      "salida": "10:00"
     },
     {
      "dia": "Lunes",
      "entrada": "07:00",
      "salida": "10:00"
     },
     {
      "dia": "Lunes",
      "entrada": "07:00",
      "salida": "10:00"
     },
     {
      "dia": "Lunes",
      "entrada": "07:00",
      "salida": "10:00"
     }
    ]
   },
   "asignaciones": [
    {
     "profesor": "1",
     "id_profesor": "1",
     "materia": "31",
     "id_materia": "31"
    },
    {
     "profesor": "185",
     "id_profesor": "185",
     "materia": "97",
     "id_materia": "97"
    },
    {
     "profesor": "34",
     "id_profesor": "34",
     "materia": "138",
     "id_materia": "138"
    },
    {
     "profesor": "171",
     "id_profesor": "171",
     "materia": "138",
     "id_materia": "138"
    },
    {
     "profesor": "3",
     "id_profesor": "3",
     "materia": "142",
     "id_materia": "142"
    },
    {
     "profesor": "4",
     "id_profesor": "4",
     "materia": "143",
     "id_materia": "143"
    }
   ]
  },
  {
   "bloque": {
    "id": "50",
    "nombre": "50",
    "modulos": [
     {
      "dia": "Lunes",
      "entrada": "07:00",
      "salida": "10:00"
     },
     {
      "dia": "Lunes",
      "entrada": "07:00",
      "salida": "10:00"
     },
     {
      "dia": "Lunes",
      "entrada": "07:00",
      "salida": "10:00"
     },
     {
      "dia": "Lunes",
      "entrada": "07:00",
      "salida": "10:00"
     },
     {
      "dia": "Lunes",
      "entrada": "07:00",
      "salida": "10:00"
     }
    ]
   },
   "asignaciones": [
    {
     "profesor": "4",
     "id_profesor": "4",
     "materia": "8",
     "id_materia": "8"
    },
    {
     "profesor": "243",
     "id_profesor": "243",
     "materia": "57",
     "id_materia": "57"
    },
    {
     "profesor": "1",
     "id_profesor": "1",
     "materia": "72",
     "id_materia": "72"
    },
    {
     "profesor": "265",
     "id_profesor": "265",
     "materia": "97",
     "id_materia": "97"
    },
    {
     "profesor": "3",
     "id_profesor": "3",
     "materia": "101",
     "id_materia": "101"
    },
    {
     "profesor": "202",
     "id_profesor": "202",
     "materia": "133",
     "id_materia": "133"
    }
   ]
  },
  {
   "bloque": {
    "id": "51",
    "nombre": "51",
    "modulos": [
     {
      "dia": "Lunes",
      "entrada": "07:00",
      "salida": "10:00"
     },
     {
      "dia": "Lunes",
      "entrada": "07:00",
      "salida": "10:00"
     },
     {
      "dia": "Lunes",
      "entrada": "07:00",
      "salida": "10:00"
     },
     {
      "dia": "Lunes",
      "entrada": "07:00",
      "salida": "10:00"
     },
     {
      "dia": "Lunes",
      "entrada": "07:00",
      "salida": "10:00"
     }
    ]
   },
   "asignaciones": [
    {
     "profesor": "220",
     "id_profesor": "220",
     "materia": "2",
     "id_materia": "2"
    },
    {
     "profesor": "198",
     "id_profesor": "198",
     "materia": "4",
     "id_materia": "4"
    },
    {
     "profesor": "1",
     "id_profesor": "1",
     "materia": "6",
     "id_materia": "6"
    },
    {
     "profesor": "219",
     "id_profesor": "219",
     "materia": "36",
     "id_materia": "36"
    },
    {
     "profesor": "40",
     "id_profesor": "40",
     "materia": "38",
     "id_materia": "38"
    },
    {
     "profesor": "155",
     "id_profesor": "155",
     "materia": "49",
     "id_materia": "49"
    },
    {
     "profesor": "2",
     "id_profesor": "2",
     "materia": "64",
     "id_materia": "64"
    },
    {
     "profesor": "126",
     "id_profesor": "126",
     "materia": "85",
     "id_materia": "85"
    },
    {
     "profesor": "3",
     "id_profesor": "3",
     "materia": "91",
     "id_materia": "91"
    },
    {
     "profesor": "233",
     "id_profesor": "233",
     "materia": "106",
     "id_materia": "106"
    }
   ]
  },
  {
   "bloque": {
    "id": "52",
    "nombre": "52",
    "modulos": [
     {
      "dia": "Lunes",
      "entrada": "07:00",
      "salida": "10:00"
     },
     {
      "dia": "Lunes",
      "entrada": "07:00",
      "salida": "10:00"
     },
     {
      "dia": "Lunes",
      "entrada": "07:00",
      "salida": "10:00"
     },
     {
      "dia": "Lunes",
      "entrada": "07:00",
      "salida": "10:00"
     },
     {
      "dia": "Lunes",
      "entrada": "07:00",
      "salida": "10:00"
     }
    ]
   },
   "asignaciones": [
    {
     "profesor": "111",
     "id_profesor": "111",
     "materia": "15",
     "id_materia": "15"
    },
    {
     "profesor": "252",
     "id_profesor": "252",
     "materia": "21",
     "id_materia": "21"
    },
    {
     "profesor": "83",
     "id_profesor": "83",
     "materia": "67",
     "id_materia": "67"
    },
    {
     "profesor": "192",
     "id_profesor": "192",
     "materia": "73",
     "id_materia": "73"
    },
    {
     "profesor": "42",
     "id_profesor": "42",
     "materia": "77",
     "id_materia": "77"
    },
    {
     "profesor": "1",
     "id_profesor": "1",
     "materia": "132",
     "id_materia": "132"
    }
   ]
  },
  {
   "bloque": {
    "id": "53",
    "nombre": "53",
    "modulos": [
     {
      "dia": "Lunes",
      "entrada": "07:00",
      "salida": "10:00"
     },
     {
      "dia": "Lunes",
      "entrada": "07:00",
      "salida": "10:00"
     },
     {
      "dia": "Lunes",
      "entrada": "07:00",
      "salida": "10:00"
     },
     {
      "dia": "Lunes",
      "entrada": "07:00",
      "salida": "10:00"
     },
     {
      "dia": "Lunes",
      "entrada": "07:00",
      "salida": "10:00"
     }
    ]
   },
   "asignaciones": [
    {
     "profesor": "287",
     "id_profesor": "287",
     "materia": "7",
     "id_materia": "7"
    },
    {
     "profesor": "153",
     "id_profesor": "153",
     "materia": "16",
     "id_materia": "16"
    },
    {
     "profesor": "3",
     "id_profesor": "3",
     "materia": "45",
     "id_materia": "45"
    },
    {
     "profesor": "41",
     "id_profesor": "41",
     "materia": "59",
     "id_materia": "59"
    },
    {
     "profesor": "7",
     "id_profesor": "7",
     "materia": "71",
     "id_materia": "71"
    },
    {
     "profesor": "80",
     "id_profesor": "80",
     "materia": "81",
     "id_materia": "81"
    },
    {
     "profesor": "26",
     "id_profesor": "26",
     "materia": "106",
     "id_materia": "106"
    },
    {
     "profesor": "102",
     "id_profesor": "102",
     "materia": "121",
     "id_materia": "121"
    },
    {
     "profesor": "1",
     "id_profesor": "1",
     "materia": "126",
     "id_materia": "126"
    }
   ]
  },
  {
   "bloque": {
    "id": "54",
    "nombre": "54",
    "modulos": [
     {
      "dia": "Lunes",
      "entrada": "07:00",
      "salida": "10:00"
     },
     {
      "dia": "Lunes",
      "entrada": "07:00",
      "salida": "10:00"
     },
     {
      "dia": "Lunes",
      "entrada": "07:00",
      "salida": "10:00"
     },
     {
      "dia": "Lunes",
      "entrada": "07:00",
      "salida": "10:00"
     },
     {
      "dia": "Lunes",
      "entrada": "07:00",
      "salida": "10:00"
     }
    ]
   },
   "asignaciones": [
    {
     "profesor": "115",
     "id_profesor": "115",
     "materia": "41",
     "id_materia": "41"
    },
    {
     "profesor": "47",
     "id_profesor": "47",
     "materia": "52",
     "id_materia": "52"
    },
    {
     "profesor": "8",
     "id_profesor": "8",
     "materia": "94",
     "id_materia": "94"
    },
    {
     "profesor": "154",
     "id_profesor": "154",
     "materia": "131",
     "id_materia": "131"
    },
    {
     "profesor": "3",
     "id_profesor": "3",
     "materia": "142",
     "id_materia": "142"
    }
   ]
  },
  {
   "bloque": {
    "id": "55",
    "nombre": "55",
    "modulos": [
     {
      "dia": "Lunes",
      "entrada": "07:00",
      "salida": "10:00"
     },
     {
      "dia": "Lunes",
      "entrada": "07:00",
      "salida": "10:00"
     },
     {
      "dia": "Lunes",
      "entrada": "07:00",
      "salida": "10:00"
     },
     {
      "dia": "Lunes",
      "entrada": "07:00",
      "salida": "10:00"
     },
     {
      "dia": "Lunes",
      "entrada": "07:00",
      "salida": "10:00"
     }
    ]
   },
   "asignaciones": [
    {
     "profesor": "1",
     "id_profesor": "1",
     "materia": "6",
     "id_materia": "6"
    },
    {
     "profesor": "183",
     "id_profesor": "183",
     "materia": "23",
     "id_materia": "23"
    },
    {
     "profesor": "19",
     "id_profesor": "19",
     "materia": "25",
     "id_materia": "25"
    },
    {
     "profesor": "48",
     "id_profesor": "48",
     "materia": "66",
     "id_materia": "66"
    },
    {
     "profesor": "5",
     "id_profesor": "5",
     "materia": "76",
     "id_materia": "76"
    },
    {
     "profesor": "27",
     "id_profesor": "27",
     "materia": "82",
     "id_materia": "82"
    },
    {
     "profesor": "33",
     "id_profesor": "33",
     "materia": "83",
     "id_materia": "83"
    },
    {
     "profesor": "92",
     "id_profesor": "92",
     "materia": "94",
     "id_materia": "94"
    },
    {
     "profesor": "298",
     "id_profesor": "298",
     "materia": "95",
     "id_materia": "95"
    }
   ]
  },
  {
   "bloque": {
    "id": "56",
    "nombre": "56",
    "modulos": [
     {
      "dia": "Lunes",
      "entrada": "07:00",
      "salida": "10:00"
     },
     {
      "dia": "Lunes",
      "entrada": "07:00",
      "salida": "10:00"
     },
     {
      "dia": "Lunes",
      "entrada": "07:00",
      "salida": "10:00"
     },
     {
      "dia": "Lunes",
      "entrada": "07:00",
      "salida": "10:00"
     },
     {
      "dia": "Lunes",
      "entrada": "07:00",
      "salida": "10:00"
     }
    ]
   },
   "asignaciones": [
    {
     "profesor": "279",
     "id_profesor": "279",
     "materia": "23",
     "id_materia": "23"
    },
    {
     "profesor": "1",
     "id_profesor": "1",
     "materia": "26",
     "id_materia": "26"
    },
    {
     "profesor": "73",
     "id_profesor": "73",
     "materia": "39",
     "id_materia": "39"
    },
    {
     "profesor": "49",
     "id_profesor": "49",
     "materia": "70",
     "id_materia": "70"
    },
    {
     "profesor": "5",
     "id_profesor": "5",
     "materia": "78",
     "id_materia": "78"
    },
    {
     "profesor": "266",
     "id_profesor": "266",
     "materia": "79",
     "id_materia": "79"
    },
    {
     "profesor": "4",
     "id_profesor": "4",
     "materia": "88",
     "id_materia": "88"
    },
    {
     "profesor": "3",
     "id_profesor": "3",
     "materia": "127",
     "id_materia": "127"
    }
   ]
  },
  {
   "bloque": {
    "id": "57",
    "nombre": "57",
    "modulos": [
     {
      "dia": "Lunes",
      "entrada": "07:00",
      "salida": "10:00"
     },
     {
      "dia": "Lunes",
      "entrada": "07:00",
      "salida": "10:00"
     },
     {
      "dia": "Lunes",
      "entrada": "07:00",
      "salida": "10:00"
     },
     {
      "dia": "Lunes",
      "entrada": "07:00",
      "salida": "10:00"
     },
     {
      "dia": "Lunes",
      "entrada": "07:00",
      "salida": "10:00"
     }
    ]
   },
   "asignaciones": [
    {
     "profesor": "208",
     "id_profesor": "208",
     "materia": "2",
     "id_materia": "2"
    },
    {
     "profesor": "138",
     "id_profesor": "138",
     "materia": "9",
     "id_materia": "9"
    },
    {
     "profesor": "1",
     "id_profesor": "1",
     "materia": "46",
     "id_materia": "46"
    },
    {
     "profesor": "4",
     "id_profesor": "4",
     "materia": "64",
     "id_materia": "64"
    },
    {
     "profesor": "237",
     "id_profesor": "237",
     "materia": "105",
     "id_materia": "105"
    },
    {
     "profesor": "3",
     "id_profesor": "3",
     "materia": "113",
     "id_materia": "113"
    },
    {
     "profesor": "84",
     "id_profesor": "84",
     "materia": "116",
     "id_materia": "116"
    },
    {
     "profesor": "277",
     "id_profesor": "277",
     "materia": "116",
     "id_materia": "116"
    },
    {
     "profesor": "122",
     "id_profesor": "122",
     "materia": "133",
     "id_materia": "133"
    },
    {
     "profesor": "127",
     "id_profesor": "127",
     "materia": "147",
     "id_materia": "147"
    }
   ]
  },
  {
   "bloque": {
    "id": "58",
    "nombre": "58",
    "modulos": [
     {
      "dia": "Lunes",
      "entrada": "07:00",
      "salida": "10:00"
     },
     {
      "dia": "Lunes",
      "entrada": "07:00",
      "salida": "10:00"
     },
     {
      "dia": "Lunes",
      "entrada": "07:00",
      "salida": "10:00"
     },
     {
      "dia": "Lunes",
      "entrada": "07:00",
      "salida": "10:00"
     },
     {
      "dia": "Lunes",
      "entrada": "07:00",
      "salida": "10:00"
     }
    ]
   },
   "asignaciones": [
    {
     "profesor": "168",
     "id_profesor": "168",
     "materia": "41",
     "id_materia": "41"
    },
    {
     "profesor": "273",
     "id_profesor": "273",
     "materia": "61",
     "id_materia": "61"
    },
    {
     "profesor": "1",
     "id_profesor": "1",
     "materia": "89",
     "id_materia": "89"
    },
    {
     "profesor": "3",
     "id_profesor": "3",
     "materia": "139",
     "id_materia": "139"
    }
   ]
  },
  {
   "bloque": {
    "id": "59",
    "nombre": "59",
    "modulos": [
     {
      "dia": "Lunes",
      "entrada": "07:00",
      "salida": "10:00"
     },
     {
      "dia": "Lunes",
      "entrada": "07:00",
      "salida": "10:00"
     },
     {
      "dia": "Lunes",
      "entrada": "07:00",
      "salida": "10:00"
     },
     {
      "dia": "Lunes",
      "entrada": "07:00",
      "salida": "10:00"
     },
     {
      "dia": "Lunes",
      "entrada": "07:00",
      "salida": "10:00"
     }
    ]
   },
   "asignaciones": [
    {
     "profesor": "86",
     "id_profesor": "86",
     "materia": "34",
     "id_materia": "34"
    },
    {
     "profesor": "1",
     "id_profesor": "1",
     "materia": "89",
     "id_materia": "89"
    },
    {
     "profesor": "3",
     "id_profesor": "3",
     "materia": "139",
     "id_materia": "139"
    }
   ]
  },
  {
   "bloque": {
    "id": "60",
    "nombre": "60",
    "modulos": [
     {
      "dia": "Lunes",
      "entrada": "07:00",
      "salida": "10:00"
     },
     {
      "dia": "Lunes",
      "entrada": "07:00",
      "salida": "10:00"
     },
     {
      "dia": "Lunes",
      "entrada": "07:00",
      "salida": "10:00"
     },
     {
      "dia": "Lunes",
      "entrada": "07:00",
      "salida": "10:00"
     },
     {
      "dia": "Lunes",
      "entrada": "07:00",
      "salida": "10:00"
     }
    ]
   },
   "asignaciones": [
    {
     "profesor": "37",
     "id_profesor": "37",
     "materia": "3",
     "id_materia": "3"
    },
    {
     "profesor": "157",
     "id_profesor": "157",
     "materia": "8",
     "id_materia": "8"
    },
    {
     "profesor": "100",
     "id_profesor": "100",
     "materia": "37",
     "id_materia": "37"
    },
    {
     "profesor": "74",
     "id_profesor": "74",
     "materia": "39",
     "id_materia": "39"
    },
    {
     "profesor": "116",
     "id_profesor": "116",
     "materia": "43",
     "id_materia": "43"
    },
    {
     "profesor": "3",
     "id_profesor": "3",
     "materia": "68",
     "id_materia": "68"
    },
    {
     "profesor": "210",
     "id_profesor": "210",
     "materia": "93",
     "id_materia": "93"
    },
    {
     "profesor": "6",
     "id_profesor": "6",
     "materia": "100",
     "id_materia": "100"
    },
    {
     "profesor": "158",
     "id_profesor": "158",
     "materia": "150",
     "id_materia": "150"
    }
   ]
  },
  {
   "bloque": {
    "id": "61",
    "nombre": "61",
    "modulos": [
     {
      "dia": "Lunes",
      "entrada": "07:00",
      "salida": "10:00"
     },
     {
      "dia": "Lunes",
      "entrada": "07:00",
      "salida": "10:00"
     },
     {
      "dia": "Lunes",
      "entrada": "07:00",
      "salida": "10:00"
     },
     {
      "dia": "Lunes",
      "entrada": "07:00",
      "salida": "10:00"
     },
     {
      "dia": "Lunes",
      "entrada": "07:00",
      "salida": "10:00"
     }
    ]
   },
   "asignaciones": [
    {
     "profesor": "9",
     "id_profesor": "9",
     "materia": "9",
     "id_materia": "9"
    },
    {
     "profesor": "1",
     "id_profesor": "1",
     "materia": "31",
     "id_materia": "31"
    },
    {
     "profesor": "223",
     "id_profesor": "223",
     "materia": "37",
     "id_materia": "37"
    },
    {
     "profesor": "190",
     "id_profesor": "190",
     "materia": "40",
     "id_materia": "40"
    },
    {
     "profesor": "4",
     "id_profesor": "4",
     "materia": "44",
     "id_materia": "44"
    },
    {
     "profesor": "3",
     "id_profesor": "3",
     "materia": "45",
     "id_materia": "45"
    },
    {
     "profesor": "114",
     "id_profesor": "114",
     "materia": "49",
     "id_materia": "49"
    },
    {
     "profesor": "204",
     "id_profesor": "204",
     "materia": "63",
     "id_materia": "63"
    },
    {
     "profesor": "244",
     "id_profesor": "244",
     "materia": "64",
     "id_materia": "64"
    },
    {
     "profesor": "140",
     "id_profesor": "140",
     "materia": "70",
     "id_materia": "70"
    }
   ]
  },
  {
   "bloque": {
    "id": "62",
    "nombre": "62",
    "modulos": [
     {
      "dia": "Lunes",
      "entrada": "07:00",
      "salida": "10:00"
     },
     {
      "dia": "Lunes",
      "entrada": "07:00",
      "salida": "10:00"
     },
     {
      "dia": "Lunes",
      "entrada": "07:00",
      "salida": "10:00"
     },
     {
      "dia": "Lunes",
      "entrada": "07:00",
      "salida": "10:00"
     },
     {
      "dia": "Lunes",
      "entrada": "07:00",
      "salida": "10:00"
     }
    ]
   },
   "asignaciones": [
    {
     "profesor": "28",
     "id_profesor": "28",
     "materia": "3",
     "id_materia": "3"
    },
    {
     "profesor": "4",
     "id_profesor": "4",
     "materia": "14",
     "id_materia": "14"
    },
    {
     "profesor": "1",
     "id_profesor": "1",
     "materia": "22",
     "id_materia": "22"
    },
    {
     "profesor": "3",
     "id_profesor": "3",
     "materia": "139",
     "id_materia": "139"
    },
    {
     "profesor": "5",
     "id_profesor": "5",
     "materia": "148",
     "id_materia": "148"
    }
   ]
  },
  {
   "bloque": {
    "id": "63",
    "nombre": "63",
    "modulos": [
     {
      "dia": "Lunes",
      "entrada": "07:00",
      "salida": "10:00"
     },
     {
      "dia": "Lunes",
      "entrada": "07:00",
      "salida": "10:00"
     },
     {
      "dia": "Lunes",
      "entrada": "07:00",
      "salida": "10:00"
     },
     {
      "dia": "Lunes",
      "entrada": "07:00",
      "salida": "10:00"
     },
     {
      "dia": "Lunes",
      "entrada": "07:00",
      "salida": "10:00"
     }
    ]
   },
   "asignaciones": [
    {
     "profesor": "230",
     "id_profesor": "230",
     "materia": "20",
     "id_materia": "20"
    },
    {
     "profesor": "1",
     "id_profesor": "1",
     "materia": "30",
     "id_materia": "30"
    },
    {
     "profesor": "5",
     "id_profesor": "5",
     "materia": "62",
     "id_materia": "62"
    },
    {
     "profesor": "3",
     "id_profesor": "3",
     "materia": "65",
     "id_materia": "65"
    },
    {
     "profesor": "4",
     "id_profesor": "4",
     "materia": "129",
     "id_materia": "129"
    }
   ]
  },
  {
   "bloque": {
    "id": "64",
    "nombre": "64",
    "modulos": [
     {
      "dia": "Lunes",
      "entrada": "07:00",
      "salida": "10:00"
     },
     {
      "dia": "Lunes",
      "entrada": "07:00",
      "salida": "10:00"
     },
     {
      "dia": "Lunes",
      "entrada": "07:00",
      "salida": "10:00"
     },
     {
      "dia": "Lunes",
      "entrada": "07:00",
      "salida": "10:00"
     },
     {
      "dia": "Lunes",
      "entrada": "07:00",
      "salida": "10:00"
     }
    ]
   },
   "asignaciones": [
    {
     "profesor": "258",
     "id_profesor": "258",
     "materia": "5",
     "id_materia": "5"
    },
    {
     "profesor": "1",
     "id_profesor": "1",
     "materia": "46",
     "id_materia": "46"
    },
    {
     "profesor": "79",
     "id_profesor": "79",
     "materia": "60",
     "id_materia": "60"
    },
    {
     "profesor": "20",
     "id_profesor": "20",
     "materia": "90",
     "id_materia": "90"
    },
    {
     "profesor": "3",
     "id_profesor": "3",
     "materia": "136",
     "id_materia": "136"
    }
   ]
  },
  {
   "bloque": {
    "id": "65",
    "nombre": "65",
    "modulos": [
     {
      "dia": "Lunes",
      "entrada": "07:00",
      "salida": "10:00"
     },
     {
      "dia": "Lunes",
      "entrada": "07:00",
      "salida": "10:00"
     },
     {
      "dia": "Lunes",
      "entrada": "07:00",
      "salida": "10:00"
     },
     {
      "dia": "Lunes",
      "entrada": "07:00",
      "salida": "10:00"
     },
     {
      "dia": "Lunes",
      "entrada": "07:00",
      "salida": "10:00"
     }
    ]
   },
   "asignaciones": [
    {
     "profesor": "3",
     "id_profesor": "3",
     "materia": "27",
     "id_materia": "27"
    },
    {
     "profesor": "46",
     "id_profesor": "46",
     "materia": "55",
     "id_materia": "55"
    },
    {
     "profesor": "1",
     "id_profesor": "1",
     "materia": "126",
     "id_materia": "126"
    },
    {
     "profesor": "5",
     "id_profesor": "5",
     "materia": "148",
     "id_materia": "148"
    }
   ]
  },
  {
   "bloque": {
    "id": "66",
    "nombre": "66",
    "modulos": [
     {
      "dia": "Lunes",
      "entrada": "07:00",
      "salida": "10:00"
     },
     {
      "dia": "Lunes",
      "entrada": "07:00",
      "salida": "10:00"
     },
     {
      "dia": "Lunes",
      "entrada": "07:00",
      "salida": "10:00"
     },
     {
      "dia": "Lunes",
      "entrada": "07:00",
      "salida": "10:00"
     },
     {
      "dia": "Lunes",
      "entrada": "07:00",
      "salida": "10:00"
     }
    ]
   },
   "asignaciones": [
    {
     "profesor": "4",
     "id_profesor": "4",
     "materia": "1",
     "id_materia": "1"
    },
    {
     "profesor": "1",
     "id_profesor": "1",
     "materia": "26",
     "id_materia": "26"
    },
    {
     "profesor": "250",
     "id_profesor": "250",
     "materia": "35",
     "id_materia": "35"
    },
    {
     "profesor": "150",
     "id_profesor": "150",
     "materia": "70",
     "id_materia": "70"
    },
    {
     "profesor": "191",
     "id_profesor": "191",
     "materia": "75",
     "id_materia": "75"
    },
    {
     "profesor": "172",
     "id_profesor": "172",
     "materia": "93",
     "id_materia": "93"
    },
    {
     "profesor": "107",
     "id_profesor": "107",
     "materia": "131",
     "id_materia": "131"
    }
   ]
  },
  {
   "bloque": {
    "id": "67",
    "nombre": "67",
    "modulos": [
     {
      "dia": "Lunes",
      "entrada": "07:00",
      "salida": "10:00"
     },
     {
      "dia": "Lunes",
      "entrada": "07:00",
      "salida": "10:00"
     },
     {
      "dia": "Lunes",
      "entrada": "07:00",
      "salida": "10:00"
     },
     {
      "dia": "Lunes",
      "entrada": "07:00",
      "salida": "10:00"
     },
     {
      "dia": "Lunes",
      "entrada": "07:00",
      "salida": "10:00"
     }
    ]
   },
   "asignaciones": [
    {
     "profesor": "178",
     "id_profesor": "178",
     "materia": "3",
     "id_materia": "3"
    },
    {
     "profesor": "1",
     "id_profesor": "1",
     "materia": "46",
     "id_materia": "46"
    },
    {
     "profesor": "284",
     "id_profesor": "284",
     "materia": "52",
     "id_materia": "52"
    },
    {
     "profesor": "24",
     "id_profesor": "24",
     "materia": "104",
     "id_materia": "104"
    },
    {
     "profesor": "3",
     "id_profesor": "3",
     "materia": "111",
     "id_materia": "111"
    },
    {
     "profesor": "274",
     "id_profesor": "274",
     "materia": "114",
     "id_materia": "114"
    },
    {
     "profesor": "166",
     "id_profesor": "166",
     "materia": "130",
     "id_materia": "130"
    },
    {
     "profesor": "174",
     "id_profesor": "174",
     "materia": "149",
     "id_materia": "149"
    }
   ]
  },
  {
   "bloque": {
    "id": "68",
    "nombre": "68",
    "modulos": [
     {
      "dia": "Lunes",
      "entrada": "07:00",
      "salida": "10:00"
     },
     {
      "dia": "Lunes",
      "entrada": "07:00",
      "salida": "10:00"
     },
     {
      "dia": "Lunes",
      "entrada": "07:00",
      "salida": "10:00"
     },
     {
      "dia": "Lunes",
      "entrada": "07:00",
      "salida": "10:00"
     },
     {
      "dia": "Lunes",
      "entrada": "07:00",
      "salida": "10:00"
     }
    ]
   },
   "asignaciones": [
    {
     "profesor": "173",
     "id_profesor": "173",
     "materia": "10",
     "id_materia": "10"
    },
    {
     "profesor": "125",
     "id_profesor": "125",
     "materia": "17",
     "id_materia": "17"
    },
    {
     "profesor": "4",
     "id_profesor": "4",
     "materia": "51",
     "id_materia": "51"
    },
    {
     "profesor": "59",
     "id_profesor": "59",
     "materia": "60",
     "id_materia": "60"
    },
    {
     "profesor": "5",
     "id_profesor": "5",
     "materia": "62",
     "id_materia": "62"
    },
    {
     "profesor": "199",
     "id_profesor": "199",
     "materia": "105",
     "id_materia": "105"
    },
    {
     "profesor": "3",
     "id_profesor": "3",
     "materia": "111",
     "id_materia": "111"
    },
    {
     "profesor": "2",
     "id_profesor": "2",
     "materia": "119",
     "id_materia": "119"
    },
    {
     "profesor": "1",
     "id_profesor": "1",
     "materia": "126",
     "id_materia": "126"
    }
   ]
  },
  {
   "bloque": {
    "id": "69",
    "nombre": "69",
    "modulos": [
     {
      "dia": "Lunes",
      "entrada": "07:00",
      "salida": "10:00"
     },
     {
      "dia": "Lunes",
      "entrada": "07:00",
      "salida": "10:00"
     },
     {
      "dia": "Lunes",
      "entrada": "07:00",
      "salida": "10:00"
     },
     {
      "dia": "Lunes",
      "entrada": "07:00",
      "salida": "10:00"
     },
     {
      "dia": "Lunes",
      "entrada": "07:00",
      "salida": "10:00"
     }
    ]
   },
   "asignaciones": [
    {
     "profesor": "1",
     "id_profesor": "1",
     "materia": "22",
     "id_materia": "22"
    },
    {
     "profesor": "75",
     "id_profesor": "75",
     "materia": "56",
     "id_materia": "56"
    }
   ]
  },
  {
   "bloque": {
    "id": "70",
    "nombre": "70",
    "modulos": [
     {
      "dia": "Lunes",
      "entrada": "07:00",
      "salida": "10:00"
     },
     {
      "dia": "Lunes",
      "entrada": "07:00",
      "salida": "10:00"
     },
     {
      "dia": "Lunes",
      "entrada": "07:00",
      "salida": "10:00"
     },
     {
      "dia": "Lunes",
      "entrada": "07:00",
      "salida": "10:00"
     },
     {
      "dia": "Lunes",
      "entrada": "07:00",
      "salida": "10:00"
     }
    ]
   },
   "asignaciones": [
    {
     "profesor": "228",
     "id_profesor": "228",
     "materia": "29",
     "id_materia": "29"
    },
    {
     "profesor": "286",
     "id_profesor": "286",
     "materia": "38",
     "id_materia": "38"
    },
    {
     "profesor": "200",
     "id_profesor": "200",
     "materia": "95",
     "id_materia": "95"
    },
    {
     "profesor": "203",
     "id_profesor": "203",
     "materia": "140",
     "id_materia": "140"
    }
   ]
  },
  {
   "bloque": {
    "id": "71",
    "nombre": "71",
    "modulos": [
     {
      "dia": "Lunes",
      "entrada": "07:00",
      "salida": "10:00"
     },
     {
      "dia": "Lunes",
      "entrada": "07:00",
      "salida": "10:00"
     },
     {
      "dia": "Lunes",
      "entrada": "07:00",
      "salida": "10:00"
     },
     {
      "dia": "Lunes",
      "entrada": "07:00",
      "salida": "10:00"
     },
     {
      "dia": "Lunes",
      "entrada": "07:00",
      "salida": "10:00"
     }
    ]
   },
   "asignaciones": [
    {
     "profesor": "1",
     "id_profesor": "1",
     "materia": "22",
     "id_materia": "22"
    },
    {
     "profesor": "108",
     "id_profesor": "108",
     "materia": "35",
     "id_materia": "35"
    },
    {
     "profesor": "77",
     "id_profesor": "77",
     "materia": "54",
     "id_materia": "54"
    },
    {
     "profesor": "3",
     "id_profesor": "3",
     "materia": "127",
     "id_materia": "127"
    }
   ]
  },
  {
   "bloque": {
    "id": "72",
    "nombre": "72",
    "modulos": [
     {
      "dia": "Lunes",
      "entrada": "07:00",
      "salida": "10:00"
     },
     {
      "dia": "Lunes",
      "entrada": "07:00",
      "salida": "10:00"
     },
     {
      "dia": "Lunes",
      "entrada": "07:00",
      "salida": "10:00"
     },
     {
      "dia": "Lunes",
      "entrada": "07:00",
      "salida": "10:00"
     },
     {
      "dia": "Lunes",
      "entrada": "07:00",
      "salida": "10:00"
     }
    ]
   },
   "asignaciones": [
    {
     "profesor": "10",
     "id_profesor": "10",
     "materia": "7",
     "id_materia": "7"
    },
    {
     "profesor": "214",
     "id_profesor": "214",
     "materia": "7",
     "id_materia": "7"
    },
    {
     "profesor": "3",
     "id_profesor": "3",
     "materia": "28",
     "id_materia": "28"
    },
    {
     "profesor": "1",
     "id_profesor": "1",
     "materia": "31",
     "id_materia": "31"
    },
    {
     "profesor": "7",
     "id_profesor": "7",
     "materia": "79",
     "id_materia": "79"
    },
    {
     "profesor": "117",
     "id_profesor": "117",
     "materia": "128",
     "id_materia": "128"
    }
   ]
  },
  {
   "bloque": {
    "id": "73",
    "nombre": "73",
    "modulos": [
     {
      "dia": "Lunes",
      "entrada": "07:00",
      "salida": "10:00"
     },
     {
      "dia": "Lunes",
      "entrada": "07:00",
      "salida": "10:00"
     },
     {
      "dia": "Lunes",
      "entrada": "07:00",
      "salida": "10:00"
     },
     {
      "dia": "Lunes",
      "entrada": "07:00",
      "salida": "10:00"
     },
     {
      "dia": "Lunes",
      "entrada": "07:00",
      "salida": "10:00"
     }
    ]
   },
   "asignaciones": [
    {
     "profesor": "2",
     "id_profesor": "2",
     "materia": "19",
     "id_materia": "19"
    },
    {
     "profesor": "17",
     "id_profesor": "17",
     "materia": "20",
     "id_materia": "20"
    },
    {
     "profesor": "31",
     "id_profesor": "31",
     "materia": "67",
     "id_materia": "67"
    },
    {
     "profesor": "13",
     "id_profesor": "13",
     "materia": "102",
     "id_materia": "102"
    },
    {
     "profesor": "3",
     "id_profesor": "3",
     "materia": "111",
     "id_materia": "111"
    },
    {
     "profesor": "160",
     "id_profesor": "160",
     "materia": "119",
     "id_materia": "119"
    },
    {
     "profesor": "141",
     "id_profesor": "141",
     "materia": "140",
     "id_materia": "140"
    },
    {
     "profesor": "221",
     "id_profesor": "221",
     "materia": "141",
     "id_materia": "141"
    }
   ]
  },
  {
   "bloque": {
    "id": "74",
    "nombre": "74",
    "modulos": [
     {
      "dia": "Lunes",
      "entrada": "07:00",
      "salida": "10:00"
     },
     {
      "dia": "Lunes",
      "entrada": "07:00",
      "salida": "10:00"
     },
     {
      "dia": "Lunes",
      "entrada": "07:00",
      "salida": "10:00"
     },
     {
      "dia": "Lunes",
      "entrada": "07:00",
      "salida": "10:00"
     },
     {
      "dia": "Lunes",
      "entrada": "07:00",
      "salida": "10:00"
     }
    ]
   },
   "asignaciones": [
    {
     "profesor": "3",
     "id_profesor": "3",
     "materia": "32",
     "id_materia": "32"
    },
    {
     "profesor": "135",
     "id_profesor": "135",
     "materia": "90",
     "id_materia": "90"
    },
    {
     "profesor": "194",
     "id_profesor": "194",
     "materia": "144",
     "id_materia": "144"
    }
   ]
  },
  {
   "bloque": {
    "id": "75",
    "nombre": "75",
    "modulos": [
     {
      "dia": "Lunes",
      "entrada": "07:00",
      "salida": "10:00"
     },
     {
      "dia": "Lunes",
      "entrada": "07:00",
      "salida": "10:00"
     },
     {
      "dia": "Lunes",
      "entrada": "07:00",
      "salida": "10:00"
     },
     {
      "dia": "Lunes",
      "entrada": "07:00",
      "salida": "10:00"
     },
     {
      "dia": "Lunes",
      "entrada": "07:00",
      "salida": "10:00"
     }
    ]
   },
   "asignaciones": [
    {
     "profesor": "119",
     "id_profesor": "119",
     "materia": "5",
     "id_materia": "5"
    },
    {
     "profesor": "295",
     "id_profesor": "295",
     "materia": "15",
     "id_materia": "15"
    },
    {
     "profesor": "213",
     "id_profesor": "213",
     "materia": "16",
     "id_materia": "16"
    },
    {
     "profesor": "1",
     "id_profesor": "1",
     "materia": "33",
     "id_materia": "33"
    },
    {
     "profesor": "91",
     "id_profesor": "91",
     "materia": "59",
     "id_materia": "59"
    },
    {
     "profesor": "260",
     "id_profesor": "260",
     "materia": "146",
     "id_materia": "146"
    }
   ]
  }
 ],
 "error": "",
 "logs": null
}