{
 "distribuciones": [
  {
   "bloque": {
    "id": "1",
    "nombre": "1",
    "modulos": [
     {
      "dia": "Lunes",
      "entrada": "07:00",
      "salida": "10:00"
     }
    ]
   },
   "asignaciones": [
    {
     "profesor": "27",
     "id_profesor": "27",
     "materia": "1",
     "id_materia": "1"
    },
    {
     "profesor": "14",
     "id_profesor": "14",
     "materia": "2",
     "id_materia": "2"
    },
    {
     "profesor": "19",
     "id_profesor": "19",
     "materia": "2",
     "id_materia": "2"
    },
    {
     "profesor": "30",
     "id_profesor": "30",
     "materia": "2",
     "id_materia": "2"
    },
    {
     "profesor": "8",
     "id_profesor": "8",
     "materia": "4",
     "id_materia": "4"
    },
    {
     "profesor": "13",
     "id_profesor": "13",
     "materia": "4",
     "id_materia": "4"
    },
    {
     "profesor": "17",
     "id_profesor": "17",
     "materia": "4",
     "id_materia": "4"
    },
    {
     "profesor": "4",
     "id_profesor": "4",
     "materia": "5",
     "id_materia": "5"
    },
    {
     "profesor": "2",
     "id_profesor": "2",
     "materia": "6",
     "id_materia": "6"
    },
    {
     "profesor": "7",
     "id_profesor": "7",
     "materia": "6",
     "id_materia": "6"
    },
    {
     "profesor": "1",
     "id_profesor": "1",
     "materia": "7",
     "id_materia": "7"
    },
    {
     "profesor": "10",
     "id_profesor": "10",
     "materia": "8",
     "id_materia": "8"
    },
    {
     "profesor": "11",
     "id_profesor": "11",
     "materia": "8",
     "id_materia": "8"
    },
    {
     "profesor": "16",
     "id_profesor": "16",
     "materia": "9",
     "id_materia": "9"
    },
    {
     "profesor": "22",
     "id_profesor": "22",
     "materia": "9",
     "id_materia": "9"
    },
    {
     "profesor": "20",
     "id_profesor": "20",
     "materia": "10",
     "id_materia": "10"
    },
    {
     "profesor": "26",
     "id_profesor": "26",
     "materia": "10",
     "id_materia": "10"
    }
   ]
  },
  {
   "bloque": {
    "id": "2",
    "nombre": "2",
    "modulos": [
     {
      "dia": "Lunes",
      "entrada": "07:00",
      "salida": "10:00"
     }
    ]
   },
   "asignaciones": [
    {
     "profesor": "8",
     "id_profesor": "8",
     "materia": "1",
     "id_materia": "1"
    },
    {
     "profesor": "14",
     "id_profesor": "14",
     "materia": "2",
     "id_materia": "2"
    },
    {
     "profesor": "9",
     "id_profesor": "9",
     "materia": "3",
     "id_materia": "3"
    },
    {
     "profesor": "10",
     "id_profesor": "10",
     "materia": "3",
     "id_materia": "3"
    },
    {
     "profesor": "1",
     "id_profesor": "1",
     "materia": "5",
     "id_materia": "5"
    },
    {
     "profesor": "13",
     "id_profesor": "13",
     "materia": "5",
     "id_materia": "5"
    },
    {
     "profesor": "2",
     "id_profesor": "2",
     "materia": "6",
     "id_materia": "6"
    },
    {
     "profesor": "27",
     "id_profesor": "27",
     "materia": "6",
     "id_materia": "6"
    },
    {
     "profesor": "5",
     "id_profesor": "5",
     "materia": "7",
     "id_materia": "7"
    },
    {
     "profesor": "11",
     "id_profesor": "11",
     "materia": "8",
     "id_materia": "8"
    },
    {
     "profesor": "30",
     "id_profesor": "30",
     "materia": "8",
     "id_materia": "8"
    },
    {
     "profesor": "22",
     "id_profesor": "22",
     "materia": "9",
     "id_materia": "9"
    },
    {
     "profesor": "12",
     "id_profesor": "12",
     "materia": "10",
     "id_materia": "10"
    },
    {
     "profesor": "19",
     "id_profesor": "19",
     "materia": "10",
     "id_materia": "10"
    }
   ]
  },
  {
   "bloque": {
    "id": "3",
    "nombre": "3",
    "modulos": [
     {
      "dia": "Lunes",
      "entrada": "07:00",
      "salida": "10:00"
     }
    ]
   },
   "asignaciones": [
    {
     "profesor": "25",
     "id_profesor": "25",
     "materia": "1",
     "id_materia": "1"
    },
    {
     "profesor": "27",
     "id_profesor": "27",
     "materia": "1",
     "id_materia": "1"
    },
    {
     "profesor": "19",
     "id_profesor": "19",
     "materia": "2",
     "id_materia": "2"
    },
    {
     "profesor": "22",
     "id_profesor": "22",
     "materia": "2",
     "id_materia": "2"
    },
    {
     "profesor": "14",
     "id_profesor": "14",
     "materia": "3",
     "id_materia": "3"
    },
    {
     "profesor": "8",
     "id_profesor": "8",
     "materia": "4",
     "id_materia": "4"
    },
    {
     "profesor": "13",
     "id_profesor": "13",
     "materia": "4",
     "id_materia": "4"
    },
    {
     "profesor": "3",
     "id_profesor": "3",
     "materia": "5",
     "id_materia": "5"
    },
    {
     "profesor": "2",
     "id_profesor": "2",
     "materia": "6",
     "id_materia": "6"
    },
    {
     "profesor": "7",
     "id_profesor": "7",
     "materia": "6",
     "id_materia": "6"
    },
    {
     "profesor": "1",
     "id_profesor": "1",
     "materia": "7",
     "id_materia": "7"
    },
    {
     "profesor": "11",
     "id_profesor": "11",
     "materia": "8",
     "id_materia": "8"
    },
    {
     "profesor": "16",
     "id_profesor": "16",
     "materia": "9",
     "id_materia": "9"
    },
    {
     "profesor": "23",
     "id_profesor": "23",
     "materia": "9",
     "id_materia": "9"
    }
   ]
  },
  {
   "bloque": {
    "id": "4",
    "nombre": "4",
    "modulos": [
     {
      "dia": "Lunes",
      "entrada": "07:00",
      "salida": "10:00"
     }
    ]
   },
   "asignaciones": [
    {
     "profesor": "8",
     "id_profesor": "8",
     "materia": "1",
     "id_materia": "1"
    },
    {
     "profesor": "4",
     "id_profesor": "4",
     "materia": "2",
     "id_materia": "2"
    },
    {
     "profesor": "10",
     "id_profesor": "10",
     "materia": "3",
     "id_materia": "3"
    },
    {
     "profesor": "14",
     "id_profesor": "14",
     "materia": "3",
     "id_materia": "3"
    },
    {
     "profesor": "9",
     "id_profesor": "9",
     "materia": "4",
     "id_materia": "4"
    },
    {
     "profesor": "13",
     "id_profesor": "13",
     "materia": "4",
     "id_materia": "4"
    },
    {
     "profesor": "1",
     "id_profesor": "1",
     "materia": "5",
     "id_materia": "5"
    },
    {
     "profesor": "7",
     "id_profesor": "7",
     "materia": "6",
     "id_materia": "6"
    },
    {
     "profesor": "19",
     "id_profesor": "19",
     "materia": "7",
     "id_materia": "7"
    },
    {
     "profesor": "22",
     "id_profesor": "22",
     "materia": "9",
     "id_materia": "9"
    },
    {
     "profesor": "20",
     "id_profesor": "20",
     "materia": "10",
     "id_materia": "10"
    }
   ]
  },
  {
   "bloque": {
    "id": "5",
    "nombre": "5",
    "modulos": [
     {
      "dia": "Lunes",
      "entrada": "07:00",
      "salida": "10:00"
     }
    ]
   },
   "asignaciones": [
    {
     "profesor": "8",
     "id_profesor": "8",
     "materia": "1",
     "id_materia": "1"
    },
    {
     "profesor": "24",
     "id_profesor": "24",
     "materia": "1",
     "id_materia": "1"
    },
    {
     "profesor": "27",
     "id_profesor": "27",
     "materia": "1",
     "id_materia": "1"
    },
    {
     "profesor": "6",
     "id_profesor": "6",
     "materia": "3",
     "id_materia": "3"
    },
    {
     "profesor": "9",
     "id_profesor": "9",
     "materia": "3",
     "id_materia": "3"
    },
    {
     "profesor": "21",
     "id_profesor": "21",
     "materia": "3",
     "id_materia": "3"
    },
    {
     "profesor": "13",
     "id_profesor": "13",
     "materia": "4",
     "id_materia": "4"
    },
    {
     "profesor": "1",
     "id_profesor": "1",
     "materia": "5",
     "id_materia": "5"
    },
    {
     "profesor": "4",
     "id_profesor": "4",
     "materia": "5",
     "id_materia": "5"
    },
    {
     "profesor": "19",
     "id_profesor": "19",
     "materia": "7",
     "id_materia": "7"
    },
    {
     "profesor": "30",
     "id_profesor": "30",
     "materia": "8",
     "id_materia": "8"
    },
    {
     "profesor": "18",
     "id_profesor": "18",
     "materia": "9",
     "id_materia": "9"
    },
    {
     "profesor": "22",
     "id_profesor": "22",
     "materia": "9",
     "id_materia": "9"
    },
    {
     "profesor": "12",
     "id_profesor": "12",
     "materia": "10",
     "id_materia": "10"
    },
    {
     "profesor": "20",
     "id_profesor": "20",
     "materia": "10",
     "id_materia": "10"
    }
   ]
  },
  {
   "bloque": {
    "id": "6",
    "nombre": "6",
    "modulos": [
     {
      "dia": "Lunes",
      "entrada": "07:00",
      "salida": "10:00"
     }
    ]
   },
   "asignaciones": [
    {
     "profesor": "8",
     "id_profesor": "8",
     "materia": "1",
     "id_materia": "1"
    },
    {
     "profesor": "19",
     "id_profesor": "19",
     "materia": "2",
     "id_materia": "2"
    },
    {
     "profesor": "6",
     "id_profesor": "6",
     "materia": "3",
     "id_materia": "3"
    },
    {
     "profesor": "24",
     "id_profesor": "24",
     "materia": "4",
     "id_materia": "4"
    },
    {
     "profesor": "1",
     "id_profesor": "1",
     "materia": "5",
     "id_materia": "5"
    },
    {
     "profesor": "2",
     "id_profesor": "2",
     "materia": "5",
     "id_materia": "5"
    },
    {
     "profesor": "4",
     "id_profesor": "4",
     "materia": "5",
     "id_materia": "5"
    },
    {
     "profesor": "13",
     "id_profesor": "13",
     "materia": "5",
     "id_materia": "5"
    },
    {
     "profesor": "7",
     "id_profesor": "7",
     "materia": "6",
     "id_materia": "6"
    },
    {
     "profesor": "5",
     "id_profesor": "5",
     "materia": "7",
     "id_materia": "7"
    },
    {
     "profesor": "10",
     "id_profesor": "10",
     "materia": "8",
     "id_materia": "8"
    },
    {
     "profesor": "30",
     "id_profesor": "30",
     "materia": "8",
     "id_materia": "8"
    },
    {
     "profesor": "23",
     "id_profesor": "23",
     "materia": "9",
     "id_materia": "9"
    },
    {
     "profesor": "26",
     "id_profesor": "26",
     "materia": "10",
     "id_materia": "10"
    },
    {
     "profesor": "29",
     "id_profesor": "29",
     "materia": "10",
     "id_materia": "10"
    }
   ]
  },
  {
   "bloque": {
    "id": "7",
    "nombre": "7",
    "modulos": [
     {
      "dia": "Lunes",
      "entrada": "07:00",
      "salida": "10:00"
     }
    ]
   },
   "asignaciones": [
    {
     "profesor": "4",
     "id_profesor": "4",
     "materia": "2",
     "id_materia": "2"
    },
    {
     "profesor": "30",
     "id_profesor": "30",
     "materia": "2",
     "id_materia": "2"
    },
    {
     "profesor": "9",
     "id_profesor": "9",
     "materia": "3",
     "id_materia": "3"
    },
    {
     "profesor": "10",
     "id_profesor": "10",
     "materia": "3",
     "id_materia": "3"
    },
    {
     "profesor": "17",
     "id_profesor": "17",
     "materia": "4",
     "id_materia": "4"
    },
    {
     "profesor": "24",
     "id_profesor": "24",
     "materia": "4",
     "id_materia": "4"
    },
    {
     "profesor": "1",
     "id_profesor": "1",
     "materia": "5",
     "id_materia": "5"
    },
    {
     "profesor": "2",
     "id_profesor": "2",
     "materia": "5",
     "id_materia": "5"
    },
    {
     "profesor": "8",
     "id_profesor": "8",
     "materia": "6",
     "id_materia": "6"
    },
    {
     "profesor": "27",
     "id_profesor": "27",
     "materia": "6",
     "id_materia": "6"
    },
    {
     "profesor": "15",
     "id_profesor": "15",
     "materia": "7",
     "id_materia": "7"
    },
    {
     "profesor": "19",
     "id_profesor": "19",
     "materia": "7",
     "id_materia": "7"
    },
    {
     "profesor": "11",
     "id_profesor": "11",
     "materia": "8",
     "id_materia": "8"
    },
    {
     "profesor": "23",
     "id_profesor": "23",
     "materia": "9",
     "id_materia": "9"
    },
    {
     "profesor": "26",
     "id_profesor": "26",
     "materia": "10",
     "id_materia": "10"
    }
   ]
  },
  {
   "bloque": {
    "id": "8",
    "nombre": "8",
    "modulos": [
     {
      "dia": "Lunes",
      "entrada": "07:00",
      "salida": "10:00"
     }
    ]
   },
   "asignaciones": [
    {
     "profesor": "23",
     "id_profesor": "23",
     "materia": "1",
     "id_materia": "1"
    },
    {
     "profesor": "24",
     "id_profesor": "24",
     "materia": "1",
     "id_materia": "1"
    },
    {
     "profesor": "4",
     "id_profesor": "4",
     "materia": "2",
     "id_materia": "2"
    },
    {
     "profesor": "14",
     "id_profesor": "14",
     "materia": "2",
     "id_materia": "2"
    },
    {
     "profesor": "8",
     "id_profesor": "8",
     "materia": "4",
     "id_materia": "4"
    },
    {
     "profesor": "1",
     "id_profesor": "1",
     "materia": "7",
     "id_materia": "7"
    },
    {
     "profesor": "7",
     "id_profesor": "7",
     "materia": "7",
     "id_materia": "7"
    },
    {
     "profesor": "19",
     "id_profesor": "19",
     "materia": "7",
     "id_materia": "7"
    }
   ]
  },
  {
   "bloque": {
    "id": "9",
    "nombre": "9",
    "modulos": [
     {
      "dia": "Lunes",
      "entrada": "07:00",
      "salida": "10:00"
     }
    ]
   },
   "asignaciones": [
    {
     "profesor": "6",
     "id_profesor": "6",
     "materia": "3",
     "id_materia": "3"
    },
    {
     "profesor": "10",
     "id_profesor": "10",
     "materia": "3",
     "id_materia": "3"
    },
    {
     "profesor": "13",
     "id_profesor": "13",
     "materia": "4",
     "id_materia": "4"
    },
    {
     "profesor": "17",
     "id_profesor": "17",
     "materia": "4",
     "id_materia": "4"
    },
    {
     "profesor": "2",
     "id_profesor": "2",
     "materia": "6",
     "id_materia": "6"
    },
    {
     "profesor": "27",
     "id_profesor": "27",
     "materia": "6",
     "id_materia": "6"
    },
    {
     "profesor": "1",
     "id_profesor": "1",
     "materia": "7",
     "id_materia": "7"
    },
    {
     "profesor": "19",
     "id_profesor": "19",
     "materia": "7",
     "id_materia": "7"
    },
    {
     "profesor": "30",
     "id_profesor": "30",
     "materia": "8",
     "id_materia": "8"
    },
    {
     "profesor": "22",
     "id_profesor": "22",
     "materia": "9",
     "id_materia": "9"
    },
    {
     "profesor": "23",
     "id_profesor": "23",
     "materia": "9",
     "id_materia": "9"
    },
    {
     "profesor": "12",
     "id_profesor": "12",
     "materia": "10",
     "id_materia": "10"
    }
   ]
  },
  {
   "bloque": {
    "id": "10",
    "nombre": "10",
    "modulos": [
     {
      "dia": "Lunes",
      "entrada": "07:00",
      "salida": "10:00"
     }
    ]
   },
   "asignaciones": [
    {
     "profesor": "5",
     "id_profesor": "5",
     "materia": "1",
     "id_materia": "1"
    },
    {
     "profesor": "8",
     "id_profesor": "8",
     "materia": "1",
     "id_materia": "1"
    },
    {
     "profesor": "27",
     "id_profesor": "27",
     "materia": "1",
     "id_materia": "1"
    },
    {
     "profesor": "4",
     "id_profesor": "4",
     "materia": "2",
     "id_materia": "2"
    },
    {
     "profesor": "14",
     "id_profesor": "14",
     "materia": "2",
     "id_materia": "2"
    },
    {
     "profesor": "10",
     "id_profesor": "10",
     "materia": "3",
     "id_materia": "3"
    },
    {
     "profesor": "13",
     "id_profesor": "13",
     "materia": "5",
     "id_materia": "5"
    },
    {
     "profesor": "2",
     "id_profesor": "2",
     "materia": "6",
     "id_materia": "6"
    },
    {
     "profesor": "7",
     "id_profesor": "7",
     "materia": "6",
     "id_materia": "6"
    },
    {
     "profesor": "1",
     "id_profesor": "1",
     "materia": "7",
     "id_materia": "7"
    },
    {
     "profesor": "11",
     "id_profesor": "11",
     "materia": "8",
     "id_materia": "8"
    },
    {
     "profesor": "22",
     "id_profesor": "22",
     "materia": "8",
     "id_materia": "8"
    },
    {
     "profesor": "30",
     "id_profesor": "30",
     "materia": "8",
     "id_materia": "8"
    },
    {
     "profesor": "23",
     "id_profesor": "23",
     "materia": "9",
     "id_materia": "9"
    },
    {
     "profesor": "26",
     "id_profesor": "26",
     "materia": "10",
     "id_materia": "10"
    },
    {
     "profesor": "28",
     "id_profesor": "28",
     "materia": "10",
     "id_materia": "10"
    }
   ]
  }
 ],
 "error": "",
 "logs": null
}