{
 "distribuciones": [
  {
   "bloque": {
    "id": "1",
    "nombre": "1",
    "modulos": [
     {
      "dia": "Lunes",
      "entrada": "07:00",
      "salida": "10:00"
     },
     {
      "dia": "Lunes",
      "entrada": "07:00",
      "salida": "10:00"
     },
     {
      "dia": "Lunes",
      "entrada": "07:00",
      "salida": "10:00"
     },
     {
      "dia": "Lunes",
      "entrada": "07:00",
      "salida": "10:00"
     },
     {
      "dia": "Lunes",
      "entrada": "07:00",
      "salida": "10:00"
     }
    ]
   },
   "asignaciones": [
    {
     "profesor": "3",
     "id_profesor": "3",
     "materia": "25",
     "id_materia": "25"
    }
   ]
  },
  {
   "bloque": {
    "id": "2",
    "nombre": "2",
    "modulos": [
     {
      "dia": "Lunes",
      "entrada": "07:00",
      "salida": "10:00"
     },
     {
      "dia": "Lunes",
      "entrada": "07:00",
      "salida": "10:00"
     },
     {
      "dia": "Lunes",
      "entrada": "07:00",
      "salida": "10:00"
     },
     {
      "dia": "Lunes",
      "entrada": "07:00",
      "salida": "10:00"
     },
     {
      "dia": "Lunes",
      "entrada": "07:00",
      "salida": "10:00"
     }
    ]
   },
   "asignaciones": [
    {
     "profesor": "23",
     "id_profesor": "23",
     "materia": "22",
     "id_materia": "22"
    }
   ]
  },
  {
   "bloque": {
    "id": "3",
    "nombre": "3",
    "modulos": [
     {
      "dia": "Lunes",
      "entrada": "07:00",
      "salida": "10:00"
     },
     {
      "dia": "Lunes",
      "entrada": "07:00",
      "salida": "10:00"
     },
     {
      "dia": "Lunes",
      "entrada": "07:00",
      "salida": "10:00"
     },
     {
      "dia": "Lunes",
      "entrada": "07:00",
      "salida": "10:00"
     },
     {
      "dia": "Lunes",
      "entrada": "07:00",
      "salida": "10:00"
     }
    ]
   },
   "asignaciones": [
    {
     "profesor": "22",
     "id_profesor": "22",
     "materia": "3",
     "id_materia": "3"
    }
   ]
  },
  {
   "bloque": {
    "id": "4",
    "nombre": "4",
    "modulos": [
     {
      "dia": "Lunes",
      "entrada": "07:00",
      "salida": "10:00"
     },
     {
      "dia": "Lunes",
      "entrada": "07:00",
      "salida": "10:00"
     },
     {
      "dia": "Lunes",
      "entrada": "07:00",
      "salida": "10:00"
     },
     {
      "dia": "Lunes",
      "entrada": "07:00",
      "salida": "10:00"
     },
     {
      "dia": "Lunes",
      "entrada": "07:00",
      "salida": "10:00"
     }
    ]
   },
   "asignaciones": [
    {
     "profesor": "7",
     "id_profesor": "7",
     "materia": "2",
     "id_materia": "2"
    },
    {
     "profesor": "4",
     "id_profesor": "4",
     "materia": "7",
     "id_materia": "7"
    },
    {
     "profesor": "17",
     "id_profesor": "17",
     "materia": "19",
     "id_materia": "19"
    }
   ]
  },
  {
   "bloque": {
    "id": "7",
    "nombre": "7",
    "modulos": [
     {
      "dia": "Lunes",
      "entrada": "07:00",
      "salida": "10:00"
     },
     {
      "dia": "Lunes",
      "entrada": "07:00",
      "salida": "10:00"
     },
     {
      "dia": "Lunes",
      "entrada": "07:00",
      "salida": "10:00"
     },
     {
      "dia": "Lunes",
      "entrada": "07:00",
      "salida": "10:00"
     },
     {
      "dia": "Lunes",
      "entrada": "07:00",
      "salida": "10:00"
     }
    ]
   },
   "asignaciones": [
    {
     "profesor": "5",
     "id_profesor": "5",
     "materia": "14",
     "id_materia": "14"
    },
    {
     "profesor": "25",
     "id_profesor": "25",
     "materia": "24",
     "id_materia": "24"
    }
   ]
  },
  {
   "bloque": {
    "id": "8",
    "nombre": "8",
    "modulos": [
     {
      "dia": "Lunes",
      "entrada": "07:00",
      "salida": "10:00"
     },
     {
      "dia": "Lunes",
      "entrada": "07:00",
      "salida": "10:00"
     },
     {
      "dia": "Lunes",
      "entrada": "07:00",
      "salida": "10:00"
     },
     {
      "dia": "Lunes",
      "entrada": "07:00",
      "salida": "10:00"
     },
     {
      "dia": "Lunes",
      "entrada": "07:00",
      "salida": "10:00"
     }
    ]
   },
   "asignaciones": [
    {
     "profesor": "15",
     "id_profesor": "15",
     "materia": "11",
     "id_materia": "11"
    }
   ]
  },
  {
   "bloque": {
    "id": "9",
    "nombre": "9",
    "modulos": [
     {
      "dia": "Lunes",
      "entrada": "07:00",
      "salida": "10:00"
     },
     {
      "dia": "Lunes",
      "entrada": "07:00",
      "salida": "10:00"
     },
     {
      "dia": "Lunes",
      "entrada": "07:00",
      "salida": "10:00"
     },
     {
      "dia": "Lunes",
      "entrada": "07:00",
      "salida": "10:00"
     },
     {
      "dia": "Lunes",
      "entrada": "07:00",
      "salida": "10:00"
     }
    ]
   },
   "asignaciones": [
    {
     "profesor": "12",
     "id_profesor": "12",
     "materia": "10",
     "id_materia": "10"
    }
   ]
  },
  {
   "bloque": {
    "id": "13",
    "nombre": "13",
    "modulos": [
     {
      "dia": "Lunes",
      "entrada": "07:00",
      "salida": "10:00"
     },
     {
      "dia": "Lunes",
      "entrada": "07:00",
      "salida": "10:00"
     },
     {
      "dia": "Lunes",
      "entrada": "07:00",
      "salida": "10:00"
     },
     {
      "dia": "Lunes",
      "entrada": "07:00",
      "salida": "10:00"
     },
     {
      "dia": "Lunes",
      "entrada": "07:00",
      "salida": "10:00"
     }
    ]
   },
   "asignaciones": [
    {
     "profesor": "16",
     "id_profesor": "16",
     "materia": "5",
     "id_materia": "5"
    }
   ]
  },
  {
   "bloque": {
    "id": "14",
    "nombre": "14",
    "modulos": [
     {
      "dia": "Lunes",
      "entrada": "07:00",
      "salida": "10:00"
     },
     {
      "dia": "Lunes",
      "entrada": "07:00",
      "salida": "10:00"
     },
     {
      "dia": "Lunes",
      "entrada": "07:00",
      "salida": "10:00"
     },
     {
      "dia": "Lunes",
      "entrada": "07:00",
      "salida": "10:00"
     },
     {
      "dia": "Lunes",
      "entrada": "07:00",
      "salida": "10:00"
     }
    ]
   },
   "asignaciones": [
    {
     "profesor": "20",
     "id_profesor": "20",
     "materia": "16",
     "id_materia": "16"
    }
   ]
  },
  {
   "bloque": {
    "id": "15",
    "nombre": "15",
    "modulos": [
     {
      "dia": "Lunes",
      "entrada": "07:00",
      "salida": "10:00"
     },
     {
      "dia": "Lunes",
      "entrada": "07:00",
      "salida": "10:00"
     },
     {
      "dia": "Lunes",
      "entrada": "07:00",
      "salida": "10:00"
     },
     {
      "dia": "Lunes",
      "entrada": "07:00",
      "salida": "10:00"
     },
     {
      "dia": "Lunes",
      "entrada": "07:00",
      "salida": "10:00"
     }
    ]
   },
   "asignaciones": [
    {
     "profesor": "6",
     "id_profesor": "6",
     "materia": "21",
     "id_materia": "21"
    }
   ]
  },
  {
   "bloque": {
    "id": "16",
    "nombre": "16",
    "modulos": [
     {
      "dia": "Lunes",
      "entrada": "07:00",
      "salida": "10:00"
     },
     {
      "dia": "Lunes",
      "entrada": "07:00",
      "salida": "10:00"
     },
     {
      "dia": "Lunes",
      "entrada": "07:00",
      "salida": "10:00"
     },
     {
      "dia": "Lunes",
      "entrada": "07:00",
      "salida": "10:00"
     },
     {
      "dia": "Lunes",
      "entrada": "07:00",
      "salida": "10:00"
     }
    ]
   },
   "asignaciones": [
    {
     "profesor": "19",
     "id_profesor": "19",
     "materia": "18",
     "id_materia": "18"
    }
   ]
  },
  {
   "bloque": {
    "id": "19",
    "nombre": "19",
    "modulos": [
     {
      "dia": "Lunes",
      "entrada": "07:00",
      "salida": "10:00"
     },
     {
      "dia": "Lunes",
      "entrada": "07:00",
      "salida": "10:00"
     },
     {
      "dia": "Lunes",
      "entrada": "07:00",
      "salida": "10:00"
     },
     {
      "dia": "Lunes",
      "entrada": "07:00",
      "salida": "10:00"
     },
     {
      "dia": "Lunes",
      "entrada": "07:00",
      "salida": "10:00"
     }
    ]
   },
   "asignaciones": [
    {
     "profesor": "2",
     "id_profesor": "2",
     "materia": "6",
     "id_materia": "6"
    }
   ]
  },
  {
   "bloque": {
    "id": "21",
    "nombre": "21",
    "modulos": [
     {
      "dia": "Lunes",
      "entrada": "07:00",
      "salida": "10:00"
     },
     {
      "dia": "Lunes",
      "entrada": "07:00",
      "salida": "10:00"
     },
     {
      "dia": "Lunes",
      "entrada": "07:00",
      "salida": "10:00"
     },
     {
      "dia": "Lunes",
      "entrada": "07:00",
      "salida": "10:00"
     },
     {
      "dia": "Lunes",
      "entrada": "07:00",
      "salida": "10:00"
     }
    ]
   },
   "asignaciones": [
    {
     "profesor": "10",
     "id_profesor": "10",
     "materia": "4",
     "id_materia": "4"
    },
    {
     "profesor": "11",
     "id_profesor": "11",
     "materia": "20",
     "id_materia": "20"
    },
    {
     "profesor": "1",
     "id_profesor": "1",
     "materia": "23",
     "id_materia": "23"
    }
   ]
  },
  {
   "bloque": {
    "id": "23",
    "nombre": "23",
    "modulos": [
     {
      "dia": "Lunes",
      "entrada": "07:00",
      "salida": "10:00"
     },
     {
      "dia": "Lunes",
      "entrada": "07:00",
      "salida": "10:00"
     },
     {
      "dia": "Lunes",
      "entrada": "07:00",
      "salida": "10:00"
     },
     {
      "dia": "Lunes",
      "entrada": "07:00",
      "salida": "10:00"
     },
     {
      "dia": "Lunes",
      "entrada": "07:00",
      "salida": "10:00"
     }
    ]
   },
   "asignaciones": [
    {
     "profesor": "21",
     "id_profesor": "21",
     "materia": "9",
     "id_materia": "9"
    }
   ]
  },
  {
   "bloque": {
    "id": "24",
    "nombre": "24",
    "modulos": [
     {
      "dia": "Lunes",
      "entrada": "07:00",
      "salida": "10:00"
     },
     {
      "dia": "Lunes",
      "entrada": "07:00",
      "salida": "10:00"
     },
     {
      "dia": "Lunes",
      "entrada": "07:00",
      "salida": "10:00"
     },
     {
      "dia": "Lunes",
      "entrada": "07:00",
      "salida": "10:00"
     },
     {
      "dia": "Lunes",
      "entrada": "07:00",
      "salida": "10:00"
     }
    ]
   },
   "asignaciones": [
    {
     "profesor": "13",
     "id_profesor": "13",
     "materia": "1",
     "id_materia": "1"
    },
    {
     "profesor": "8",
     "id_profesor": "8",
     "materia": "12",
     "id_materia": "12"
    },
    {
     "profesor": "14",
     "id_profesor": "14",
     "materia": "13",
     "id_materia": "13"
    }
   ]
  },
  {
   "bloque": {
    "id": "25",
    "nombre": "25",
    "modulos": [
     {
      "dia": "Lunes",
      "entrada": "07:00",
      "salida": "10:00"
     },
     {
      "dia": "Lunes",
      "entrada": "07:00",
      "salida": "10:00"
     },
     {
      "dia": "Lunes",
      "entrada": "07:00",
      "salida": "10:00"
     },
     {
      "dia": "Lunes",
      "entrada": "07:00",
      "salida": "10:00"
     },
     {
      "dia": "Lunes",
      "entrada": "07:00",
      "salida": "10:00"
     }
    ]
   },
   "asignaciones": [
    {
     "profesor": "9",
     "id_profesor": "9",
     "materia": "8",
     "id_materia": "8"
    },
    {
     "profesor": "18",
     "id_profesor": "18",
     "materia": "15",
     "id_materia": "15"
    },
    {
     "profesor": "24",
     "id_profesor": "24",
     "materia": "17",
     "id_materia": "17"
    }
   ]
  }
 ],
 "error": "",
 "logs": null
}