{
 "distribuciones": [
  {
   "bloque": {
    "id": "1",
    "nombre": "1",
    "modulos": [
     {
      "dia": "Lunes",
      "entrada": "07:00",
      "salida": "10:00"
     }
    ]
   },
   "asignaciones": [
    {
     "profesor": "29",
     "id_profesor": "29",
     "materia": "2",
     "id_materia": "2"
    },
    {
     "profesor": "30",
     "id_profesor": "30",
     "materia": "3",
     "id_materia": "3"
    },
    {
     "profesor": "52",
     "id_profesor": "52",
     "materia": "4",
     "id_materia": "4"
    },
    {
     "profesor": "31",
     "id_profesor": "31",
     "materia": "6",
     "id_materia": "6"
    },
    {
     "profesor": "78",
     "id_profesor": "78",
     "materia": "6",
     "id_materia": "6"
    },
    {
     "profesor": "46",
     "id_profesor": "46",
     "materia": "7",
     "id_materia": "7"
    },
    {
     "profesor": "54",
     "id_profesor": "54",
     "materia": "8",
     "id_materia": "8"
    },
    {
     "profesor": "68",
     "id_profesor": "68",
     "materia": "8",
     "id_materia": "8"
    },
    {
     "profesor": "20",
     "id_profesor": "20",
     "materia": "9",
     "id_materia": "9"
    },
    {
     "profesor": "76",
     "id_profesor": "76",
     "materia": "11",
     "id_materia": "11"
    },
    {
     "profesor": "80",
     "id_profesor": "80",
     "materia": "11",
     "id_materia": "11"
    },
    {
     "profesor": "98",
     "id_profesor": "98",
     "materia": "11",
     "id_materia": "11"
    },
    {
     "profesor": "26",
     "id_profesor": "26",
     "materia": "13",
     "id_materia": "13"
    },
    {
     "profesor": "40",
     "id_profesor": "40",
     "materia": "14",
     "id_materia": "14"
    },
    {
     "profesor": "85",
     "id_profesor": "85",
     "materia": "14",
     "id_materia": "14"
    },
    {
     "profesor": "126",
     "id_profesor": "126",
     "materia": "16",
     "id_materia": "16"
    },
    {
     "profesor": "144",
     "id_profesor": "144",
     "materia": "17",
     "id_materia": "17"
    },
    {
     "profesor": "35",
     "id_profesor": "35",
     "materia": "18",
     "id_materia": "18"
    },
    {
     "profesor": "142",
     "id_profesor": "142",
     "materia": "18",
     "id_materia": "18"
    },
    {
     "profesor": "53",
     "id_profesor": "53",
     "materia": "19",
     "id_materia": "19"
    },
    {
     "profesor": "97",
     "id_profesor": "97",
     "materia": "19",
     "id_materia": "19"
    },
    {
     "profesor": "105",
     "id_profesor": "105",
     "materia": "19",
     "id_materia": "19"
    },
    {
     "profesor": "123",
     "id_profesor": "123",
     "materia": "20",
     "id_materia": "20"
    },
    {
     "profesor": "124",
     "id_profesor": "124",
     "materia": "22",
     "id_materia": "22"
    },
    {
     "profesor": "38",
     "id_profesor": "38",
     "materia": "23",
     "id_materia": "23"
    },
    {
     "profesor": "114",
     "id_profesor": "114",
     "materia": "23",
     "id_materia": "23"
    },
    {
     "profesor": "117",
     "id_profesor": "117",
     "materia": "23",
     "id_materia": "23"
    },
    {
     "profesor": "6",
     "id_profesor": "6",
     "materia": "24",
     "id_materia": "24"
    },
    {
     "profesor": "8",
     "id_profesor": "8",
     "materia": "24",
     "id_materia": "24"
    },
    {
     "profesor": "150",
     "id_profesor": "150",
     "materia": "24",
     "id_materia": "24"
    },
    {
     "profesor": "57",
     "id_profesor": "57",
     "materia": "25",
     "id_materia": "25"
    },
    {
     "profesor": "16",
     "id_profesor": "16",
     "materia": "26",
     "id_materia": "26"
    },
    {
     "profesor": "23",
     "id_profesor": "23",
     "materia": "26",
     "id_materia": "26"
    },
    {
     "profesor": "45",
     "id_profesor": "45",
     "materia": "26",
     "id_materia": "26"
    },
    {
     "profesor": "87",
     "id_profesor": "87",
     "materia": "26",
     "id_materia": "26"
    },
    {
     "profesor": "24",
     "id_profesor": "24",
     "materia": "27",
     "id_materia": "27"
    },
    {
     "profesor": "118",
     "id_profesor": "118",
     "materia": "28",
     "id_materia": "28"
    },
    {
     "profesor": "64",
     "id_profesor": "64",
     "materia": "29",
     "id_materia": "29"
    },
    {
     "profesor": "37",
     "id_profesor": "37",
     "materia": "30",
     "id_materia": "30"
    },
    {
     "profesor": "61",
     "id_profesor": "61",
     "materia": "30",
     "id_materia": "30"
    }
   ]
  },
  {
   "bloque": {
    "id": "2",
    "nombre": "2",
    "modulos": [
     {
      "dia": "Lunes",
      "entrada": "07:00",
      "salida": "10:00"
     }
    ]
   },
   "asignaciones": [
    {
     "profesor": "37",
     "id_profesor": "37",
     "materia": "3",
     "id_materia": "3"
    },
    {
     "profesor": "58",
     "id_profesor": "58",
     "materia": "4",
     "id_materia": "4"
    },
    {
     "profesor": "42",
     "id_profesor": "42",
     "materia": "5",
     "id_materia": "5"
    },
    {
     "profesor": "68",
     "id_profesor": "68",
     "materia": "5",
     "id_materia": "5"
    },
    {
     "profesor": "114",
     "id_profesor": "114",
     "materia": "5",
     "id_materia": "5"
    },
    {
     "profesor": "28",
     "id_profesor": "28",
     "materia": "6",
     "id_materia": "6"
    },
    {
     "profesor": "95",
     "id_profesor": "95",
     "materia": "7",
     "id_materia": "7"
    },
    {
     "profesor": "86",
     "id_profesor": "86",
     "materia": "8",
     "id_materia": "8"
    },
    {
     "profesor": "108",
     "id_profesor": "108",
     "materia": "9",
     "id_materia": "9"
    },
    {
     "profesor": "11",
     "id_profesor": "11",
     "materia": "10",
     "id_materia": "10"
    },
    {
     "profesor": "26",
     "id_profesor": "26",
     "materia": "10",
     "id_materia": "10"
    },
    {
     "profesor": "127",
     "id_profesor": "127",
     "materia": "10",
     "id_materia": "10"
    },
    {
     "profesor": "8",
     "id_profesor": "8",
     "materia": "11",
     "id_materia": "11"
    },
    {
     "profesor": "10",
     "id_profesor": "10",
     "materia": "11",
     "id_materia": "11"
    },
    {
     "profesor": "103",
     "id_profesor": "103",
     "materia": "12",
     "id_materia": "12"
    },
    {
     "profesor": "104",
     "id_profesor": "104",
     "materia": "12",
     "id_materia": "12"
    },
    {
     "profesor": "149",
     "id_profesor": "149",
     "materia": "12",
     "id_materia": "12"
    },
    {
     "profesor": "133",
     "id_profesor": "133",
     "materia": "13",
     "id_materia": "13"
    },
    {
     "profesor": "74",
     "id_profesor": "74",
     "materia": "14",
     "id_materia": "14"
    },
    {
     "profesor": "99",
     "id_profesor": "99",
     "materia": "15",
     "id_materia": "15"
    },
    {
     "profesor": "128",
     "id_profesor": "128",
     "materia": "15",
     "id_materia": "15"
    },
    {
     "profesor": "3",
     "id_profesor": "3",
     "materia": "17",
     "id_materia": "17"
    },
    {
     "profesor": "142",
     "id_profesor": "142",
     "materia": "18",
     "id_materia": "18"
    },
    {
     "profesor": "21",
     "id_profesor": "21",
     "materia": "19",
     "id_materia": "19"
    },
    {
     "profesor": "57",
     "id_profesor": "57",
     "materia": "19",
     "id_materia": "19"
    },
    {
     "profesor": "73",
     "id_profesor": "73",
     "materia": "19",
     "id_materia": "19"
    },
    {
     "profesor": "7",
     "id_profesor": "7",
     "materia": "20",
     "id_materia": "20"
    },
    {
     "profesor": "101",
     "id_profesor": "101",
     "materia": "21",
     "id_materia": "21"
    },
    {
     "profesor": "105",
     "id_profesor": "105",
     "materia": "21",
     "id_materia": "21"
    },
    {
     "profesor": "145",
     "id_profesor": "145",
     "materia": "21",
     "id_materia": "21"
    },
    {
     "profesor": "131",
     "id_profesor": "131",
     "materia": "23",
     "id_materia": "23"
    },
    {
     "profesor": "70",
     "id_profesor": "70",
     "materia": "24",
     "id_materia": "24"
    },
    {
     "profesor": "136",
     "id_profesor": "136",
     "materia": "25",
     "id_materia": "25"
    },
    {
     "profesor": "67",
     "id_profesor": "67",
     "materia": "26",
     "id_materia": "26"
    },
    {
     "profesor": "139",
     "id_profesor": "139",
     "materia": "27",
     "id_materia": "27"
    },
    {
     "profesor": "36",
     "id_profesor": "36",
     "materia": "28",
     "id_materia": "28"
    },
    {
     "profesor": "102",
     "id_profesor": "102",
     "materia": "28",
     "id_materia": "28"
    },
    {
     "profesor": "64",
     "id_profesor": "64",
     "materia": "29",
     "id_materia": "29"
    },
    {
     "profesor": "49",
     "id_profesor": "49",
     "materia": "30",
     "id_materia": "30"
    }
   ]
  },
  {
   "bloque": {
    "id": "3",
    "nombre": "3",
    "modulos": [
     {
      "dia": "Lunes",
      "entrada": "07:00",
      "salida": "10:00"
     }
    ]
   },
   "asignaciones": [
    {
     "profesor": "88",
     "id_profesor": "88",
     "materia": "1",
     "id_materia": "1"
    },
    {
     "profesor": "106",
     "id_profesor": "106",
     "materia": "1",
     "id_materia": "1"
    },
    {
     "profesor": "131",
     "id_profesor": "131",
     "materia": "1",
     "id_materia": "1"
    },
    {
     "profesor": "13",
     "id_profesor": "13",
     "materia": "2",
     "id_materia": "2"
    },
    {
     "profesor": "135",
     "id_profesor": "135",
     "materia": "2",
     "id_materia": "2"
    },
    {
     "profesor": "38",
     "id_profesor": "38",
     "materia": "4",
     "id_materia": "4"
    },
    {
     "profesor": "124",
     "id_profesor": "124",
     "materia": "4",
     "id_materia": "4"
    },
    {
     "profesor": "68",
     "id_profesor": "68",
     "materia": "5",
     "id_materia": "5"
    },
    {
     "profesor": "112",
     "id_profesor": "112",
     "materia": "5",
     "id_materia": "5"
    },
    {
     "profesor": "114",
     "id_profesor": "114",
     "materia": "5",
     "id_materia": "5"
    },
    {
     "profesor": "129",
     "id_profesor": "129",
     "materia": "5",
     "id_materia": "5"
    },
    {
     "profesor": "41",
     "id_profesor": "41",
     "materia": "6",
     "id_materia": "6"
    },
    {
     "profesor": "102",
     "id_profesor": "102",
     "materia": "7",
     "id_materia": "7"
    },
    {
     "profesor": "146",
     "id_profesor": "146",
     "materia": "7",
     "id_materia": "7"
    },
    {
     "profesor": "35",
     "id_profesor": "35",
     "materia": "8",
     "id_materia": "8"
    },
    {
     "profesor": "31",
     "id_profesor": "31",
     "materia": "10",
     "id_materia": "10"
    },
    {
     "profesor": "7",
     "id_profesor": "7",
     "materia": "13",
     "id_materia": "13"
    },
    {
     "profesor": "137",
     "id_profesor": "137",
     "materia": "13",
     "id_materia": "13"
    },
    {
     "profesor": "108",
     "id_profesor": "108",
     "materia": "15",
     "id_materia": "15"
    },
    {
     "profesor": "1",
     "id_profesor": "1",
     "materia": "17",
     "id_materia": "17"
    },
    {
     "profesor": "25",
     "id_profesor": "25",
     "materia": "18",
     "id_materia": "18"
    },
    {
     "profesor": "21",
     "id_profesor": "21",
     "materia": "19",
     "id_materia": "19"
    },
    {
     "profesor": "98",
     "id_profesor": "98",
     "materia": "19",
     "id_materia": "19"
    },
    {
     "profesor": "123",
     "id_profesor": "123",
     "materia": "20",
     "id_materia": "20"
    },
    {
     "profesor": "125",
     "id_profesor": "125",
     "materia": "20",
     "id_materia": "20"
    },
    {
     "profesor": "105",
     "id_profesor": "105",
     "materia": "21",
     "id_materia": "21"
    },
    {
     "profesor": "145",
     "id_profesor": "145",
     "materia": "21",
     "id_materia": "21"
    },
    {
     "profesor": "81",
     "id_profesor": "81",
     "materia": "24",
     "id_materia": "24"
    },
    {
     "profesor": "136",
     "id_profesor": "136",
     "materia": "24",
     "id_materia": "24"
    },
    {
     "profesor": "16",
     "id_profesor": "16",
     "materia": "25",
     "id_materia": "25"
    },
    {
     "profesor": "66",
     "id_profesor": "66",
     "materia": "27",
     "id_materia": "27"
    },
    {
     "profesor": "29",
     "id_profesor": "29",
     "materia": "28",
     "id_materia": "28"
    },
    {
     "profesor": "65",
     "id_profesor": "65",
     "materia": "28",
     "id_materia": "28"
    },
    {
     "profesor": "82",
     "id_profesor": "82",
     "materia": "28",
     "id_materia": "28"
    },
    {
     "profesor": "62",
     "id_profesor": "62",
     "materia": "29",
     "id_materia": "29"
    },
    {
     "profesor": "80",
     "id_profesor": "80",
     "materia": "29",
     "id_materia": "29"
    }
   ]
  },
  {
   "bloque": {
    "id": "4",
    "nombre": "4",
    "modulos": [
     {
      "dia": "Lunes",
      "entrada": "07:00",
      "salida": "10:00"
     }
    ]
   },
   "asignaciones": [
    {
     "profesor": "9",
     "id_profesor": "9",
     "materia": "1",
     "id_materia": "1"
    },
    {
     "profesor": "88",
     "id_profesor": "88",
     "materia": "1",
     "id_materia": "1"
    },
    {
     "profesor": "29",
     "id_profesor": "29",
     "materia": "2",
     "id_materia": "2"
    },
    {
     "profesor": "37",
     "id_profesor": "37",
     "materia": "3",
     "id_materia": "3"
    },
    {
     "profesor": "41",
     "id_profesor": "41",
     "materia": "3",
     "id_materia": "3"
    },
    {
     "profesor": "118",
     "id_profesor": "118",
     "materia": "3",
     "id_materia": "3"
    },
    {
     "profesor": "38",
     "id_profesor": "38",
     "materia": "4",
     "id_materia": "4"
    },
    {
     "profesor": "52",
     "id_profesor": "52",
     "materia": "4",
     "id_materia": "4"
    },
    {
     "profesor": "58",
     "id_profesor": "58",
     "materia": "4",
     "id_materia": "4"
    },
    {
     "profesor": "30",
     "id_profesor": "30",
     "materia": "5",
     "id_materia": "5"
    },
    {
     "profesor": "5",
     "id_profesor": "5",
     "materia": "6",
     "id_materia": "6"
    },
    {
     "profesor": "31",
     "id_profesor": "31",
     "materia": "6",
     "id_materia": "6"
    },
    {
     "profesor": "90",
     "id_profesor": "90",
     "materia": "6",
     "id_materia": "6"
    },
    {
     "profesor": "14",
     "id_profesor": "14",
     "materia": "7",
     "id_materia": "7"
    },
    {
     "profesor": "146",
     "id_profesor": "146",
     "materia": "7",
     "id_materia": "7"
    },
    {
     "profesor": "42",
     "id_profesor": "42",
     "materia": "8",
     "id_materia": "8"
    },
    {
     "profesor": "113",
     "id_profesor": "113",
     "materia": "8",
     "id_materia": "8"
    },
    {
     "profesor": "133",
     "id_profesor": "133",
     "materia": "13",
     "id_materia": "13"
    },
    {
     "profesor": "124",
     "id_profesor": "124",
     "materia": "14",
     "id_materia": "14"
    },
    {
     "profesor": "50",
     "id_profesor": "50",
     "materia": "15",
     "id_materia": "15"
    },
    {
     "profesor": "108",
     "id_profesor": "108",
     "materia": "15",
     "id_materia": "15"
    },
    {
     "profesor": "145",
     "id_profesor": "145",
     "materia": "15",
     "id_materia": "15"
    },
    {
     "profesor": "48",
     "id_profesor": "48",
     "materia": "16",
     "id_materia": "16"
    },
    {
     "profesor": "126",
     "id_profesor": "126",
     "materia": "16",
     "id_materia": "16"
    },
    {
     "profesor": "77",
     "id_profesor": "77",
     "materia": "18",
     "id_materia": "18"
    },
    {
     "profesor": "93",
     "id_profesor": "93",
     "materia": "18",
     "id_materia": "18"
    },
    {
     "profesor": "107",
     "id_profesor": "107",
     "materia": "18",
     "id_materia": "18"
    },
    {
     "profesor": "53",
     "id_profesor": "53",
     "materia": "19",
     "id_materia": "19"
    },
    {
     "profesor": "72",
     "id_profesor": "72",
     "materia": "20",
     "id_materia": "20"
    },
    {
     "profesor": "149",
     "id_profesor": "149",
     "materia": "20",
     "id_materia": "20"
    },
    {
     "profesor": "70",
     "id_profesor": "70",
     "materia": "21",
     "id_materia": "21"
    },
    {
     "profesor": "101",
     "id_profesor": "101",
     "materia": "22",
     "id_materia": "22"
    },
    {
     "profesor": "46",
     "id_profesor": "46",
     "materia": "23",
     "id_materia": "23"
    },
    {
     "profesor": "16",
     "id_profesor": "16",
     "materia": "25",
     "id_materia": "25"
    },
    {
     "profesor": "49",
     "id_profesor": "49",
     "materia": "25",
     "id_materia": "25"
    },
    {
     "profesor": "136",
     "id_profesor": "136",
     "materia": "25",
     "id_materia": "25"
    },
    {
     "profesor": "4",
     "id_profesor": "4",
     "materia": "26",
     "id_materia": "26"
    },
    {
     "profesor": "123",
     "id_profesor": "123",
     "materia": "26",
     "id_materia": "26"
    },
    {
     "profesor": "139",
     "id_profesor": "139",
     "materia": "27",
     "id_materia": "27"
    },
    {
     "profesor": "11",
     "id_profesor": "11",
     "materia": "29",
     "id_materia": "29"
    },
    {
     "profesor": "134",
     "id_profesor": "134",
     "materia": "30",
     "id_materia": "30"
    }
   ]
  },
  {
   "bloque": {
    "id": "5",
    "nombre": "5",
    "modulos": [
     {
      "dia": "Lunes",
      "entrada": "07:00",
      "salida": "10:00"
     }
    ]
   },
   "asignaciones": [
    {
     "profesor": "50",
     "id_profesor": "50",
     "materia": "1",
     "id_materia": "1"
    },
    {
     "profesor": "131",
     "id_profesor": "131",
     "materia": "1",
     "id_materia": "1"
    },
    {
     "profesor": "30",
     "id_profesor": "30",
     "materia": "3",
     "id_materia": "3"
    },
    {
     "profesor": "67",
     "id_profesor": "67",
     "materia": "3",
     "id_materia": "3"
    },
    {
     "profesor": "79",
     "id_profesor": "79",
     "materia": "4",
     "id_materia": "4"
    },
    {
     "profesor": "112",
     "id_profesor": "112",
     "materia": "5",
     "id_materia": "5"
    },
    {
     "profesor": "114",
     "id_profesor": "114",
     "materia": "5",
     "id_materia": "5"
    },
    {
     "profesor": "122",
     "id_profesor": "122",
     "materia": "5",
     "id_materia": "5"
    },
    {
     "profesor": "14",
     "id_profesor": "14",
     "materia": "7",
     "id_materia": "7"
    },
    {
     "profesor": "98",
     "id_profesor": "98",
     "materia": "7",
     "id_materia": "7"
    },
    {
     "profesor": "142",
     "id_profesor": "142",
     "materia": "7",
     "id_materia": "7"
    },
    {
     "profesor": "141",
     "id_profesor": "141",
     "materia": "9",
     "id_materia": "9"
    },
    {
     "profesor": "71",
     "id_profesor": "71",
     "materia": "10",
     "id_materia": "10"
    },
    {
     "profesor": "76",
     "id_profesor": "76",
     "materia": "11",
     "id_materia": "11"
    },
    {
     "profesor": "48",
     "id_profesor": "48",
     "materia": "12",
     "id_materia": "12"
    },
    {
     "profesor": "103",
     "id_profesor": "103",
     "materia": "12",
     "id_materia": "12"
    },
    {
     "profesor": "149",
     "id_profesor": "149",
     "materia": "12",
     "id_materia": "12"
    },
    {
     "profesor": "108",
     "id_profesor": "108",
     "materia": "13",
     "id_materia": "13"
    },
    {
     "profesor": "133",
     "id_profesor": "133",
     "materia": "13",
     "id_materia": "13"
    },
    {
     "profesor": "137",
     "id_profesor": "137",
     "materia": "13",
     "id_materia": "13"
    },
    {
     "profesor": "91",
     "id_profesor": "91",
     "materia": "14",
     "id_materia": "14"
    },
    {
     "profesor": "145",
     "id_profesor": "145",
     "materia": "15",
     "id_materia": "15"
    },
    {
     "profesor": "100",
     "id_profesor": "100",
     "materia": "16",
     "id_materia": "16"
    },
    {
     "profesor": "1",
     "id_profesor": "1",
     "materia": "17",
     "id_materia": "17"
    },
    {
     "profesor": "144",
     "id_profesor": "144",
     "materia": "17",
     "id_materia": "17"
    },
    {
     "profesor": "35",
     "id_profesor": "35",
     "materia": "18",
     "id_materia": "18"
    },
    {
     "profesor": "68",
     "id_profesor": "68",
     "materia": "18",
     "id_materia": "18"
    },
    {
     "profesor": "107",
     "id_profesor": "107",
     "materia": "18",
     "id_materia": "18"
    },
    {
     "profesor": "80",
     "id_profesor": "80",
     "materia": "19",
     "id_materia": "19"
    },
    {
     "profesor": "105",
     "id_profesor": "105",
     "materia": "19",
     "id_materia": "19"
    },
    {
     "profesor": "19",
     "id_profesor": "19",
     "materia": "20",
     "id_materia": "20"
    },
    {
     "profesor": "28",
     "id_profesor": "28",
     "materia": "20",
     "id_materia": "20"
    },
    {
     "profesor": "97",
     "id_profesor": "97",
     "materia": "21",
     "id_materia": "21"
    },
    {
     "profesor": "94",
     "id_profesor": "94",
     "materia": "22",
     "id_materia": "22"
    },
    {
     "profesor": "146",
     "id_profesor": "146",
     "materia": "23",
     "id_materia": "23"
    },
    {
     "profesor": "6",
     "id_profesor": "6",
     "materia": "24",
     "id_materia": "24"
    },
    {
     "profesor": "127",
     "id_profesor": "127",
     "materia": "25",
     "id_materia": "25"
    },
    {
     "profesor": "123",
     "id_profesor": "123",
     "materia": "26",
     "id_materia": "26"
    },
    {
     "profesor": "74",
     "id_profesor": "74",
     "materia": "27",
     "id_materia": "27"
    },
    {
     "profesor": "130",
     "id_profesor": "130",
     "materia": "27",
     "id_materia": "27"
    },
    {
     "profesor": "29",
     "id_profesor": "29",
     "materia": "28",
     "id_materia": "28"
    },
    {
     "profesor": "118",
     "id_profesor": "118",
     "materia": "28",
     "id_materia": "28"
    },
    {
     "profesor": "132",
     "id_profesor": "132",
     "materia": "30",
     "id_materia": "30"
    }
   ]
  },
  {
   "bloque": {
    "id": "6",
    "nombre": "6",
    "modulos": [
     {
      "dia": "Lunes",
      "entrada": "07:00",
      "salida": "10:00"
     }
    ]
   },
   "asignaciones": [
    {
     "profesor": "71",
     "id_profesor": "71",
     "materia": "1",
     "id_materia": "1"
    },
    {
     "profesor": "150",
     "id_profesor": "150",
     "materia": "1",
     "id_materia": "1"
    },
    {
     "profesor": "135",
     "id_profesor": "135",
     "materia": "2",
     "id_materia": "2"
    },
    {
     "profesor": "51",
     "id_profesor": "51",
     "materia": "3",
     "id_materia": "3"
    },
    {
     "profesor": "143",
     "id_profesor": "143",
     "materia": "3",
     "id_materia": "3"
    },
    {
     "profesor": "58",
     "id_profesor": "58",
     "materia": "4",
     "id_materia": "4"
    },
    {
     "profesor": "77",
     "id_profesor": "77",
     "materia": "4",
     "id_materia": "4"
    },
    {
     "profesor": "30",
     "id_profesor": "30",
     "materia": "5",
     "id_materia": "5"
    },
    {
     "profesor": "42",
     "id_profesor": "42",
     "materia": "5",
     "id_materia": "5"
    },
    {
     "profesor": "114",
     "id_profesor": "114",
     "materia": "5",
     "id_materia": "5"
    },
    {
     "profesor": "31",
     "id_profesor": "31",
     "materia": "6",
     "id_materia": "6"
    },
    {
     "profesor": "46",
     "id_profesor": "46",
     "materia": "7",
     "id_materia": "7"
    },
    {
     "profesor": "146",
     "id_profesor": "146",
     "materia": "7",
     "id_materia": "7"
    },
    {
     "profesor": "72",
     "id_profesor": "72",
     "materia": "8",
     "id_materia": "8"
    },
    {
     "profesor": "102",
     "id_profesor": "102",
     "materia": "9",
     "id_materia": "9"
    },
    {
     "profesor": "26",
     "id_profesor": "26",
     "materia": "10",
     "id_materia": "10"
    },
    {
     "profesor": "45",
     "id_profesor": "45",
     "materia": "11",
     "id_materia": "11"
    },
    {
     "profesor": "109",
     "id_profesor": "109",
     "materia": "11",
     "id_materia": "11"
    },
    {
     "profesor": "149",
     "id_profesor": "149",
     "materia": "12",
     "id_materia": "12"
    },
    {
     "profesor": "39",
     "id_profesor": "39",
     "materia": "13",
     "id_materia": "13"
    },
    {
     "profesor": "40",
     "id_profesor": "40",
     "materia": "14",
     "id_materia": "14"
    },
    {
     "profesor": "89",
     "id_profesor": "89",
     "materia": "14",
     "id_materia": "14"
    },
    {
     "profesor": "50",
     "id_profesor": "50",
     "materia": "15",
     "id_materia": "15"
    },
    {
     "profesor": "99",
     "id_profesor": "99",
     "materia": "15",
     "id_materia": "15"
    },
    {
     "profesor": "108",
     "id_profesor": "108",
     "materia": "15",
     "id_materia": "15"
    },
    {
     "profesor": "110",
     "id_profesor": "110",
     "materia": "15",
     "id_materia": "15"
    },
    {
     "profesor": "121",
     "id_profesor": "121",
     "materia": "15",
     "id_materia": "15"
    },
    {
     "profesor": "19",
     "id_profesor": "19",
     "materia": "16",
     "id_materia": "16"
    },
    {
     "profesor": "33",
     "id_profesor": "33",
     "materia": "17",
     "id_materia": "17"
    },
    {
     "profesor": "140",
     "id_profesor": "140",
     "materia": "17",
     "id_materia": "17"
    },
    {
     "profesor": "144",
     "id_profesor": "144",
     "materia": "17",
     "id_materia": "17"
    },
    {
     "profesor": "27",
     "id_profesor": "27",
     "materia": "20",
     "id_materia": "20"
    },
    {
     "profesor": "125",
     "id_profesor": "125",
     "materia": "20",
     "id_materia": "20"
    },
    {
     "profesor": "120",
     "id_profesor": "120",
     "materia": "22",
     "id_materia": "22"
    },
    {
     "profesor": "139",
     "id_profesor": "139",
     "materia": "22",
     "id_materia": "22"
    },
    {
     "profesor": "133",
     "id_profesor": "133",
     "materia": "24",
     "id_materia": "24"
    },
    {
     "profesor": "113",
     "id_profesor": "113",
     "materia": "25",
     "id_materia": "25"
    },
    {
     "profesor": "134",
     "id_profesor": "134",
     "materia": "25",
     "id_materia": "25"
    },
    {
     "profesor": "48",
     "id_profesor": "48",
     "materia": "26",
     "id_materia": "26"
    },
    {
     "profesor": "87",
     "id_profesor": "87",
     "materia": "26",
     "id_materia": "26"
    },
    {
     "profesor": "64",
     "id_profesor": "64",
     "materia": "27",
     "id_materia": "27"
    },
    {
     "profesor": "65",
     "id_profesor": "65",
     "materia": "28",
     "id_materia": "28"
    },
    {
     "profesor": "81",
     "id_profesor": "81",
     "materia": "28",
     "id_materia": "28"
    },
    {
     "profesor": "7",
     "id_profesor": "7",
     "materia": "29",
     "id_materia": "29"
    },
    {
     "profesor": "44",
     "id_profesor": "44",
     "materia": "29",
     "id_materia": "29"
    },
    {
     "profesor": "62",
     "id_profesor": "62",
     "materia": "29",
     "id_materia": "29"
    },
    {
     "profesor": "73",
     "id_profesor": "73",
     "materia": "30",
     "id_materia": "30"
    },
    {
     "profesor": "112",
     "id_profesor": "112",
     "materia": "30",
     "id_materia": "30"
    }
   ]
  },
  {
   "bloque": {
    "id": "7",
    "nombre": "7",
    "modulos": [
     {
      "dia": "Lunes",
      "entrada": "07:00",
      "salida": "10:00"
     }
    ]
   },
   "asignaciones": [
    {
     "profesor": "22",
     "id_profesor": "22",
     "materia": "2",
     "id_materia": "2"
    },
    {
     "profesor": "29",
     "id_profesor": "29",
     "materia": "2",
     "id_materia": "2"
    },
    {
     "profesor": "30",
     "id_profesor": "30",
     "materia": "3",
     "id_materia": "3"
    },
    {
     "profesor": "59",
     "id_profesor": "59",
     "materia": "4",
     "id_materia": "4"
    },
    {
     "profesor": "99",
     "id_profesor": "99",
     "materia": "4",
     "id_materia": "4"
    },
    {
     "profesor": "5",
     "id_profesor": "5",
     "materia": "6",
     "id_materia": "6"
    },
    {
     "profesor": "31",
     "id_profesor": "31",
     "materia": "6",
     "id_materia": "6"
    },
    {
     "profesor": "142",
     "id_profesor": "142",
     "materia": "7",
     "id_materia": "7"
    },
    {
     "profesor": "78",
     "id_profesor": "78",
     "materia": "9",
     "id_materia": "9"
    },
    {
     "profesor": "82",
     "id_profesor": "82",
     "materia": "9",
     "id_materia": "9"
    },
    {
     "profesor": "127",
     "id_profesor": "127",
     "materia": "10",
     "id_materia": "10"
    },
    {
     "profesor": "10",
     "id_profesor": "10",
     "materia": "11",
     "id_materia": "11"
    },
    {
     "profesor": "119",
     "id_profesor": "119",
     "materia": "12",
     "id_materia": "12"
    },
    {
     "profesor": "26",
     "id_profesor": "26",
     "materia": "13",
     "id_materia": "13"
    },
    {
     "profesor": "88",
     "id_profesor": "88",
     "materia": "13",
     "id_materia": "13"
    },
    {
     "profesor": "108",
     "id_profesor": "108",
     "materia": "13",
     "id_materia": "13"
    },
    {
     "profesor": "74",
     "id_profesor": "74",
     "materia": "14",
     "id_materia": "14"
    },
    {
     "profesor": "122",
     "id_profesor": "122",
     "materia": "14",
     "id_materia": "14"
    },
    {
     "profesor": "124",
     "id_profesor": "124",
     "materia": "14",
     "id_materia": "14"
    },
    {
     "profesor": "1",
     "id_profesor": "1",
     "materia": "16",
     "id_materia": "16"
    },
    {
     "profesor": "66",
     "id_profesor": "66",
     "materia": "16",
     "id_materia": "16"
    },
    {
     "profesor": "126",
     "id_profesor": "126",
     "materia": "16",
     "id_materia": "16"
    },
    {
     "profesor": "140",
     "id_profesor": "140",
     "materia": "17",
     "id_materia": "17"
    },
    {
     "profesor": "25",
     "id_profesor": "25",
     "materia": "18",
     "id_materia": "18"
    },
    {
     "profesor": "68",
     "id_profesor": "68",
     "materia": "18",
     "id_materia": "18"
    },
    {
     "profesor": "2",
     "id_profesor": "2",
     "materia": "19",
     "id_materia": "19"
    },
    {
     "profesor": "57",
     "id_profesor": "57",
     "materia": "19",
     "id_materia": "19"
    },
    {
     "profesor": "76",
     "id_profesor": "76",
     "materia": "19",
     "id_materia": "19"
    },
    {
     "profesor": "105",
     "id_profesor": "105",
     "materia": "19",
     "id_materia": "19"
    },
    {
     "profesor": "54",
     "id_profesor": "54",
     "materia": "20",
     "id_materia": "20"
    },
    {
     "profesor": "44",
     "id_profesor": "44",
     "materia": "22",
     "id_materia": "22"
    },
    {
     "profesor": "101",
     "id_profesor": "101",
     "materia": "22",
     "id_materia": "22"
    },
    {
     "profesor": "46",
     "id_profesor": "46",
     "materia": "23",
     "id_materia": "23"
    },
    {
     "profesor": "6",
     "id_profesor": "6",
     "materia": "24",
     "id_materia": "24"
    },
    {
     "profesor": "23",
     "id_profesor": "23",
     "materia": "26",
     "id_materia": "26"
    },
    {
     "profesor": "64",
     "id_profesor": "64",
     "materia": "29",
     "id_materia": "29"
    },
    {
     "profesor": "73",
     "id_profesor": "73",
     "materia": "30",
     "id_materia": "30"
    }
   ]
  },
  {
   "bloque": {
    "id": "8",
    "nombre": "8",
    "modulos": [
     {
      "dia": "Lunes",
      "entrada": "07:00",
      "salida": "10:00"
     }
    ]
   },
   "asignaciones": [
    {
     "profesor": "71",
     "id_profesor": "71",
     "materia": "1",
     "id_materia": "1"
    },
    {
     "profesor": "88",
     "id_profesor": "88",
     "materia": "1",
     "id_materia": "1"
    },
    {
     "profesor": "106",
     "id_profesor": "106",
     "materia": "1",
     "id_materia": "1"
    },
    {
     "profesor": "147",
     "id_profesor": "147",
     "materia": "1",
     "id_materia": "1"
    },
    {
     "profesor": "22",
     "id_profesor": "22",
     "materia": "2",
     "id_materia": "2"
    },
    {
     "profesor": "41",
     "id_profesor": "41",
     "materia": "3",
     "id_materia": "3"
    },
    {
     "profesor": "143",
     "id_profesor": "143",
     "materia": "3",
     "id_materia": "3"
    },
    {
     "profesor": "30",
     "id_profesor": "30",
     "materia": "5",
     "id_materia": "5"
    },
    {
     "profesor": "42",
     "id_profesor": "42",
     "materia": "5",
     "id_materia": "5"
    },
    {
     "profesor": "16",
     "id_profesor": "16",
     "materia": "6",
     "id_materia": "6"
    },
    {
     "profesor": "68",
     "id_profesor": "68",
     "materia": "8",
     "id_materia": "8"
    },
    {
     "profesor": "72",
     "id_profesor": "72",
     "materia": "8",
     "id_materia": "8"
    },
    {
     "profesor": "86",
     "id_profesor": "86",
     "materia": "8",
     "id_materia": "8"
    },
    {
     "profesor": "113",
     "id_profesor": "113",
     "materia": "8",
     "id_materia": "8"
    },
    {
     "profesor": "78",
     "id_profesor": "78",
     "materia": "9",
     "id_materia": "9"
    },
    {
     "profesor": "141",
     "id_profesor": "141",
     "materia": "9",
     "id_materia": "9"
    },
    {
     "profesor": "23",
     "id_profesor": "23",
     "materia": "10",
     "id_materia": "10"
    },
    {
     "profesor": "8",
     "id_profesor": "8",
     "materia": "11",
     "id_materia": "11"
    },
    {
     "profesor": "98",
     "id_profesor": "98",
     "materia": "11",
     "id_materia": "11"
    },
    {
     "profesor": "52",
     "id_profesor": "52",
     "materia": "12",
     "id_materia": "12"
    },
    {
     "profesor": "36",
     "id_profesor": "36",
     "materia": "13",
     "id_materia": "13"
    },
    {
     "profesor": "85",
     "id_profesor": "85",
     "materia": "14",
     "id_materia": "14"
    },
    {
     "profesor": "19",
     "id_profesor": "19",
     "materia": "16",
     "id_materia": "16"
    },
    {
     "profesor": "48",
     "id_profesor": "48",
     "materia": "16",
     "id_materia": "16"
    },
    {
     "profesor": "7",
     "id_profesor": "7",
     "materia": "17",
     "id_materia": "17"
    },
    {
     "profesor": "144",
     "id_profesor": "144",
     "materia": "17",
     "id_materia": "17"
    },
    {
     "profesor": "35",
     "id_profesor": "35",
     "materia": "18",
     "id_materia": "18"
    },
    {
     "profesor": "77",
     "id_profesor": "77",
     "materia": "18",
     "id_materia": "18"
    },
    {
     "profesor": "105",
     "id_profesor": "105",
     "materia": "19",
     "id_materia": "19"
    },
    {
     "profesor": "120",
     "id_profesor": "120",
     "materia": "22",
     "id_materia": "22"
    },
    {
     "profesor": "139",
     "id_profesor": "139",
     "materia": "22",
     "id_materia": "22"
    },
    {
     "profesor": "18",
     "id_profesor": "18",
     "materia": "23",
     "id_materia": "23"
    },
    {
     "profesor": "40",
     "id_profesor": "40",
     "materia": "23",
     "id_materia": "23"
    },
    {
     "profesor": "146",
     "id_profesor": "146",
     "materia": "23",
     "id_materia": "23"
    },
    {
     "profesor": "67",
     "id_profesor": "67",
     "materia": "26",
     "id_materia": "26"
    },
    {
     "profesor": "130",
     "id_profesor": "130",
     "materia": "27",
     "id_materia": "27"
    },
    {
     "profesor": "29",
     "id_profesor": "29",
     "materia": "28",
     "id_materia": "28"
    },
    {
     "profesor": "44",
     "id_profesor": "44",
     "materia": "29",
     "id_materia": "29"
    },
    {
     "profesor": "62",
     "id_profesor": "62",
     "materia": "29",
     "id_materia": "29"
    },
    {
     "profesor": "80",
     "id_profesor": "80",
     "materia": "29",
     "id_materia": "29"
    },
    {
     "profesor": "37",
     "id_profesor": "37",
     "materia": "30",
     "id_materia": "30"
    },
    {
     "profesor": "49",
     "id_profesor": "49",
     "materia": "30",
     "id_materia": "30"
    }
   ]
  },
  {
   "bloque": {
    "id": "9",
    "nombre": "9",
    "modulos": [
     {
      "dia": "Lunes",
      "entrada": "07:00",
      "salida": "10:00"
     }
    ]
   },
   "asignaciones": [
    {
     "profesor": "29",
     "id_profesor": "29",
     "materia": "2",
     "id_materia": "2"
    },
    {
     "profesor": "57",
     "id_profesor": "57",
     "materia": "2",
     "id_materia": "2"
    },
    {
     "profesor": "130",
     "id_profesor": "130",
     "materia": "2",
     "id_materia": "2"
    },
    {
     "profesor": "37",
     "id_profesor": "37",
     "materia": "3",
     "id_materia": "3"
    },
    {
     "profesor": "41",
     "id_profesor": "41",
     "materia": "3",
     "id_materia": "3"
    },
    {
     "profesor": "38",
     "id_profesor": "38",
     "materia": "4",
     "id_materia": "4"
    },
    {
     "profesor": "148",
     "id_profesor": "148",
     "materia": "4",
     "id_materia": "4"
    },
    {
     "profesor": "122",
     "id_profesor": "122",
     "materia": "5",
     "id_materia": "5"
    },
    {
     "profesor": "28",
     "id_profesor": "28",
     "materia": "6",
     "id_materia": "6"
    },
    {
     "profesor": "54",
     "id_profesor": "54",
     "materia": "8",
     "id_materia": "8"
    },
    {
     "profesor": "12",
     "id_profesor": "12",
     "materia": "9",
     "id_materia": "9"
    },
    {
     "profesor": "32",
     "id_profesor": "32",
     "materia": "9",
     "id_materia": "9"
    },
    {
     "profesor": "78",
     "id_profesor": "78",
     "materia": "9",
     "id_materia": "9"
    },
    {
     "profesor": "141",
     "id_profesor": "141",
     "materia": "9",
     "id_materia": "9"
    },
    {
     "profesor": "31",
     "id_profesor": "31",
     "materia": "10",
     "id_materia": "10"
    },
    {
     "profesor": "34",
     "id_profesor": "34",
     "materia": "12",
     "id_materia": "12"
    },
    {
     "profesor": "75",
     "id_profesor": "75",
     "materia": "13",
     "id_materia": "13"
    },
    {
     "profesor": "40",
     "id_profesor": "40",
     "materia": "14",
     "id_materia": "14"
    },
    {
     "profesor": "89",
     "id_profesor": "89",
     "materia": "14",
     "id_materia": "14"
    },
    {
     "profesor": "94",
     "id_profesor": "94",
     "materia": "14",
     "id_materia": "14"
    },
    {
     "profesor": "50",
     "id_profesor": "50",
     "materia": "15",
     "id_materia": "15"
    },
    {
     "profesor": "121",
     "id_profesor": "121",
     "materia": "15",
     "id_materia": "15"
    },
    {
     "profesor": "48",
     "id_profesor": "48",
     "materia": "16",
     "id_materia": "16"
    },
    {
     "profesor": "60",
     "id_profesor": "60",
     "materia": "16",
     "id_materia": "16"
    },
    {
     "profesor": "1",
     "id_profesor": "1",
     "materia": "17",
     "id_materia": "17"
    },
    {
     "profesor": "62",
     "id_profesor": "62",
     "materia": "18",
     "id_materia": "18"
    },
    {
     "profesor": "68",
     "id_profesor": "68",
     "materia": "18",
     "id_materia": "18"
    },
    {
     "profesor": "70",
     "id_profesor": "70",
     "materia": "21",
     "id_materia": "21"
    },
    {
     "profesor": "145",
     "id_profesor": "145",
     "materia": "21",
     "id_materia": "21"
    },
    {
     "profesor": "79",
     "id_profesor": "79",
     "materia": "22",
     "id_materia": "22"
    },
    {
     "profesor": "124",
     "id_profesor": "124",
     "materia": "22",
     "id_materia": "22"
    },
    {
     "profesor": "8",
     "id_profesor": "8",
     "materia": "24",
     "id_materia": "24"
    },
    {
     "profesor": "81",
     "id_profesor": "81",
     "materia": "24",
     "id_materia": "24"
    },
    {
     "profesor": "16",
     "id_profesor": "16",
     "materia": "25",
     "id_materia": "25"
    },
    {
     "profesor": "113",
     "id_profesor": "113",
     "materia": "25",
     "id_materia": "25"
    },
    {
     "profesor": "23",
     "id_profesor": "23",
     "materia": "26",
     "id_materia": "26"
    },
    {
     "profesor": "116",
     "id_profesor": "116",
     "materia": "26",
     "id_materia": "26"
    },
    {
     "profesor": "74",
     "id_profesor": "74",
     "materia": "27",
     "id_materia": "27"
    },
    {
     "profesor": "18",
     "id_profesor": "18",
     "materia": "28",
     "id_materia": "28"
    },
    {
     "profesor": "65",
     "id_profesor": "65",
     "materia": "28",
     "id_materia": "28"
    },
    {
     "profesor": "102",
     "id_profesor": "102",
     "materia": "28",
     "id_materia": "28"
    },
    {
     "profesor": "69",
     "id_profesor": "69",
     "materia": "30",
     "id_materia": "30"
    },
    {
     "profesor": "126",
     "id_profesor": "126",
     "materia": "30",
     "id_materia": "30"
    },
    {
     "profesor": "132",
     "id_profesor": "132",
     "materia": "30",
     "id_materia": "30"
    }
   ]
  },
  {
   "bloque": {
    "id": "10",
    "nombre": "10",
    "modulos": [
     {
      "dia": "Lunes",
      "entrada": "07:00",
      "salida": "10:00"
     }
    ]
   },
   "asignaciones": [
    {
     "profesor": "147",
     "id_profesor": "147",
     "materia": "1",
     "id_materia": "1"
    },
    {
     "profesor": "13",
     "id_profesor": "13",
     "materia": "2",
     "id_materia": "2"
    },
    {
     "profesor": "67",
     "id_profesor": "67",
     "materia": "3",
     "id_materia": "3"
    },
    {
     "profesor": "38",
     "id_profesor": "38",
     "materia": "4",
     "id_materia": "4"
    },
    {
     "profesor": "84",
     "id_profesor": "84",
     "materia": "4",
     "id_materia": "4"
    },
    {
     "profesor": "99",
     "id_profesor": "99",
     "materia": "4",
     "id_materia": "4"
    },
    {
     "profesor": "42",
     "id_profesor": "42",
     "materia": "5",
     "id_materia": "5"
    },
    {
     "profesor": "78",
     "id_profesor": "78",
     "materia": "6",
     "id_materia": "6"
    },
    {
     "profesor": "85",
     "id_profesor": "85",
     "materia": "7",
     "id_materia": "7"
    },
    {
     "profesor": "102",
     "id_profesor": "102",
     "materia": "7",
     "id_materia": "7"
    },
    {
     "profesor": "86",
     "id_profesor": "86",
     "materia": "8",
     "id_materia": "8"
    },
    {
     "profesor": "12",
     "id_profesor": "12",
     "materia": "9",
     "id_materia": "9"
    },
    {
     "profesor": "49",
     "id_profesor": "49",
     "materia": "9",
     "id_materia": "9"
    },
    {
     "profesor": "55",
     "id_profesor": "55",
     "materia": "9",
     "id_materia": "9"
    },
    {
     "profesor": "15",
     "id_profesor": "15",
     "materia": "10",
     "id_materia": "10"
    },
    {
     "profesor": "45",
     "id_profesor": "45",
     "materia": "11",
     "id_materia": "11"
    },
    {
     "profesor": "111",
     "id_profesor": "111",
     "materia": "11",
     "id_materia": "11"
    },
    {
     "profesor": "21",
     "id_profesor": "21",
     "materia": "12",
     "id_materia": "12"
    },
    {
     "profesor": "27",
     "id_profesor": "27",
     "materia": "12",
     "id_materia": "12"
    },
    {
     "profesor": "119",
     "id_profesor": "119",
     "materia": "12",
     "id_materia": "12"
    },
    {
     "profesor": "149",
     "id_profesor": "149",
     "materia": "12",
     "id_materia": "12"
    },
    {
     "profesor": "124",
     "id_profesor": "124",
     "materia": "14",
     "id_materia": "14"
    },
    {
     "profesor": "107",
     "id_profesor": "107",
     "materia": "15",
     "id_materia": "15"
    },
    {
     "profesor": "130",
     "id_profesor": "130",
     "materia": "15",
     "id_materia": "15"
    },
    {
     "profesor": "100",
     "id_profesor": "100",
     "materia": "16",
     "id_materia": "16"
    },
    {
     "profesor": "1",
     "id_profesor": "1",
     "materia": "17",
     "id_materia": "17"
    },
    {
     "profesor": "3",
     "id_profesor": "3",
     "materia": "17",
     "id_materia": "17"
    },
    {
     "profesor": "68",
     "id_profesor": "68",
     "materia": "18",
     "id_materia": "18"
    },
    {
     "profesor": "70",
     "id_profesor": "70",
     "materia": "21",
     "id_materia": "21"
    },
    {
     "profesor": "97",
     "id_profesor": "97",
     "materia": "21",
     "id_materia": "21"
    },
    {
     "profesor": "96",
     "id_profesor": "96",
     "materia": "22",
     "id_materia": "22"
    },
    {
     "profesor": "18",
     "id_profesor": "18",
     "materia": "23",
     "id_materia": "23"
    },
    {
     "profesor": "46",
     "id_profesor": "46",
     "materia": "23",
     "id_materia": "23"
    },
    {
     "profesor": "146",
     "id_profesor": "146",
     "materia": "23",
     "id_materia": "23"
    },
    {
     "profesor": "8",
     "id_profesor": "8",
     "materia": "24",
     "id_materia": "24"
    },
    {
     "profesor": "116",
     "id_profesor": "116",
     "materia": "26",
     "id_materia": "26"
    },
    {
     "profesor": "133",
     "id_profesor": "133",
     "materia": "26",
     "id_materia": "26"
    },
    {
     "profesor": "64",
     "id_profesor": "64",
     "materia": "27",
     "id_materia": "27"
    },
    {
     "profesor": "66",
     "id_profesor": "66",
     "materia": "27",
     "id_materia": "27"
    },
    {
     "profesor": "74",
     "id_profesor": "74",
     "materia": "27",
     "id_materia": "27"
    },
    {
     "profesor": "65",
     "id_profesor": "65",
     "materia": "28",
     "id_materia": "28"
    },
    {
     "profesor": "103",
     "id_profesor": "103",
     "materia": "29",
     "id_materia": "29"
    },
    {
     "profesor": "17",
     "id_profesor": "17",
     "materia": "30",
     "id_materia": "30"
    },
    {
     "profesor": "134",
     "id_profesor": "134",
     "materia": "30",
     "id_materia": "30"
    }
   ]
  },
  {
   "bloque": {
    "id": "11",
    "nombre": "11",
    "modulos": [
     {
      "dia": "Lunes",
      "entrada": "07:00",
      "salida": "10:00"
     }
    ]
   },
   "asignaciones": [
    {
     "profesor": "50",
     "id_profesor": "50",
     "materia": "1",
     "id_materia": "1"
    },
    {
     "profesor": "106",
     "id_profesor": "106",
     "materia": "1",
     "id_materia": "1"
    },
    {
     "profesor": "131",
     "id_profesor": "131",
     "materia": "1",
     "id_materia": "1"
    },
    {
     "profesor": "150",
     "id_profesor": "150",
     "materia": "1",
     "id_materia": "1"
    },
    {
     "profesor": "13",
     "id_profesor": "13",
     "materia": "2",
     "id_materia": "2"
    },
    {
     "profesor": "41",
     "id_profesor": "41",
     "materia": "2",
     "id_materia": "2"
    },
    {
     "profesor": "51",
     "id_profesor": "51",
     "materia": "3",
     "id_materia": "3"
    },
    {
     "profesor": "143",
     "id_profesor": "143",
     "materia": "3",
     "id_materia": "3"
    },
    {
     "profesor": "59",
     "id_profesor": "59",
     "materia": "4",
     "id_materia": "4"
    },
    {
     "profesor": "99",
     "id_profesor": "99",
     "materia": "4",
     "id_materia": "4"
    },
    {
     "profesor": "146",
     "id_profesor": "146",
     "materia": "7",
     "id_materia": "7"
    },
    {
     "profesor": "63",
     "id_profesor": "63",
     "materia": "8",
     "id_materia": "8"
    },
    {
     "profesor": "12",
     "id_profesor": "12",
     "materia": "9",
     "id_materia": "9"
    },
    {
     "profesor": "141",
     "id_profesor": "141",
     "materia": "9",
     "id_materia": "9"
    },
    {
     "profesor": "31",
     "id_profesor": "31",
     "materia": "10",
     "id_materia": "10"
    },
    {
     "profesor": "71",
     "id_profesor": "71",
     "materia": "10",
     "id_materia": "10"
    },
    {
     "profesor": "7",
     "id_profesor": "7",
     "materia": "13",
     "id_materia": "13"
    },
    {
     "profesor": "36",
     "id_profesor": "36",
     "materia": "13",
     "id_materia": "13"
    },
    {
     "profesor": "75",
     "id_profesor": "75",
     "materia": "13",
     "id_materia": "13"
    },
    {
     "profesor": "133",
     "id_profesor": "133",
     "materia": "13",
     "id_materia": "13"
    },
    {
     "profesor": "122",
     "id_profesor": "122",
     "materia": "14",
     "id_materia": "14"
    },
    {
     "profesor": "124",
     "id_profesor": "124",
     "materia": "14",
     "id_materia": "14"
    },
    {
     "profesor": "108",
     "id_profesor": "108",
     "materia": "15",
     "id_materia": "15"
    },
    {
     "profesor": "145",
     "id_profesor": "145",
     "materia": "15",
     "id_materia": "15"
    },
    {
     "profesor": "48",
     "id_profesor": "48",
     "materia": "16",
     "id_materia": "16"
    },
    {
     "profesor": "92",
     "id_profesor": "92",
     "materia": "17",
     "id_materia": "17"
    },
    {
     "profesor": "25",
     "id_profesor": "25",
     "materia": "18",
     "id_materia": "18"
    },
    {
     "profesor": "62",
     "id_profesor": "62",
     "materia": "18",
     "id_materia": "18"
    },
    {
     "profesor": "77",
     "id_profesor": "77",
     "materia": "18",
     "id_materia": "18"
    },
    {
     "profesor": "73",
     "id_profesor": "73",
     "materia": "19",
     "id_materia": "19"
    },
    {
     "profesor": "97",
     "id_profesor": "97",
     "materia": "19",
     "id_materia": "19"
    },
    {
     "profesor": "27",
     "id_profesor": "27",
     "materia": "20",
     "id_materia": "20"
    },
    {
     "profesor": "149",
     "id_profesor": "149",
     "materia": "20",
     "id_materia": "20"
    },
    {
     "profesor": "105",
     "id_profesor": "105",
     "materia": "21",
     "id_materia": "21"
    },
    {
     "profesor": "144",
     "id_profesor": "144",
     "materia": "21",
     "id_materia": "21"
    },
    {
     "profesor": "65",
     "id_profesor": "65",
     "materia": "24",
     "id_materia": "24"
    },
    {
     "profesor": "49",
     "id_profesor": "49",
     "materia": "25",
     "id_materia": "25"
    },
    {
     "profesor": "134",
     "id_profesor": "134",
     "materia": "25",
     "id_materia": "25"
    },
    {
     "profesor": "4",
     "id_profesor": "4",
     "materia": "26",
     "id_materia": "26"
    },
    {
     "profesor": "24",
     "id_profesor": "24",
     "materia": "27",
     "id_materia": "27"
    },
    {
     "profesor": "64",
     "id_profesor": "64",
     "materia": "27",
     "id_materia": "27"
    },
    {
     "profesor": "130",
     "id_profesor": "130",
     "materia": "27",
     "id_materia": "27"
    },
    {
     "profesor": "29",
     "id_profesor": "29",
     "materia": "28",
     "id_materia": "28"
    },
    {
     "profesor": "61",
     "id_profesor": "61",
     "materia": "30",
     "id_materia": "30"
    }
   ]
  },
  {
   "bloque": {
    "id": "12",
    "nombre": "12",
    "modulos": [
     {
      "dia": "Lunes",
      "entrada": "07:00",
      "salida": "10:00"
     }
    ]
   },
   "asignaciones": [
    {
     "profesor": "12",
     "id_profesor": "12",
     "materia": "2",
     "id_materia": "2"
    },
    {
     "profesor": "13",
     "id_profesor": "13",
     "materia": "2",
     "id_materia": "2"
    },
    {
     "profesor": "57",
     "id_profesor": "57",
     "materia": "2",
     "id_materia": "2"
    },
    {
     "profesor": "115",
     "id_profesor": "115",
     "materia": "2",
     "id_materia": "2"
    },
    {
     "profesor": "30",
     "id_profesor": "30",
     "materia": "3",
     "id_materia": "3"
    },
    {
     "profesor": "41",
     "id_profesor": "41",
     "materia": "3",
     "id_materia": "3"
    },
    {
     "profesor": "122",
     "id_profesor": "122",
     "materia": "5",
     "id_materia": "5"
    },
    {
     "profesor": "5",
     "id_profesor": "5",
     "materia": "6",
     "id_materia": "6"
    },
    {
     "profesor": "14",
     "id_profesor": "14",
     "materia": "7",
     "id_materia": "7"
    },
    {
     "profesor": "46",
     "id_profesor": "46",
     "materia": "7",
     "id_materia": "7"
    },
    {
     "profesor": "98",
     "id_profesor": "98",
     "materia": "7",
     "id_materia": "7"
    },
    {
     "profesor": "20",
     "id_profesor": "20",
     "materia": "9",
     "id_materia": "9"
    },
    {
     "profesor": "78",
     "id_profesor": "78",
     "materia": "9",
     "id_materia": "9"
    },
    {
     "profesor": "22",
     "id_profesor": "22",
     "materia": "10",
     "id_materia": "10"
    },
    {
     "profesor": "8",
     "id_profesor": "8",
     "materia": "11",
     "id_materia": "11"
    },
    {
     "profesor": "109",
     "id_profesor": "109",
     "materia": "11",
     "id_materia": "11"
    },
    {
     "profesor": "137",
     "id_profesor": "137",
     "materia": "13",
     "id_materia": "13"
    },
    {
     "profesor": "99",
     "id_profesor": "99",
     "materia": "15",
     "id_materia": "15"
    },
    {
     "profesor": "130",
     "id_profesor": "130",
     "materia": "15",
     "id_materia": "15"
    },
    {
     "profesor": "31",
     "id_profesor": "31",
     "materia": "16",
     "id_materia": "16"
    },
    {
     "profesor": "66",
     "id_profesor": "66",
     "materia": "16",
     "id_materia": "16"
    },
    {
     "profesor": "100",
     "id_profesor": "100",
     "materia": "16",
     "id_materia": "16"
    },
    {
     "profesor": "62",
     "id_profesor": "62",
     "materia": "18",
     "id_materia": "18"
    },
    {
     "profesor": "68",
     "id_profesor": "68",
     "materia": "18",
     "id_materia": "18"
    },
    {
     "profesor": "2",
     "id_profesor": "2",
     "materia": "19",
     "id_materia": "19"
    },
    {
     "profesor": "97",
     "id_profesor": "97",
     "materia": "19",
     "id_materia": "19"
    },
    {
     "profesor": "7",
     "id_profesor": "7",
     "materia": "20",
     "id_materia": "20"
    },
    {
     "profesor": "120",
     "id_profesor": "120",
     "materia": "22",
     "id_materia": "22"
    },
    {
     "profesor": "125",
     "id_profesor": "125",
     "materia": "22",
     "id_materia": "22"
    },
    {
     "profesor": "139",
     "id_profesor": "139",
     "materia": "22",
     "id_materia": "22"
    },
    {
     "profesor": "18",
     "id_profesor": "18",
     "materia": "23",
     "id_materia": "23"
    },
    {
     "profesor": "38",
     "id_profesor": "38",
     "materia": "23",
     "id_materia": "23"
    },
    {
     "profesor": "40",
     "id_profesor": "40",
     "materia": "23",
     "id_materia": "23"
    },
    {
     "profesor": "114",
     "id_profesor": "114",
     "materia": "23",
     "id_materia": "23"
    },
    {
     "profesor": "33",
     "id_profesor": "33",
     "materia": "27",
     "id_materia": "27"
    },
    {
     "profesor": "44",
     "id_profesor": "44",
     "materia": "29",
     "id_materia": "29"
    },
    {
     "profesor": "80",
     "id_profesor": "80",
     "materia": "29",
     "id_materia": "29"
    },
    {
     "profesor": "143",
     "id_profesor": "143",
     "materia": "29",
     "id_materia": "29"
    },
    {
     "profesor": "17",
     "id_profesor": "17",
     "materia": "30",
     "id_materia": "30"
    },
    {
     "profesor": "37",
     "id_profesor": "37",
     "materia": "30",
     "id_materia": "30"
    },
    {
     "profesor": "61",
     "id_profesor": "61",
     "materia": "30",
     "id_materia": "30"
    },
    {
     "profesor": "69",
     "id_profesor": "69",
     "materia": "30",
     "id_materia": "30"
    }
   ]
  },
  {
   "bloque": {
    "id": "13",
    "nombre": "13",
    "modulos": [
     {
      "dia": "Lunes",
      "entrada": "07:00",
      "salida": "10:00"
     }
    ]
   },
   "asignaciones": [
    {
     "profesor": "29",
     "id_profesor": "29",
     "materia": "2",
     "id_materia": "2"
    },
    {
     "profesor": "115",
     "id_profesor": "115",
     "materia": "2",
     "id_materia": "2"
    },
    {
     "profesor": "30",
     "id_profesor": "30",
     "materia": "5",
     "id_materia": "5"
    },
    {
     "profesor": "68",
     "id_profesor": "68",
     "materia": "5",
     "id_materia": "5"
    },
    {
     "profesor": "28",
     "id_profesor": "28",
     "materia": "6",
     "id_materia": "6"
    },
    {
     "profesor": "43",
     "id_profesor": "43",
     "materia": "6",
     "id_materia": "6"
    },
    {
     "profesor": "90",
     "id_profesor": "90",
     "materia": "6",
     "id_materia": "6"
    },
    {
     "profesor": "42",
     "id_profesor": "42",
     "materia": "8",
     "id_materia": "8"
    },
    {
     "profesor": "54",
     "id_profesor": "54",
     "materia": "8",
     "id_materia": "8"
    },
    {
     "profesor": "72",
     "id_profesor": "72",
     "materia": "8",
     "id_materia": "8"
    },
    {
     "profesor": "86",
     "id_profesor": "86",
     "materia": "8",
     "id_materia": "8"
    },
    {
     "profesor": "141",
     "id_profesor": "141",
     "materia": "9",
     "id_materia": "9"
    },
    {
     "profesor": "127",
     "id_profesor": "127",
     "materia": "10",
     "id_materia": "10"
    },
    {
     "profesor": "8",
     "id_profesor": "8",
     "materia": "11",
     "id_materia": "11"
    },
    {
     "profesor": "85",
     "id_profesor": "85",
     "materia": "11",
     "id_materia": "11"
    },
    {
     "profesor": "34",
     "id_profesor": "34",
     "materia": "12",
     "id_materia": "12"
    },
    {
     "profesor": "52",
     "id_profesor": "52",
     "materia": "12",
     "id_materia": "12"
    },
    {
     "profesor": "103",
     "id_profesor": "103",
     "materia": "12",
     "id_materia": "12"
    },
    {
     "profesor": "119",
     "id_profesor": "119",
     "materia": "12",
     "id_materia": "12"
    },
    {
     "profesor": "46",
     "id_profesor": "46",
     "materia": "13",
     "id_materia": "13"
    },
    {
     "profesor": "108",
     "id_profesor": "108",
     "materia": "13",
     "id_materia": "13"
    },
    {
     "profesor": "99",
     "id_profesor": "99",
     "materia": "15",
     "id_materia": "15"
    },
    {
     "profesor": "48",
     "id_profesor": "48",
     "materia": "16",
     "id_materia": "16"
    },
    {
     "profesor": "33",
     "id_profesor": "33",
     "materia": "17",
     "id_materia": "17"
    },
    {
     "profesor": "140",
     "id_profesor": "140",
     "materia": "17",
     "id_materia": "17"
    },
    {
     "profesor": "35",
     "id_profesor": "35",
     "materia": "18",
     "id_materia": "18"
    },
    {
     "profesor": "21",
     "id_profesor": "21",
     "materia": "19",
     "id_materia": "19"
    },
    {
     "profesor": "98",
     "id_profesor": "98",
     "materia": "19",
     "id_materia": "19"
    },
    {
     "profesor": "125",
     "id_profesor": "125",
     "materia": "20",
     "id_materia": "20"
    },
    {
     "profesor": "149",
     "id_profesor": "149",
     "materia": "20",
     "id_materia": "20"
    },
    {
     "profesor": "70",
     "id_profesor": "70",
     "materia": "21",
     "id_materia": "21"
    },
    {
     "profesor": "144",
     "id_profesor": "144",
     "materia": "21",
     "id_materia": "21"
    },
    {
     "profesor": "131",
     "id_profesor": "131",
     "materia": "23",
     "id_materia": "23"
    },
    {
     "profesor": "136",
     "id_profesor": "136",
     "materia": "24",
     "id_materia": "24"
    },
    {
     "profesor": "49",
     "id_profesor": "49",
     "materia": "25",
     "id_materia": "25"
    },
    {
     "profesor": "116",
     "id_profesor": "116",
     "materia": "26",
     "id_materia": "26"
    },
    {
     "profesor": "64",
     "id_profesor": "64",
     "materia": "27",
     "id_materia": "27"
    },
    {
     "profesor": "74",
     "id_profesor": "74",
     "materia": "27",
     "id_materia": "27"
    },
    {
     "profesor": "130",
     "id_profesor": "130",
     "materia": "27",
     "id_materia": "27"
    },
    {
     "profesor": "139",
     "id_profesor": "139",
     "materia": "27",
     "id_materia": "27"
    },
    {
     "profesor": "82",
     "id_profesor": "82",
     "materia": "28",
     "id_materia": "28"
    },
    {
     "profesor": "17",
     "id_profesor": "17",
     "materia": "30",
     "id_materia": "30"
    },
    {
     "profesor": "37",
     "id_profesor": "37",
     "materia": "30",
     "id_materia": "30"
    },
    {
     "profesor": "134",
     "id_profesor": "134",
     "materia": "30",
     "id_materia": "30"
    }
   ]
  },
  {
   "bloque": {
    "id": "14",
    "nombre": "14",
    "modulos": [
     {
      "dia": "Lunes",
      "entrada": "07:00",
      "salida": "10:00"
     }
    ]
   },
   "asignaciones": [
    {
     "profesor": "88",
     "id_profesor": "88",
     "materia": "1",
     "id_materia": "1"
    },
    {
     "profesor": "106",
     "id_profesor": "106",
     "materia": "1",
     "id_materia": "1"
    },
    {
     "profesor": "135",
     "id_profesor": "135",
     "materia": "2",
     "id_materia": "2"
    },
    {
     "profesor": "67",
     "id_profesor": "67",
     "materia": "3",
     "id_materia": "3"
    },
    {
     "profesor": "59",
     "id_profesor": "59",
     "materia": "4",
     "id_materia": "4"
    },
    {
     "profesor": "77",
     "id_profesor": "77",
     "materia": "4",
     "id_materia": "4"
    },
    {
     "profesor": "16",
     "id_profesor": "16",
     "materia": "6",
     "id_materia": "6"
    },
    {
     "profesor": "28",
     "id_profesor": "28",
     "materia": "6",
     "id_materia": "6"
    },
    {
     "profesor": "46",
     "id_profesor": "46",
     "materia": "7",
     "id_materia": "7"
    },
    {
     "profesor": "132",
     "id_profesor": "132",
     "materia": "7",
     "id_materia": "7"
    },
    {
     "profesor": "42",
     "id_profesor": "42",
     "materia": "8",
     "id_materia": "8"
    },
    {
     "profesor": "32",
     "id_profesor": "32",
     "materia": "9",
     "id_materia": "9"
    },
    {
     "profesor": "26",
     "id_profesor": "26",
     "materia": "10",
     "id_materia": "10"
    },
    {
     "profesor": "111",
     "id_profesor": "111",
     "materia": "11",
     "id_materia": "11"
    },
    {
     "profesor": "103",
     "id_profesor": "103",
     "materia": "12",
     "id_materia": "12"
    },
    {
     "profesor": "149",
     "id_profesor": "149",
     "materia": "12",
     "id_materia": "12"
    },
    {
     "profesor": "130",
     "id_profesor": "130",
     "materia": "15",
     "id_materia": "15"
    },
    {
     "profesor": "33",
     "id_profesor": "33",
     "materia": "17",
     "id_materia": "17"
    },
    {
     "profesor": "35",
     "id_profesor": "35",
     "materia": "18",
     "id_materia": "18"
    },
    {
     "profesor": "53",
     "id_profesor": "53",
     "materia": "19",
     "id_materia": "19"
    },
    {
     "profesor": "27",
     "id_profesor": "27",
     "materia": "20",
     "id_materia": "20"
    },
    {
     "profesor": "70",
     "id_profesor": "70",
     "materia": "21",
     "id_materia": "21"
    },
    {
     "profesor": "96",
     "id_profesor": "96",
     "materia": "22",
     "id_materia": "22"
    },
    {
     "profesor": "101",
     "id_profesor": "101",
     "materia": "22",
     "id_materia": "22"
    },
    {
     "profesor": "18",
     "id_profesor": "18",
     "materia": "23",
     "id_materia": "23"
    },
    {
     "profesor": "146",
     "id_profesor": "146",
     "materia": "23",
     "id_materia": "23"
    },
    {
     "profesor": "8",
     "id_profesor": "8",
     "materia": "24",
     "id_materia": "24"
    },
    {
     "profesor": "136",
     "id_profesor": "136",
     "materia": "24",
     "id_materia": "24"
    },
    {
     "profesor": "150",
     "id_profesor": "150",
     "materia": "24",
     "id_materia": "24"
    },
    {
     "profesor": "56",
     "id_profesor": "56",
     "materia": "25",
     "id_materia": "25"
    },
    {
     "profesor": "57",
     "id_profesor": "57",
     "materia": "25",
     "id_materia": "25"
    },
    {
     "profesor": "120",
     "id_profesor": "120",
     "materia": "25",
     "id_materia": "25"
    },
    {
     "profesor": "66",
     "id_profesor": "66",
     "materia": "27",
     "id_materia": "27"
    },
    {
     "profesor": "74",
     "id_profesor": "74",
     "materia": "27",
     "id_materia": "27"
    },
    {
     "profesor": "118",
     "id_profesor": "118",
     "materia": "28",
     "id_materia": "28"
    },
    {
     "profesor": "44",
     "id_profesor": "44",
     "materia": "29",
     "id_materia": "29"
    },
    {
     "profesor": "62",
     "id_profesor": "62",
     "materia": "29",
     "id_materia": "29"
    },
    {
     "profesor": "143",
     "id_profesor": "143",
     "materia": "29",
     "id_materia": "29"
    }
   ]
  },
  {
   "bloque": {
    "id": "15",
    "nombre": "15",
    "modulos": [
     {
      "dia": "Lunes",
      "entrada": "07:00",
      "salida": "10:00"
     }
    ]
   },
   "asignaciones": [
    {
     "profesor": "131",
     "id_profesor": "131",
     "materia": "1",
     "id_materia": "1"
    },
    {
     "profesor": "60",
     "id_profesor": "60",
     "materia": "2",
     "id_materia": "2"
    },
    {
     "profesor": "135",
     "id_profesor": "135",
     "materia": "2",
     "id_materia": "2"
    },
    {
     "profesor": "51",
     "id_profesor": "51",
     "materia": "3",
     "id_materia": "3"
    },
    {
     "profesor": "38",
     "id_profesor": "38",
     "materia": "4",
     "id_materia": "4"
    },
    {
     "profesor": "59",
     "id_profesor": "59",
     "materia": "4",
     "id_materia": "4"
    },
    {
     "profesor": "99",
     "id_profesor": "99",
     "materia": "4",
     "id_materia": "4"
    },
    {
     "profesor": "30",
     "id_profesor": "30",
     "materia": "5",
     "id_materia": "5"
    },
    {
     "profesor": "90",
     "id_profesor": "90",
     "materia": "6",
     "id_materia": "6"
    },
    {
     "profesor": "14",
     "id_profesor": "14",
     "materia": "7",
     "id_materia": "7"
    },
    {
     "profesor": "142",
     "id_profesor": "142",
     "materia": "7",
     "id_materia": "7"
    },
    {
     "profesor": "35",
     "id_profesor": "35",
     "materia": "8",
     "id_materia": "8"
    },
    {
     "profesor": "42",
     "id_profesor": "42",
     "materia": "8",
     "id_materia": "8"
    },
    {
     "profesor": "12",
     "id_profesor": "12",
     "materia": "9",
     "id_materia": "9"
    },
    {
     "profesor": "20",
     "id_profesor": "20",
     "materia": "9",
     "id_materia": "9"
    },
    {
     "profesor": "102",
     "id_profesor": "102",
     "materia": "9",
     "id_materia": "9"
    },
    {
     "profesor": "71",
     "id_profesor": "71",
     "materia": "10",
     "id_materia": "10"
    },
    {
     "profesor": "115",
     "id_profesor": "115",
     "materia": "10",
     "id_materia": "10"
    },
    {
     "profesor": "138",
     "id_profesor": "138",
     "materia": "10",
     "id_materia": "10"
    },
    {
     "profesor": "10",
     "id_profesor": "10",
     "materia": "11",
     "id_materia": "11"
    },
    {
     "profesor": "52",
     "id_profesor": "52",
     "materia": "12",
     "id_materia": "12"
    },
    {
     "profesor": "104",
     "id_profesor": "104",
     "materia": "12",
     "id_materia": "12"
    },
    {
     "profesor": "75",
     "id_profesor": "75",
     "materia": "13",
     "id_materia": "13"
    },
    {
     "profesor": "88",
     "id_profesor": "88",
     "materia": "13",
     "id_materia": "13"
    },
    {
     "profesor": "74",
     "id_profesor": "74",
     "materia": "14",
     "id_materia": "14"
    },
    {
     "profesor": "89",
     "id_profesor": "89",
     "materia": "14",
     "id_materia": "14"
    },
    {
     "profesor": "94",
     "id_profesor": "94",
     "materia": "14",
     "id_materia": "14"
    },
    {
     "profesor": "122",
     "id_profesor": "122",
     "materia": "14",
     "id_materia": "14"
    },
    {
     "profesor": "110",
     "id_profesor": "110",
     "materia": "15",
     "id_materia": "15"
    },
    {
     "profesor": "66",
     "id_profesor": "66",
     "materia": "16",
     "id_materia": "16"
    },
    {
     "profesor": "1",
     "id_profesor": "1",
     "materia": "17",
     "id_materia": "17"
    },
    {
     "profesor": "21",
     "id_profesor": "21",
     "materia": "19",
     "id_materia": "19"
    },
    {
     "profesor": "125",
     "id_profesor": "125",
     "materia": "20",
     "id_materia": "20"
    },
    {
     "profesor": "78",
     "id_profesor": "78",
     "materia": "21",
     "id_materia": "21"
    },
    {
     "profesor": "144",
     "id_profesor": "144",
     "materia": "21",
     "id_materia": "21"
    },
    {
     "profesor": "79",
     "id_profesor": "79",
     "materia": "22",
     "id_materia": "22"
    },
    {
     "profesor": "96",
     "id_profesor": "96",
     "materia": "22",
     "id_materia": "22"
    },
    {
     "profesor": "40",
     "id_profesor": "40",
     "materia": "23",
     "id_materia": "23"
    },
    {
     "profesor": "136",
     "id_profesor": "136",
     "materia": "24",
     "id_materia": "24"
    },
    {
     "profesor": "150",
     "id_profesor": "150",
     "materia": "24",
     "id_materia": "24"
    },
    {
     "profesor": "134",
     "id_profesor": "134",
     "materia": "25",
     "id_materia": "25"
    },
    {
     "profesor": "4",
     "id_profesor": "4",
     "materia": "26",
     "id_materia": "26"
    },
    {
     "profesor": "23",
     "id_profesor": "23",
     "materia": "26",
     "id_materia": "26"
    },
    {
     "profesor": "45",
     "id_profesor": "45",
     "materia": "26",
     "id_materia": "26"
    },
    {
     "profesor": "48",
     "id_profesor": "48",
     "materia": "26",
     "id_materia": "26"
    },
    {
     "profesor": "139",
     "id_profesor": "139",
     "materia": "27",
     "id_materia": "27"
    },
    {
     "profesor": "18",
     "id_profesor": "18",
     "materia": "28",
     "id_materia": "28"
    },
    {
     "profesor": "29",
     "id_profesor": "29",
     "materia": "28",
     "id_materia": "28"
    },
    {
     "profesor": "44",
     "id_profesor": "44",
     "materia": "29",
     "id_materia": "29"
    },
    {
     "profesor": "64",
     "id_profesor": "64",
     "materia": "29",
     "id_materia": "29"
    },
    {
     "profesor": "80",
     "id_profesor": "80",
     "materia": "29",
     "id_materia": "29"
    },
    {
     "profesor": "103",
     "id_profesor": "103",
     "materia": "29",
     "id_materia": "29"
    },
    {
     "profesor": "143",
     "id_profesor": "143",
     "materia": "29",
     "id_materia": "29"
    },
    {
     "profesor": "37",
     "id_profesor": "37",
     "materia": "30",
     "id_materia": "30"
    },
    {
     "profesor": "49",
     "id_profesor": "49",
     "materia": "30",
     "id_materia": "30"
    }
   ]
  },
  {
   "bloque": {
    "id": "16",
    "nombre": "16",
    "modulos": [
     {
      "dia": "Lunes",
      "entrada": "07:00",
      "salida": "10:00"
     }
    ]
   },
   "asignaciones": [
    {
     "profesor": "71",
     "id_profesor": "71",
     "materia": "1",
     "id_materia": "1"
    },
    {
     "profesor": "147",
     "id_profesor": "147",
     "materia": "1",
     "id_materia": "1"
    },
    {
     "profesor": "57",
     "id_profesor": "57",
     "materia": "2",
     "id_materia": "2"
    },
    {
     "profesor": "67",
     "id_profesor": "67",
     "materia": "3",
     "id_materia": "3"
    },
    {
     "profesor": "112",
     "id_profesor": "112",
     "materia": "5",
     "id_materia": "5"
    },
    {
     "profesor": "116",
     "id_profesor": "116",
     "materia": "5",
     "id_materia": "5"
    },
    {
     "profesor": "43",
     "id_profesor": "43",
     "materia": "6",
     "id_materia": "6"
    },
    {
     "profesor": "90",
     "id_profesor": "90",
     "materia": "6",
     "id_materia": "6"
    },
    {
     "profesor": "146",
     "id_profesor": "146",
     "materia": "7",
     "id_materia": "7"
    },
    {
     "profesor": "42",
     "id_profesor": "42",
     "materia": "8",
     "id_materia": "8"
    },
    {
     "profesor": "12",
     "id_profesor": "12",
     "materia": "9",
     "id_materia": "9"
    },
    {
     "profesor": "78",
     "id_profesor": "78",
     "materia": "9",
     "id_materia": "9"
    },
    {
     "profesor": "10",
     "id_profesor": "10",
     "materia": "11",
     "id_materia": "11"
    },
    {
     "profesor": "45",
     "id_profesor": "45",
     "materia": "11",
     "id_materia": "11"
    },
    {
     "profesor": "80",
     "id_profesor": "80",
     "materia": "11",
     "id_materia": "11"
    },
    {
     "profesor": "36",
     "id_profesor": "36",
     "materia": "13",
     "id_materia": "13"
    },
    {
     "profesor": "137",
     "id_profesor": "137",
     "materia": "13",
     "id_materia": "13"
    },
    {
     "profesor": "40",
     "id_profesor": "40",
     "materia": "14",
     "id_materia": "14"
    },
    {
     "profesor": "6",
     "id_profesor": "6",
     "materia": "16",
     "id_materia": "16"
    },
    {
     "profesor": "126",
     "id_profesor": "126",
     "materia": "16",
     "id_materia": "16"
    },
    {
     "profesor": "92",
     "id_profesor": "92",
     "materia": "17",
     "id_materia": "17"
    },
    {
     "profesor": "140",
     "id_profesor": "140",
     "materia": "17",
     "id_materia": "17"
    },
    {
     "profesor": "25",
     "id_profesor": "25",
     "materia": "18",
     "id_materia": "18"
    },
    {
     "profesor": "77",
     "id_profesor": "77",
     "materia": "18",
     "id_materia": "18"
    },
    {
     "profesor": "142",
     "id_profesor": "142",
     "materia": "18",
     "id_materia": "18"
    },
    {
     "profesor": "21",
     "id_profesor": "21",
     "materia": "19",
     "id_materia": "19"
    },
    {
     "profesor": "105",
     "id_profesor": "105",
     "materia": "19",
     "id_materia": "19"
    },
    {
     "profesor": "72",
     "id_profesor": "72",
     "materia": "20",
     "id_materia": "20"
    },
    {
     "profesor": "123",
     "id_profesor": "123",
     "materia": "20",
     "id_materia": "20"
    },
    {
     "profesor": "97",
     "id_profesor": "97",
     "materia": "21",
     "id_materia": "21"
    },
    {
     "profesor": "79",
     "id_profesor": "79",
     "materia": "22",
     "id_materia": "22"
    },
    {
     "profesor": "96",
     "id_profesor": "96",
     "materia": "22",
     "id_materia": "22"
    },
    {
     "profesor": "46",
     "id_profesor": "46",
     "materia": "23",
     "id_materia": "23"
    },
    {
     "profesor": "114",
     "id_profesor": "114",
     "materia": "23",
     "id_materia": "23"
    },
    {
     "profesor": "70",
     "id_profesor": "70",
     "materia": "24",
     "id_materia": "24"
    },
    {
     "profesor": "133",
     "id_profesor": "133",
     "materia": "26",
     "id_materia": "26"
    },
    {
     "profesor": "24",
     "id_profesor": "24",
     "materia": "27",
     "id_materia": "27"
    },
    {
     "profesor": "139",
     "id_profesor": "139",
     "materia": "27",
     "id_materia": "27"
    },
    {
     "profesor": "81",
     "id_profesor": "81",
     "materia": "28",
     "id_materia": "28"
    },
    {
     "profesor": "82",
     "id_profesor": "82",
     "materia": "28",
     "id_materia": "28"
    },
    {
     "profesor": "118",
     "id_profesor": "118",
     "materia": "28",
     "id_materia": "28"
    }
   ]
  },
  {
   "bloque": {
    "id": "17",
    "nombre": "17",
    "modulos": [
     {
      "dia": "Lunes",
      "entrada": "07:00",
      "salida": "10:00"
     }
    ]
   },
   "asignaciones": [
    {
     "profesor": "106",
     "id_profesor": "106",
     "materia": "1",
     "id_materia": "1"
    },
    {
     "profesor": "57",
     "id_profesor": "57",
     "materia": "2",
     "id_materia": "2"
    },
    {
     "profesor": "30",
     "id_profesor": "30",
     "materia": "3",
     "id_materia": "3"
    },
    {
     "profesor": "37",
     "id_profesor": "37",
     "materia": "3",
     "id_materia": "3"
    },
    {
     "profesor": "41",
     "id_profesor": "41",
     "materia": "3",
     "id_materia": "3"
    },
    {
     "profesor": "79",
     "id_profesor": "79",
     "materia": "4",
     "id_materia": "4"
    },
    {
     "profesor": "83",
     "id_profesor": "83",
     "materia": "5",
     "id_materia": "5"
    },
    {
     "profesor": "122",
     "id_profesor": "122",
     "materia": "5",
     "id_materia": "5"
    },
    {
     "profesor": "43",
     "id_profesor": "43",
     "materia": "6",
     "id_materia": "6"
    },
    {
     "profesor": "102",
     "id_profesor": "102",
     "materia": "7",
     "id_materia": "7"
    },
    {
     "profesor": "142",
     "id_profesor": "142",
     "materia": "7",
     "id_materia": "7"
    },
    {
     "profesor": "63",
     "id_profesor": "63",
     "materia": "8",
     "id_materia": "8"
    },
    {
     "profesor": "113",
     "id_profesor": "113",
     "materia": "8",
     "id_materia": "8"
    },
    {
     "profesor": "55",
     "id_profesor": "55",
     "materia": "9",
     "id_materia": "9"
    },
    {
     "profesor": "127",
     "id_profesor": "127",
     "materia": "10",
     "id_materia": "10"
    },
    {
     "profesor": "45",
     "id_profesor": "45",
     "materia": "11",
     "id_materia": "11"
    },
    {
     "profesor": "9",
     "id_profesor": "9",
     "materia": "12",
     "id_materia": "12"
    },
    {
     "profesor": "103",
     "id_profesor": "103",
     "materia": "12",
     "id_materia": "12"
    },
    {
     "profesor": "119",
     "id_profesor": "119",
     "materia": "12",
     "id_materia": "12"
    },
    {
     "profesor": "50",
     "id_profesor": "50",
     "materia": "15",
     "id_materia": "15"
    },
    {
     "profesor": "145",
     "id_profesor": "145",
     "materia": "15",
     "id_materia": "15"
    },
    {
     "profesor": "19",
     "id_profesor": "19",
     "materia": "16",
     "id_materia": "16"
    },
    {
     "profesor": "31",
     "id_profesor": "31",
     "materia": "16",
     "id_materia": "16"
    },
    {
     "profesor": "47",
     "id_profesor": "47",
     "materia": "16",
     "id_materia": "16"
    },
    {
     "profesor": "66",
     "id_profesor": "66",
     "materia": "16",
     "id_materia": "16"
    },
    {
     "profesor": "72",
     "id_profesor": "72",
     "materia": "16",
     "id_materia": "16"
    },
    {
     "profesor": "126",
     "id_profesor": "126",
     "materia": "16",
     "id_materia": "16"
    },
    {
     "profesor": "7",
     "id_profesor": "7",
     "materia": "17",
     "id_materia": "17"
    },
    {
     "profesor": "92",
     "id_profesor": "92",
     "materia": "17",
     "id_materia": "17"
    },
    {
     "profesor": "144",
     "id_profesor": "144",
     "materia": "17",
     "id_materia": "17"
    },
    {
     "profesor": "73",
     "id_profesor": "73",
     "materia": "19",
     "id_materia": "19"
    },
    {
     "profesor": "27",
     "id_profesor": "27",
     "materia": "20",
     "id_materia": "20"
    },
    {
     "profesor": "125",
     "id_profesor": "125",
     "materia": "20",
     "id_materia": "20"
    },
    {
     "profesor": "105",
     "id_profesor": "105",
     "materia": "21",
     "id_materia": "21"
    },
    {
     "profesor": "94",
     "id_profesor": "94",
     "materia": "22",
     "id_materia": "22"
    },
    {
     "profesor": "139",
     "id_profesor": "139",
     "materia": "22",
     "id_materia": "22"
    },
    {
     "profesor": "38",
     "id_profesor": "38",
     "materia": "23",
     "id_materia": "23"
    },
    {
     "profesor": "6",
     "id_profesor": "6",
     "materia": "24",
     "id_materia": "24"
    },
    {
     "profesor": "70",
     "id_profesor": "70",
     "materia": "24",
     "id_materia": "24"
    },
    {
     "profesor": "150",
     "id_profesor": "150",
     "materia": "24",
     "id_materia": "24"
    },
    {
     "profesor": "49",
     "id_profesor": "49",
     "materia": "25",
     "id_materia": "25"
    },
    {
     "profesor": "56",
     "id_profesor": "56",
     "materia": "25",
     "id_materia": "25"
    },
    {
     "profesor": "120",
     "id_profesor": "120",
     "materia": "25",
     "id_materia": "25"
    },
    {
     "profesor": "134",
     "id_profesor": "134",
     "materia": "25",
     "id_materia": "25"
    },
    {
     "profesor": "136",
     "id_profesor": "136",
     "materia": "25",
     "id_materia": "25"
    },
    {
     "profesor": "16",
     "id_profesor": "16",
     "materia": "26",
     "id_materia": "26"
    },
    {
     "profesor": "23",
     "id_profesor": "23",
     "materia": "26",
     "id_materia": "26"
    },
    {
     "profesor": "48",
     "id_profesor": "48",
     "materia": "26",
     "id_materia": "26"
    },
    {
     "profesor": "116",
     "id_profesor": "116",
     "materia": "26",
     "id_materia": "26"
    },
    {
     "profesor": "130",
     "id_profesor": "130",
     "materia": "27",
     "id_materia": "27"
    }
   ]
  },
  {
   "bloque": {
    "id": "18",
    "nombre": "18",
    "modulos": [
     {
      "dia": "Lunes",
      "entrada": "07:00",
      "salida": "10:00"
     }
    ]
   },
   "asignaciones": [
    {
     "profesor": "104",
     "id_profesor": "104",
     "materia": "1",
     "id_materia": "1"
    },
    {
     "profesor": "130",
     "id_profesor": "130",
     "materia": "2",
     "id_materia": "2"
    },
    {
     "profesor": "37",
     "id_profesor": "37",
     "materia": "3",
     "id_materia": "3"
    },
    {
     "profesor": "28",
     "id_profesor": "28",
     "materia": "6",
     "id_materia": "6"
    },
    {
     "profesor": "14",
     "id_profesor": "14",
     "materia": "7",
     "id_materia": "7"
    },
    {
     "profesor": "16",
     "id_profesor": "16",
     "materia": "8",
     "id_materia": "8"
    },
    {
     "profesor": "23",
     "id_profesor": "23",
     "materia": "10",
     "id_materia": "10"
    },
    {
     "profesor": "26",
     "id_profesor": "26",
     "materia": "10",
     "id_materia": "10"
    },
    {
     "profesor": "71",
     "id_profesor": "71",
     "materia": "10",
     "id_materia": "10"
    },
    {
     "profesor": "127",
     "id_profesor": "127",
     "materia": "10",
     "id_materia": "10"
    },
    {
     "profesor": "109",
     "id_profesor": "109",
     "materia": "11",
     "id_materia": "11"
    },
    {
     "profesor": "48",
     "id_profesor": "48",
     "materia": "12",
     "id_materia": "12"
    },
    {
     "profesor": "52",
     "id_profesor": "52",
     "materia": "12",
     "id_materia": "12"
    },
    {
     "profesor": "133",
     "id_profesor": "133",
     "materia": "13",
     "id_materia": "13"
    },
    {
     "profesor": "74",
     "id_profesor": "74",
     "materia": "14",
     "id_materia": "14"
    },
    {
     "profesor": "94",
     "id_profesor": "94",
     "materia": "14",
     "id_materia": "14"
    },
    {
     "profesor": "50",
     "id_profesor": "50",
     "materia": "15",
     "id_materia": "15"
    },
    {
     "profesor": "99",
     "id_profesor": "99",
     "materia": "15",
     "id_materia": "15"
    },
    {
     "profesor": "7",
     "id_profesor": "7",
     "materia": "17",
     "id_materia": "17"
    },
    {
     "profesor": "142",
     "id_profesor": "142",
     "materia": "18",
     "id_materia": "18"
    },
    {
     "profesor": "123",
     "id_profesor": "123",
     "materia": "20",
     "id_materia": "20"
    },
    {
     "profesor": "76",
     "id_profesor": "76",
     "materia": "21",
     "id_materia": "21"
    },
    {
     "profesor": "97",
     "id_profesor": "97",
     "materia": "21",
     "id_materia": "21"
    },
    {
     "profesor": "144",
     "id_profesor": "144",
     "materia": "21",
     "id_materia": "21"
    },
    {
     "profesor": "79",
     "id_profesor": "79",
     "materia": "22",
     "id_materia": "22"
    },
    {
     "profesor": "120",
     "id_profesor": "120",
     "materia": "22",
     "id_materia": "22"
    },
    {
     "profesor": "38",
     "id_profesor": "38",
     "materia": "23",
     "id_materia": "23"
    },
    {
     "profesor": "131",
     "id_profesor": "131",
     "materia": "23",
     "id_materia": "23"
    },
    {
     "profesor": "81",
     "id_profesor": "81",
     "materia": "24",
     "id_materia": "24"
    },
    {
     "profesor": "150",
     "id_profesor": "150",
     "materia": "24",
     "id_materia": "24"
    },
    {
     "profesor": "82",
     "id_profesor": "82",
     "materia": "28",
     "id_materia": "28"
    },
    {
     "profesor": "80",
     "id_profesor": "80",
     "materia": "29",
     "id_materia": "29"
    },
    {
     "profesor": "61",
     "id_profesor": "61",
     "materia": "30",
     "id_materia": "30"
    }
   ]
  },
  {
   "bloque": {
    "id": "19",
    "nombre": "19",
    "modulos": [
     {
      "dia": "Lunes",
      "entrada": "07:00",
      "salida": "10:00"
     }
    ]
   },
   "asignaciones": [
    {
     "profesor": "147",
     "id_profesor": "147",
     "materia": "1",
     "id_materia": "1"
    },
    {
     "profesor": "13",
     "id_profesor": "13",
     "materia": "2",
     "id_materia": "2"
    },
    {
     "profesor": "57",
     "id_profesor": "57",
     "materia": "2",
     "id_materia": "2"
    },
    {
     "profesor": "45",
     "id_profesor": "45",
     "materia": "3",
     "id_materia": "3"
    },
    {
     "profesor": "99",
     "id_profesor": "99",
     "materia": "4",
     "id_materia": "4"
    },
    {
     "profesor": "122",
     "id_profesor": "122",
     "materia": "5",
     "id_materia": "5"
    },
    {
     "profesor": "31",
     "id_profesor": "31",
     "materia": "6",
     "id_materia": "6"
    },
    {
     "profesor": "43",
     "id_profesor": "43",
     "materia": "6",
     "id_materia": "6"
    },
    {
     "profesor": "79",
     "id_profesor": "79",
     "materia": "6",
     "id_materia": "6"
    },
    {
     "profesor": "95",
     "id_profesor": "95",
     "materia": "7",
     "id_materia": "7"
    },
    {
     "profesor": "54",
     "id_profesor": "54",
     "materia": "8",
     "id_materia": "8"
    },
    {
     "profesor": "82",
     "id_profesor": "82",
     "materia": "9",
     "id_materia": "9"
    },
    {
     "profesor": "15",
     "id_profesor": "15",
     "materia": "10",
     "id_materia": "10"
    },
    {
     "profesor": "23",
     "id_profesor": "23",
     "materia": "10",
     "id_materia": "10"
    },
    {
     "profesor": "71",
     "id_profesor": "71",
     "materia": "10",
     "id_materia": "10"
    },
    {
     "profesor": "8",
     "id_profesor": "8",
     "materia": "11",
     "id_materia": "11"
    },
    {
     "profesor": "76",
     "id_profesor": "76",
     "materia": "11",
     "id_materia": "11"
    },
    {
     "profesor": "52",
     "id_profesor": "52",
     "materia": "12",
     "id_materia": "12"
    },
    {
     "profesor": "137",
     "id_profesor": "137",
     "materia": "13",
     "id_materia": "13"
    },
    {
     "profesor": "40",
     "id_profesor": "40",
     "materia": "14",
     "id_materia": "14"
    },
    {
     "profesor": "124",
     "id_profesor": "124",
     "materia": "14",
     "id_materia": "14"
    },
    {
     "profesor": "7",
     "id_profesor": "7",
     "materia": "17",
     "id_materia": "17"
    },
    {
     "profesor": "27",
     "id_profesor": "27",
     "materia": "20",
     "id_materia": "20"
    },
    {
     "profesor": "149",
     "id_profesor": "149",
     "materia": "20",
     "id_materia": "20"
    },
    {
     "profesor": "105",
     "id_profesor": "105",
     "materia": "21",
     "id_materia": "21"
    },
    {
     "profesor": "145",
     "id_profesor": "145",
     "materia": "21",
     "id_materia": "21"
    },
    {
     "profesor": "96",
     "id_profesor": "96",
     "materia": "22",
     "id_materia": "22"
    },
    {
     "profesor": "18",
     "id_profesor": "18",
     "materia": "23",
     "id_materia": "23"
    },
    {
     "profesor": "146",
     "id_profesor": "146",
     "materia": "23",
     "id_materia": "23"
    },
    {
     "profesor": "70",
     "id_profesor": "70",
     "materia": "24",
     "id_materia": "24"
    },
    {
     "profesor": "16",
     "id_profesor": "16",
     "materia": "25",
     "id_materia": "25"
    },
    {
     "profesor": "134",
     "id_profesor": "134",
     "materia": "25",
     "id_materia": "25"
    },
    {
     "profesor": "136",
     "id_profesor": "136",
     "materia": "25",
     "id_materia": "25"
    },
    {
     "profesor": "66",
     "id_profesor": "66",
     "materia": "27",
     "id_materia": "27"
    },
    {
     "profesor": "81",
     "id_profesor": "81",
     "materia": "28",
     "id_materia": "28"
    },
    {
     "profesor": "64",
     "id_profesor": "64",
     "materia": "29",
     "id_materia": "29"
    },
    {
     "profesor": "143",
     "id_profesor": "143",
     "materia": "29",
     "id_materia": "29"
    },
    {
     "profesor": "61",
     "id_profesor": "61",
     "materia": "30",
     "id_materia": "30"
    }
   ]
  },
  {
   "bloque": {
    "id": "20",
    "nombre": "20",
    "modulos": [
     {
      "dia": "Lunes",
      "entrada": "07:00",
      "salida": "10:00"
     }
    ]
   },
   "asignaciones": [
    {
     "profesor": "50",
     "id_profesor": "50",
     "materia": "1",
     "id_materia": "1"
    },
    {
     "profesor": "88",
     "id_profesor": "88",
     "materia": "1",
     "id_materia": "1"
    },
    {
     "profesor": "131",
     "id_profesor": "131",
     "materia": "1",
     "id_materia": "1"
    },
    {
     "profesor": "67",
     "id_profesor": "67",
     "materia": "3",
     "id_materia": "3"
    },
    {
     "profesor": "52",
     "id_profesor": "52",
     "materia": "4",
     "id_materia": "4"
    },
    {
     "profesor": "79",
     "id_profesor": "79",
     "materia": "4",
     "id_materia": "4"
    },
    {
     "profesor": "42",
     "id_profesor": "42",
     "materia": "5",
     "id_materia": "5"
    },
    {
     "profesor": "41",
     "id_profesor": "41",
     "materia": "6",
     "id_materia": "6"
    },
    {
     "profesor": "46",
     "id_profesor": "46",
     "materia": "7",
     "id_materia": "7"
    },
    {
     "profesor": "54",
     "id_profesor": "54",
     "materia": "8",
     "id_materia": "8"
    },
    {
     "profesor": "113",
     "id_profesor": "113",
     "materia": "8",
     "id_materia": "8"
    },
    {
     "profesor": "11",
     "id_profesor": "11",
     "materia": "10",
     "id_materia": "10"
    },
    {
     "profesor": "15",
     "id_profesor": "15",
     "materia": "10",
     "id_materia": "10"
    },
    {
     "profesor": "10",
     "id_profesor": "10",
     "materia": "11",
     "id_materia": "11"
    },
    {
     "profesor": "45",
     "id_profesor": "45",
     "materia": "11",
     "id_materia": "11"
    },
    {
     "profesor": "108",
     "id_profesor": "108",
     "materia": "13",
     "id_materia": "13"
    },
    {
     "profesor": "85",
     "id_profesor": "85",
     "materia": "14",
     "id_materia": "14"
    },
    {
     "profesor": "94",
     "id_profesor": "94",
     "materia": "14",
     "id_materia": "14"
    },
    {
     "profesor": "107",
     "id_profesor": "107",
     "materia": "15",
     "id_materia": "15"
    },
    {
     "profesor": "1",
     "id_profesor": "1",
     "materia": "16",
     "id_materia": "16"
    },
    {
     "profesor": "3",
     "id_profesor": "3",
     "materia": "17",
     "id_materia": "17"
    },
    {
     "profesor": "7",
     "id_profesor": "7",
     "materia": "17",
     "id_materia": "17"
    },
    {
     "profesor": "2",
     "id_profesor": "2",
     "materia": "19",
     "id_materia": "19"
    },
    {
     "profesor": "28",
     "id_profesor": "28",
     "materia": "20",
     "id_materia": "20"
    },
    {
     "profesor": "123",
     "id_profesor": "123",
     "materia": "20",
     "id_materia": "20"
    },
    {
     "profesor": "149",
     "id_profesor": "149",
     "materia": "20",
     "id_materia": "20"
    },
    {
     "profesor": "97",
     "id_profesor": "97",
     "materia": "21",
     "id_materia": "21"
    },
    {
     "profesor": "144",
     "id_profesor": "144",
     "materia": "21",
     "id_materia": "21"
    },
    {
     "profesor": "145",
     "id_profesor": "145",
     "materia": "21",
     "id_materia": "21"
    },
    {
     "profesor": "101",
     "id_profesor": "101",
     "materia": "22",
     "id_materia": "22"
    },
    {
     "profesor": "120",
     "id_profesor": "120",
     "materia": "22",
     "id_materia": "22"
    },
    {
     "profesor": "6",
     "id_profesor": "6",
     "materia": "24",
     "id_materia": "24"
    },
    {
     "profesor": "70",
     "id_profesor": "70",
     "materia": "24",
     "id_materia": "24"
    },
    {
     "profesor": "16",
     "id_profesor": "16",
     "materia": "25",
     "id_materia": "25"
    },
    {
     "profesor": "136",
     "id_profesor": "136",
     "materia": "25",
     "id_materia": "25"
    },
    {
     "profesor": "116",
     "id_profesor": "116",
     "materia": "26",
     "id_materia": "26"
    },
    {
     "profesor": "66",
     "id_profesor": "66",
     "materia": "27",
     "id_materia": "27"
    },
    {
     "profesor": "61",
     "id_profesor": "61",
     "materia": "28",
     "id_materia": "28"
    },
    {
     "profesor": "81",
     "id_profesor": "81",
     "materia": "28",
     "id_materia": "28"
    },
    {
     "profesor": "82",
     "id_profesor": "82",
     "materia": "28",
     "id_materia": "28"
    },
    {
     "profesor": "62",
     "id_profesor": "62",
     "materia": "29",
     "id_materia": "29"
    },
    {
     "profesor": "132",
     "id_profesor": "132",
     "materia": "30",
     "id_materia": "30"
    }
   ]
  }
 ],
 "error": "",
 "logs": null
}