{
 "distribuciones": [
  {
   "bloque": {
    "id": "1",
    "nombre": "1",
    "modulos": [
     {
      "dia": "Lunes",
      "entrada": "07:00",
      "salida": "10:00"
     }
    ]
   },
   "asignaciones": [
    {
     "profesor": "2",
     "id_profesor": "2",
     "materia": "1",
     "id_materia": "1"
    },
    {
     "profesor": "91",
     "id_profesor": "91",
     "materia": "2",
     "id_materia": "2"
    },
    {
     "profesor": "85",
     "id_profesor": "85",
     "materia": "5",
     "id_materia": "5"
    },
    {
     "profesor": "63",
     "id_profesor": "63",
     "materia": "7",
     "id_materia": "7"
    },
    {
     "profesor": "98",
     "id_profesor": "98",
     "materia": "8",
     "id_materia": "8"
    },
    {
     "profesor": "92",
     "id_profesor": "92",
     "materia": "10",
     "id_materia": "10"
    },
    {
     "profesor": "8",
     "id_profesor": "8",
     "materia": "12",
     "id_materia": "12"
    },
    {
     "profesor": "37",
     "id_profesor": "37",
     "materia": "15",
     "id_materia": "15"
    },
    {
     "profesor": "84",
     "id_profesor": "84",
     "materia": "16",
     "id_materia": "16"
    },
    {
     "profesor": "36",
     "id_profesor": "36",
     "materia": "18",
     "id_materia": "18"
    },
    {
     "profesor": "99",
     "id_profesor": "99",
     "materia": "20",
     "id_materia": "20"
    },
    {
     "profesor": "64",
     "id_profesor": "64",
     "materia": "21",
     "id_materia": "21"
    },
    {
     "profesor": "7",
     "id_profesor": "7",
     "materia": "31",
     "id_materia": "31"
    },
    {
     "profesor": "30",
     "id_profesor": "30",
     "materia": "34",
     "id_materia": "34"
    },
    {
     "profesor": "31",
     "id_profesor": "31",
     "materia": "36",
     "id_materia": "36"
    },
    {
     "profesor": "6",
     "id_profesor": "6",
     "materia": "42",
     "id_materia": "42"
    },
    {
     "profesor": "32",
     "id_profesor": "32",
     "materia": "47",
     "id_materia": "47"
    },
    {
     "profesor": "87",
     "id_profesor": "87",
     "materia": "53",
     "id_materia": "53"
    },
    {
     "profesor": "70",
     "id_profesor": "70",
     "materia": "57",
     "id_materia": "57"
    }
   ]
  },
  {
   "bloque": {
    "id": "2",
    "nombre": "2",
    "modulos": [
     {
      "dia": "Lunes",
      "entrada": "07:00",
      "salida": "10:00"
     }
    ]
   },
   "asignaciones": [
    {
     "profesor": "60",
     "id_profesor": "60",
     "materia": "1",
     "id_materia": "1"
    },
    {
     "profesor": "58",
     "id_profesor": "58",
     "materia": "10",
     "id_materia": "10"
    },
    {
     "profesor": "9",
     "id_profesor": "9",
     "materia": "13",
     "id_materia": "13"
    },
    {
     "profesor": "68",
     "id_profesor": "68",
     "materia": "15",
     "id_materia": "15"
    },
    {
     "profesor": "29",
     "id_profesor": "29",
     "materia": "17",
     "id_materia": "17"
    },
    {
     "profesor": "100",
     "id_profesor": "100",
     "materia": "20",
     "id_materia": "20"
    },
    {
     "profesor": "64",
     "id_profesor": "64",
     "materia": "21",
     "id_materia": "21"
    },
    {
     "profesor": "20",
     "id_profesor": "20",
     "materia": "23",
     "id_materia": "23"
    },
    {
     "profesor": "46",
     "id_profesor": "46",
     "materia": "24",
     "id_materia": "24"
    },
    {
     "profesor": "2",
     "id_profesor": "2",
     "materia": "26",
     "id_materia": "26"
    },
    {
     "profesor": "57",
     "id_profesor": "57",
     "materia": "27",
     "id_materia": "27"
    },
    {
     "profesor": "33",
     "id_profesor": "33",
     "materia": "29",
     "id_materia": "29"
    },
    {
     "profesor": "3",
     "id_profesor": "3",
     "materia": "38",
     "id_materia": "38"
    },
    {
     "profesor": "6",
     "id_profesor": "6",
     "materia": "42",
     "id_materia": "42"
    },
    {
     "profesor": "44",
     "id_profesor": "44",
     "materia": "45",
     "id_materia": "45"
    },
    {
     "profesor": "12",
     "id_profesor": "12",
     "materia": "52",
     "id_materia": "52"
    }
   ]
  },
  {
   "bloque": {
    "id": "3",
    "nombre": "3",
    "modulos": [
     {
      "dia": "Lunes",
      "entrada": "07:00",
      "salida": "10:00"
     }
    ]
   },
   "asignaciones": [
    {
     "profesor": "33",
     "id_profesor": "33",
     "materia": "6",
     "id_materia": "6"
    },
    {
     "profesor": "43",
     "id_profesor": "43",
     "materia": "9",
     "id_materia": "9"
    },
    {
     "profesor": "40",
     "id_profesor": "40",
     "materia": "15",
     "id_materia": "15"
    },
    {
     "profesor": "46",
     "id_profesor": "46",
     "materia": "33",
     "id_materia": "33"
    },
    {
     "profesor": "32",
     "id_profesor": "32",
     "materia": "36",
     "id_materia": "36"
    },
    {
     "profesor": "1",
     "id_profesor": "1",
     "materia": "37",
     "id_materia": "37"
    },
    {
     "profesor": "82",
     "id_profesor": "82",
     "materia": "41",
     "id_materia": "41"
    },
    {
     "profesor": "5",
     "id_profesor": "5",
     "materia": "42",
     "id_materia": "42"
    },
    {
     "profesor": "44",
     "id_profesor": "44",
     "materia": "45",
     "id_materia": "45"
    },
    {
     "profesor": "27",
     "id_profesor": "27",
     "materia": "49",
     "id_materia": "49"
    }
   ]
  },
  {
   "bloque": {
    "id": "4",
    "nombre": "4",
    "modulos": [
     {
      "dia": "Lunes",
      "entrada": "07:00",
      "salida": "10:00"
     }
    ]
   },
   "asignaciones": [
    {
     "profesor": "39",
     "id_profesor": "39",
     "materia": "1",
     "id_materia": "1"
    },
    {
     "profesor": "87",
     "id_profesor": "87",
     "materia": "1",
     "id_materia": "1"
    },
    {
     "profesor": "59",
     "id_profesor": "59",
     "materia": "14",
     "id_materia": "14"
    },
    {
     "profesor": "41",
     "id_profesor": "41",
     "materia": "26",
     "id_materia": "26"
    },
    {
     "profesor": "84",
     "id_profesor": "84",
     "materia": "28",
     "id_materia": "28"
    },
    {
     "profesor": "69",
     "id_profesor": "69",
     "materia": "43",
     "id_materia": "43"
    },
    {
     "profesor": "1",
     "id_profesor": "1",
     "materia": "50",
     "id_materia": "50"
    },
    {
     "profesor": "24",
     "id_profesor": "24",
     "materia": "57",
     "id_materia": "57"
    }
   ]
  },
  {
   "bloque": {
    "id": "5",
    "nombre": "5",
    "modulos": [
     {
      "dia": "Lunes",
      "entrada": "07:00",
      "salida": "10:00"
     }
    ]
   },
   "asignaciones": [
    {
     "profesor": "87",
     "id_profesor": "87",
     "materia": "1",
     "id_materia": "1"
    },
    {
     "profesor": "91",
     "id_profesor": "91",
     "materia": "2",
     "id_materia": "2"
    },
    {
     "profesor": "89",
     "id_profesor": "89",
     "materia": "6",
     "id_materia": "6"
    },
    {
     "profesor": "83",
     "id_profesor": "83",
     "materia": "9",
     "id_materia": "9"
    },
    {
     "profesor": "92",
     "id_profesor": "92",
     "materia": "10",
     "id_materia": "10"
    },
    {
     "profesor": "84",
     "id_profesor": "84",
     "materia": "16",
     "id_materia": "16"
    },
    {
     "profesor": "20",
     "id_profesor": "20",
     "materia": "18",
     "id_materia": "18"
    },
    {
     "profesor": "39",
     "id_profesor": "39",
     "materia": "19",
     "id_materia": "19"
    },
    {
     "profesor": "6",
     "id_profesor": "6",
     "materia": "29",
     "id_materia": "29"
    },
    {
     "profesor": "32",
     "id_profesor": "32",
     "materia": "40",
     "id_materia": "40"
    },
    {
     "profesor": "34",
     "id_profesor": "34",
     "materia": "40",
     "id_materia": "40"
    },
    {
     "profesor": "82",
     "id_profesor": "82",
     "materia": "44",
     "id_materia": "44"
    },
    {
     "profesor": "30",
     "id_profesor": "30",
     "materia": "45",
     "id_materia": "45"
    },
    {
     "profesor": "11",
     "id_profesor": "11",
     "materia": "46",
     "id_materia": "46"
    },
    {
     "profesor": "3",
     "id_profesor": "3",
     "materia": "47",
     "id_materia": "47"
    },
    {
     "profesor": "21",
     "id_profesor": "21",
     "materia": "54",
     "id_materia": "54"
    },
    {
     "profesor": "86",
     "id_profesor": "86",
     "materia": "58",
     "id_materia": "58"
    },
    {
     "profesor": "2",
     "id_profesor": "2",
     "materia": "60",
     "id_materia": "60"
    },
    {
     "profesor": "97",
     "id_profesor": "97",
     "materia": "60",
     "id_materia": "60"
    }
   ]
  },
  {
   "bloque": {
    "id": "6",
    "nombre": "6",
    "modulos": [
     {
      "dia": "Lunes",
      "entrada": "07:00",
      "salida": "10:00"
     }
    ]
   },
   "asignaciones": [
    {
     "profesor": "10",
     "id_profesor": "10",
     "materia": "4",
     "id_materia": "4"
    },
    {
     "profesor": "59",
     "id_profesor": "59",
     "materia": "4",
     "id_materia": "4"
    },
    {
     "profesor": "15",
     "id_profesor": "15",
     "materia": "10",
     "id_materia": "10"
    },
    {
     "profesor": "29",
     "id_profesor": "29",
     "materia": "17",
     "id_materia": "17"
    },
    {
     "profesor": "68",
     "id_profesor": "68",
     "materia": "21",
     "id_materia": "21"
    },
    {
     "profesor": "65",
     "id_profesor": "65",
     "materia": "24",
     "id_materia": "24"
    },
    {
     "profesor": "62",
     "id_profesor": "62",
     "materia": "27",
     "id_materia": "27"
    },
    {
     "profesor": "7",
     "id_profesor": "7",
     "materia": "31",
     "id_materia": "31"
    },
    {
     "profesor": "46",
     "id_profesor": "46",
     "materia": "33",
     "id_materia": "33"
    },
    {
     "profesor": "37",
     "id_profesor": "37",
     "materia": "35",
     "id_materia": "35"
    },
    {
     "profesor": "41",
     "id_profesor": "41",
     "materia": "37",
     "id_materia": "37"
    },
    {
     "profesor": "96",
     "id_profesor": "96",
     "materia": "39",
     "id_materia": "39"
    },
    {
     "profesor": "74",
     "id_profesor": "74",
     "materia": "41",
     "id_materia": "41"
    },
    {
     "profesor": "90",
     "id_profesor": "90",
     "materia": "48",
     "id_materia": "48"
    },
    {
     "profesor": "95",
     "id_profesor": "95",
     "materia": "55",
     "id_materia": "55"
    },
    {
     "profesor": "61",
     "id_profesor": "61",
     "materia": "56",
     "id_materia": "56"
    }
   ]
  },
  {
   "bloque": {
    "id": "7",
    "nombre": "7",
    "modulos": [
     {
      "dia": "Lunes",
      "entrada": "07:00",
      "salida": "10:00"
     }
    ]
   },
   "asignaciones": [
    {
     "profesor": "38",
     "id_profesor": "38",
     "materia": "3",
     "id_materia": "3"
    },
    {
     "profesor": "83",
     "id_profesor": "83",
     "materia": "9",
     "id_materia": "9"
    },
    {
     "profesor": "58",
     "id_profesor": "58",
     "materia": "10",
     "id_materia": "10"
    },
    {
     "profesor": "93",
     "id_profesor": "93",
     "materia": "14",
     "id_materia": "14"
    },
    {
     "profesor": "64",
     "id_profesor": "64",
     "materia": "21",
     "id_materia": "21"
    },
    {
     "profesor": "10",
     "id_profesor": "10",
     "materia": "23",
     "id_materia": "23"
    },
    {
     "profesor": "54",
     "id_profesor": "54",
     "materia": "25",
     "id_materia": "25"
    },
    {
     "profesor": "69",
     "id_profesor": "69",
     "materia": "25",
     "id_materia": "25"
    },
    {
     "profesor": "12",
     "id_profesor": "12",
     "materia": "34",
     "id_materia": "34"
    },
    {
     "profesor": "97",
     "id_profesor": "97",
     "materia": "39",
     "id_materia": "39"
    },
    {
     "profesor": "3",
     "id_profesor": "3",
     "materia": "47",
     "id_materia": "47"
    },
    {
     "profesor": "19",
     "id_profesor": "19",
     "materia": "49",
     "id_materia": "49"
    },
    {
     "profesor": "67",
     "id_profesor": "67",
     "materia": "56",
     "id_materia": "56"
    }
   ]
  },
  {
   "bloque": {
    "id": "8",
    "nombre": "8",
    "modulos": [
     {
      "dia": "Lunes",
      "entrada": "07:00",
      "salida": "10:00"
     }
    ]
   },
   "asignaciones": [
    {
     "profesor": "87",
     "id_profesor": "87",
     "materia": "1",
     "id_materia": "1"
    },
    {
     "profesor": "10",
     "id_profesor": "10",
     "materia": "4",
     "id_materia": "4"
    },
    {
     "profesor": "49",
     "id_profesor": "49",
     "materia": "8",
     "id_materia": "8"
    },
    {
     "profesor": "98",
     "id_profesor": "98",
     "materia": "8",
     "id_materia": "8"
    },
    {
     "profesor": "46",
     "id_profesor": "46",
     "materia": "14",
     "id_materia": "14"
    },
    {
     "profesor": "42",
     "id_profesor": "42",
     "materia": "17",
     "id_materia": "17"
    },
    {
     "profesor": "63",
     "id_profesor": "63",
     "materia": "17",
     "id_materia": "17"
    },
    {
     "profesor": "27",
     "id_profesor": "27",
     "materia": "22",
     "id_materia": "22"
    },
    {
     "profesor": "20",
     "id_profesor": "20",
     "materia": "23",
     "id_materia": "23"
    },
    {
     "profesor": "65",
     "id_profesor": "65",
     "materia": "24",
     "id_materia": "24"
    },
    {
     "profesor": "47",
     "id_profesor": "47",
     "materia": "32",
     "id_materia": "32"
    },
    {
     "profesor": "5",
     "id_profesor": "5",
     "materia": "42",
     "id_materia": "42"
    },
    {
     "profesor": "44",
     "id_profesor": "44",
     "materia": "43",
     "id_materia": "43"
    },
    {
     "profesor": "80",
     "id_profesor": "80",
     "materia": "46",
     "id_materia": "46"
    },
    {
     "profesor": "3",
     "id_profesor": "3",
     "materia": "47",
     "id_materia": "47"
    },
    {
     "profesor": "62",
     "id_profesor": "62",
     "materia": "50",
     "id_materia": "50"
    },
    {
     "profesor": "67",
     "id_profesor": "67",
     "materia": "56",
     "id_materia": "56"
    }
   ]
  },
  {
   "bloque": {
    "id": "9",
    "nombre": "9",
    "modulos": [
     {
      "dia": "Lunes",
      "entrada": "07:00",
      "salida": "10:00"
     }
    ]
   },
   "asignaciones": [
    {
     "profesor": "35",
     "id_profesor": "35",
     "materia": "3",
     "id_materia": "3"
    },
    {
     "profesor": "59",
     "id_profesor": "59",
     "materia": "4",
     "id_materia": "4"
    },
    {
     "profesor": "5",
     "id_profesor": "5",
     "materia": "8",
     "id_materia": "8"
    },
    {
     "profesor": "98",
     "id_profesor": "98",
     "materia": "8",
     "id_materia": "8"
    },
    {
     "profesor": "83",
     "id_profesor": "83",
     "materia": "9",
     "id_materia": "9"
    },
    {
     "profesor": "69",
     "id_profesor": "69",
     "materia": "11",
     "id_materia": "11"
    },
    {
     "profesor": "11",
     "id_profesor": "11",
     "materia": "16",
     "id_materia": "16"
    },
    {
     "profesor": "42",
     "id_profesor": "42",
     "materia": "17",
     "id_materia": "17"
    },
    {
     "profesor": "39",
     "id_profesor": "39",
     "materia": "19",
     "id_materia": "19"
    },
    {
     "profesor": "46",
     "id_profesor": "46",
     "materia": "24",
     "id_materia": "24"
    },
    {
     "profesor": "66",
     "id_profesor": "66",
     "materia": "31",
     "id_materia": "31"
    },
    {
     "profesor": "30",
     "id_profesor": "30",
     "materia": "34",
     "id_materia": "34"
    },
    {
     "profesor": "53",
     "id_profesor": "53",
     "materia": "35",
     "id_materia": "35"
    },
    {
     "profesor": "31",
     "id_profesor": "31",
     "materia": "36",
     "id_materia": "36"
    },
    {
     "profesor": "88",
     "id_profesor": "88",
     "materia": "38",
     "id_materia": "38"
    },
    {
     "profesor": "44",
     "id_profesor": "44",
     "materia": "43",
     "id_materia": "43"
    },
    {
     "profesor": "65",
     "id_profesor": "65",
     "materia": "53",
     "id_materia": "53"
    },
    {
     "profesor": "55",
     "id_profesor": "55",
     "materia": "58",
     "id_materia": "58"
    }
   ]
  },
  {
   "bloque": {
    "id": "10",
    "nombre": "10",
    "modulos": [
     {
      "dia": "Lunes",
      "entrada": "07:00",
      "salida": "10:00"
     }
    ]
   },
   "asignaciones": [
    {
     "profesor": "91",
     "id_profesor": "91",
     "materia": "2",
     "id_materia": "2"
    },
    {
     "profesor": "80",
     "id_profesor": "80",
     "materia": "5",
     "id_materia": "5"
    },
    {
     "profesor": "81",
     "id_profesor": "81",
     "materia": "15",
     "id_materia": "15"
    },
    {
     "profesor": "79",
     "id_profesor": "79",
     "materia": "26",
     "id_materia": "26"
    },
    {
     "profesor": "46",
     "id_profesor": "46",
     "materia": "33",
     "id_materia": "33"
    },
    {
     "profesor": "53",
     "id_profesor": "53",
     "materia": "35",
     "id_materia": "35"
    },
    {
     "profesor": "6",
     "id_profesor": "6",
     "materia": "42",
     "id_materia": "42"
    },
    {
     "profesor": "30",
     "id_profesor": "30",
     "materia": "45",
     "id_materia": "45"
    },
    {
     "profesor": "3",
     "id_profesor": "3",
     "materia": "47",
     "id_materia": "47"
    },
    {
     "profesor": "71",
     "id_profesor": "71",
     "materia": "48",
     "id_materia": "48"
    },
    {
     "profesor": "19",
     "id_profesor": "19",
     "materia": "49",
     "id_materia": "49"
    },
    {
     "profesor": "24",
     "id_profesor": "24",
     "materia": "57",
     "id_materia": "57"
    }
   ]
  },
  {
   "bloque": {
    "id": "11",
    "nombre": "11",
    "modulos": [
     {
      "dia": "Lunes",
      "entrada": "07:00",
      "salida": "10:00"
     }
    ]
   },
   "asignaciones": [
    {
     "profesor": "91",
     "id_profesor": "91",
     "materia": "2",
     "id_materia": "2"
    },
    {
     "profesor": "38",
     "id_profesor": "38",
     "materia": "3",
     "id_materia": "3"
    },
    {
     "profesor": "100",
     "id_profesor": "100",
     "materia": "11",
     "id_materia": "11"
    },
    {
     "profesor": "36",
     "id_profesor": "36",
     "materia": "18",
     "id_materia": "18"
    },
    {
     "profesor": "79",
     "id_profesor": "79",
     "materia": "26",
     "id_materia": "26"
    },
    {
     "profesor": "57",
     "id_profesor": "57",
     "materia": "27",
     "id_materia": "27"
    },
    {
     "profesor": "7",
     "id_profesor": "7",
     "materia": "30",
     "id_materia": "30"
    },
    {
     "profesor": "90",
     "id_profesor": "90",
     "materia": "48",
     "id_materia": "48"
    },
    {
     "profesor": "87",
     "id_profesor": "87",
     "materia": "53",
     "id_materia": "53"
    }
   ]
  },
  {
   "bloque": {
    "id": "12",
    "nombre": "12",
    "modulos": [
     {
      "dia": "Lunes",
      "entrada": "07:00",
      "salida": "10:00"
     }
    ]
   },
   "asignaciones": [
    {
     "profesor": "73",
     "id_profesor": "73",
     "materia": "7",
     "id_materia": "7"
    },
    {
     "profesor": "40",
     "id_profesor": "40",
     "materia": "11",
     "id_materia": "11"
    },
    {
     "profesor": "9",
     "id_profesor": "9",
     "materia": "13",
     "id_materia": "13"
    },
    {
     "profesor": "36",
     "id_profesor": "36",
     "materia": "18",
     "id_materia": "18"
    },
    {
     "profesor": "20",
     "id_profesor": "20",
     "materia": "23",
     "id_materia": "23"
    },
    {
     "profesor": "54",
     "id_profesor": "54",
     "materia": "25",
     "id_materia": "25"
    },
    {
     "profesor": "45",
     "id_profesor": "45",
     "materia": "32",
     "id_materia": "32"
    },
    {
     "profesor": "90",
     "id_profesor": "90",
     "materia": "39",
     "id_materia": "39"
    },
    {
     "profesor": "32",
     "id_profesor": "32",
     "materia": "40",
     "id_materia": "40"
    },
    {
     "profesor": "11",
     "id_profesor": "11",
     "materia": "46",
     "id_materia": "46"
    },
    {
     "profesor": "56",
     "id_profesor": "56",
     "materia": "51",
     "id_materia": "51"
    },
    {
     "profesor": "81",
     "id_profesor": "81",
     "materia": "51",
     "id_materia": "51"
    },
    {
     "profesor": "86",
     "id_profesor": "86",
     "materia": "58",
     "id_materia": "58"
    }
   ]
  },
  {
   "bloque": {
    "id": "13",
    "nombre": "13",
    "modulos": [
     {
      "dia": "Lunes",
      "entrada": "07:00",
      "salida": "10:00"
     }
    ]
   },
   "asignaciones": [
    {
     "profesor": "60",
     "id_profesor": "60",
     "materia": "2",
     "id_materia": "2"
    },
    {
     "profesor": "35",
     "id_profesor": "35",
     "materia": "3",
     "id_materia": "3"
    },
    {
     "profesor": "10",
     "id_profesor": "10",
     "materia": "4",
     "id_materia": "4"
    },
    {
     "profesor": "8",
     "id_profesor": "8",
     "materia": "12",
     "id_materia": "12"
    },
    {
     "profesor": "84",
     "id_profesor": "84",
     "materia": "16",
     "id_materia": "16"
    },
    {
     "profesor": "24",
     "id_profesor": "24",
     "materia": "21",
     "id_materia": "21"
    },
    {
     "profesor": "6",
     "id_profesor": "6",
     "materia": "29",
     "id_materia": "29"
    },
    {
     "profesor": "7",
     "id_profesor": "7",
     "materia": "31",
     "id_materia": "31"
    },
    {
     "profesor": "78",
     "id_profesor": "78",
     "materia": "32",
     "id_materia": "32"
    },
    {
     "profesor": "26",
     "id_profesor": "26",
     "materia": "36",
     "id_materia": "36"
    },
    {
     "profesor": "88",
     "id_profesor": "88",
     "materia": "38",
     "id_materia": "38"
    },
    {
     "profesor": "74",
     "id_profesor": "74",
     "materia": "41",
     "id_materia": "41"
    },
    {
     "profesor": "44",
     "id_profesor": "44",
     "materia": "45",
     "id_materia": "45"
    },
    {
     "profesor": "71",
     "id_profesor": "71",
     "materia": "48",
     "id_materia": "48"
    },
    {
     "profesor": "9",
     "id_profesor": "9",
     "materia": "49",
     "id_materia": "49"
    },
    {
     "profesor": "11",
     "id_profesor": "11",
     "materia": "54",
     "id_materia": "54"
    },
    {
     "profesor": "77",
     "id_profesor": "77",
     "materia": "57",
     "id_materia": "57"
    }
   ]
  },
  {
   "bloque": {
    "id": "14",
    "nombre": "14",
    "modulos": [
     {
      "dia": "Lunes",
      "entrada": "07:00",
      "salida": "10:00"
     }
    ]
   },
   "asignaciones": [
    {
     "profesor": "17",
     "id_profesor": "17",
     "materia": "5",
     "id_materia": "5"
    },
    {
     "profesor": "39",
     "id_profesor": "39",
     "materia": "19",
     "id_materia": "19"
    },
    {
     "profesor": "84",
     "id_profesor": "84",
     "materia": "28",
     "id_materia": "28"
    },
    {
     "profesor": "67",
     "id_profesor": "67",
     "materia": "30",
     "id_materia": "30"
    },
    {
     "profesor": "70",
     "id_profesor": "70",
     "materia": "34",
     "id_materia": "34"
    },
    {
     "profesor": "53",
     "id_profesor": "53",
     "materia": "35",
     "id_materia": "35"
    },
    {
     "profesor": "88",
     "id_profesor": "88",
     "materia": "38",
     "id_materia": "38"
    },
    {
     "profesor": "34",
     "id_profesor": "34",
     "materia": "40",
     "id_materia": "40"
    },
    {
     "profesor": "57",
     "id_profesor": "57",
     "materia": "44",
     "id_materia": "44"
    },
    {
     "profesor": "75",
     "id_profesor": "75",
     "materia": "47",
     "id_materia": "47"
    },
    {
     "profesor": "90",
     "id_profesor": "90",
     "materia": "48",
     "id_materia": "48"
    },
    {
     "profesor": "85",
     "id_profesor": "85",
     "materia": "49",
     "id_materia": "49"
    },
    {
     "profesor": "11",
     "id_profesor": "11",
     "materia": "54",
     "id_materia": "54"
    },
    {
     "profesor": "22",
     "id_profesor": "22",
     "materia": "59",
     "id_materia": "59"
    }
   ]
  },
  {
   "bloque": {
    "id": "15",
    "nombre": "15",
    "modulos": [
     {
      "dia": "Lunes",
      "entrada": "07:00",
      "salida": "10:00"
     }
    ]
   },
   "asignaciones": [
    {
     "profesor": "35",
     "id_profesor": "35",
     "materia": "3",
     "id_materia": "3"
    },
    {
     "profesor": "43",
     "id_profesor": "43",
     "materia": "9",
     "id_materia": "9"
    },
    {
     "profesor": "73",
     "id_profesor": "73",
     "materia": "12",
     "id_materia": "12"
    },
    {
     "profesor": "93",
     "id_profesor": "93",
     "materia": "14",
     "id_materia": "14"
    },
    {
     "profesor": "5",
     "id_profesor": "5",
     "materia": "22",
     "id_materia": "22"
    },
    {
     "profesor": "10",
     "id_profesor": "10",
     "materia": "23",
     "id_materia": "23"
    },
    {
     "profesor": "48",
     "id_profesor": "48",
     "materia": "24",
     "id_materia": "24"
    },
    {
     "profesor": "45",
     "id_profesor": "45",
     "materia": "32",
     "id_materia": "32"
    },
    {
     "profesor": "40",
     "id_profesor": "40",
     "materia": "33",
     "id_materia": "33"
    },
    {
     "profesor": "34",
     "id_profesor": "34",
     "materia": "40",
     "id_materia": "40"
    },
    {
     "profesor": "82",
     "id_profesor": "82",
     "materia": "41",
     "id_materia": "41"
    },
    {
     "profesor": "11",
     "id_profesor": "11",
     "materia": "46",
     "id_materia": "46"
    },
    {
     "profesor": "86",
     "id_profesor": "86",
     "materia": "46",
     "id_materia": "46"
    },
    {
     "profesor": "61",
     "id_profesor": "61",
     "materia": "56",
     "id_materia": "56"
    },
    {
     "profesor": "24",
     "id_profesor": "24",
     "materia": "57",
     "id_materia": "57"
    },
    {
     "profesor": "22",
     "id_profesor": "22",
     "materia": "59",
     "id_materia": "59"
    }
   ]
  },
  {
   "bloque": {
    "id": "16",
    "nombre": "16",
    "modulos": [
     {
      "dia": "Lunes",
      "entrada": "07:00",
      "salida": "10:00"
     }
    ]
   },
   "asignaciones": [
    {
     "profesor": "27",
     "id_profesor": "27",
     "materia": "13",
     "id_materia": "13"
    },
    {
     "profesor": "59",
     "id_profesor": "59",
     "materia": "14",
     "id_materia": "14"
    },
    {
     "profesor": "31",
     "id_profesor": "31",
     "materia": "16",
     "id_materia": "16"
    },
    {
     "profesor": "68",
     "id_profesor": "68",
     "materia": "21",
     "id_materia": "21"
    },
    {
     "profesor": "41",
     "id_profesor": "41",
     "materia": "25",
     "id_materia": "25"
    },
    {
     "profesor": "57",
     "id_profesor": "57",
     "materia": "27",
     "id_materia": "27"
    },
    {
     "profesor": "7",
     "id_profesor": "7",
     "materia": "30",
     "id_materia": "30"
    },
    {
     "profesor": "1",
     "id_profesor": "1",
     "materia": "37",
     "id_materia": "37"
    },
    {
     "profesor": "22",
     "id_profesor": "22",
     "materia": "59",
     "id_materia": "59"
    }
   ]
  },
  {
   "bloque": {
    "id": "17",
    "nombre": "17",
    "modulos": [
     {
      "dia": "Lunes",
      "entrada": "07:00",
      "salida": "10:00"
     }
    ]
   },
   "asignaciones": [
    {
     "profesor": "59",
     "id_profesor": "59",
     "materia": "4",
     "id_materia": "4"
    },
    {
     "profesor": "94",
     "id_profesor": "94",
     "materia": "7",
     "id_materia": "7"
    },
    {
     "profesor": "9",
     "id_profesor": "9",
     "materia": "13",
     "id_materia": "13"
    },
    {
     "profesor": "36",
     "id_profesor": "36",
     "materia": "18",
     "id_materia": "18"
    },
    {
     "profesor": "99",
     "id_profesor": "99",
     "materia": "20",
     "id_materia": "20"
    },
    {
     "profesor": "100",
     "id_profesor": "100",
     "materia": "20",
     "id_materia": "20"
    },
    {
     "profesor": "55",
     "id_profesor": "55",
     "materia": "28",
     "id_materia": "28"
    },
    {
     "profesor": "70",
     "id_profesor": "70",
     "materia": "29",
     "id_materia": "29"
    },
    {
     "profesor": "58",
     "id_profesor": "58",
     "materia": "33",
     "id_materia": "33"
    },
    {
     "profesor": "1",
     "id_profesor": "1",
     "materia": "37",
     "id_materia": "37"
    },
    {
     "profesor": "88",
     "id_profesor": "88",
     "materia": "38",
     "id_materia": "38"
    },
    {
     "profesor": "90",
     "id_profesor": "90",
     "materia": "39",
     "id_materia": "39"
    },
    {
     "profesor": "69",
     "id_profesor": "69",
     "materia": "43",
     "id_materia": "43"
    },
    {
     "profesor": "82",
     "id_profesor": "82",
     "materia": "44",
     "id_materia": "44"
    },
    {
     "profesor": "51",
     "id_profesor": "51",
     "materia": "51",
     "id_materia": "51"
    },
    {
     "profesor": "81",
     "id_profesor": "81",
     "materia": "51",
     "id_materia": "51"
    },
    {
     "profesor": "87",
     "id_profesor": "87",
     "materia": "53",
     "id_materia": "53"
    },
    {
     "profesor": "80",
     "id_profesor": "80",
     "materia": "55",
     "id_materia": "55"
    },
    {
     "profesor": "95",
     "id_profesor": "95",
     "materia": "55",
     "id_materia": "55"
    },
    {
     "profesor": "22",
     "id_profesor": "22",
     "materia": "59",
     "id_materia": "59"
    },
    {
     "profesor": "6",
     "id_profesor": "6",
     "materia": "60",
     "id_materia": "60"
    }
   ]
  },
  {
   "bloque": {
    "id": "18",
    "nombre": "18",
    "modulos": [
     {
      "dia": "Lunes",
      "entrada": "07:00",
      "salida": "10:00"
     }
    ]
   },
   "asignaciones": [
    {
     "profesor": "16",
     "id_profesor": "16",
     "materia": "5",
     "id_materia": "5"
    },
    {
     "profesor": "43",
     "id_profesor": "43",
     "materia": "9",
     "id_materia": "9"
    },
    {
     "profesor": "40",
     "id_profesor": "40",
     "materia": "11",
     "id_materia": "11"
    },
    {
     "profesor": "100",
     "id_profesor": "100",
     "materia": "11",
     "id_materia": "11"
    },
    {
     "profesor": "59",
     "id_profesor": "59",
     "materia": "14",
     "id_materia": "14"
    },
    {
     "profesor": "68",
     "id_profesor": "68",
     "materia": "15",
     "id_materia": "15"
    },
    {
     "profesor": "51",
     "id_profesor": "51",
     "materia": "19",
     "id_materia": "19"
    },
    {
     "profesor": "14",
     "id_profesor": "14",
     "materia": "30",
     "id_materia": "30"
    },
    {
     "profesor": "31",
     "id_profesor": "31",
     "materia": "36",
     "id_materia": "36"
    },
    {
     "profesor": "74",
     "id_profesor": "74",
     "materia": "41",
     "id_materia": "41"
    },
    {
     "profesor": "34",
     "id_profesor": "34",
     "materia": "43",
     "id_materia": "43"
    },
    {
     "profesor": "3",
     "id_profesor": "3",
     "materia": "47",
     "id_materia": "47"
    },
    {
     "profesor": "90",
     "id_profesor": "90",
     "materia": "48",
     "id_materia": "48"
    },
    {
     "profesor": "9",
     "id_profesor": "9",
     "materia": "49",
     "id_materia": "49"
    },
    {
     "profesor": "11",
     "id_profesor": "11",
     "materia": "54",
     "id_materia": "54"
    },
    {
     "profesor": "95",
     "id_profesor": "95",
     "materia": "55",
     "id_materia": "55"
    },
    {
     "profesor": "24",
     "id_profesor": "24",
     "materia": "57",
     "id_materia": "57"
    },
    {
     "profesor": "86",
     "id_profesor": "86",
     "materia": "58",
     "id_materia": "58"
    }
   ]
  },
  {
   "bloque": {
    "id": "19",
    "nombre": "19",
    "modulos": [
     {
      "dia": "Lunes",
      "entrada": "07:00",
      "salida": "10:00"
     }
    ]
   },
   "asignaciones": [
    {
     "profesor": "39",
     "id_profesor": "39",
     "materia": "1",
     "id_materia": "1"
    },
    {
     "profesor": "75",
     "id_profesor": "75",
     "materia": "6",
     "id_materia": "6"
    },
    {
     "profesor": "40",
     "id_profesor": "40",
     "materia": "11",
     "id_materia": "11"
    },
    {
     "profesor": "93",
     "id_profesor": "93",
     "materia": "14",
     "id_materia": "14"
    },
    {
     "profesor": "36",
     "id_profesor": "36",
     "materia": "18",
     "id_materia": "18"
    },
    {
     "profesor": "27",
     "id_profesor": "27",
     "materia": "22",
     "id_materia": "22"
    },
    {
     "profesor": "48",
     "id_profesor": "48",
     "materia": "24",
     "id_materia": "24"
    },
    {
     "profesor": "65",
     "id_profesor": "65",
     "materia": "24",
     "id_materia": "24"
    },
    {
     "profesor": "6",
     "id_profesor": "6",
     "materia": "29",
     "id_materia": "29"
    },
    {
     "profesor": "67",
     "id_profesor": "67",
     "materia": "30",
     "id_materia": "30"
    },
    {
     "profesor": "47",
     "id_profesor": "47",
     "materia": "32",
     "id_materia": "32"
    },
    {
     "profesor": "41",
     "id_profesor": "41",
     "materia": "37",
     "id_materia": "37"
    },
    {
     "profesor": "3",
     "id_profesor": "3",
     "materia": "38",
     "id_materia": "38"
    },
    {
     "profesor": "30",
     "id_profesor": "30",
     "materia": "45",
     "id_materia": "45"
    },
    {
     "profesor": "51",
     "id_profesor": "51",
     "materia": "51",
     "id_materia": "51"
    },
    {
     "profesor": "87",
     "id_profesor": "87",
     "materia": "53",
     "id_materia": "53"
    },
    {
     "profesor": "2",
     "id_profesor": "2",
     "materia": "60",
     "id_materia": "60"
    }
   ]
  },
  {
   "bloque": {
    "id": "20",
    "nombre": "20",
    "modulos": [
     {
      "dia": "Lunes",
      "entrada": "07:00",
      "salida": "10:00"
     }
    ]
   },
   "asignaciones": [
    {
     "profesor": "60",
     "id_profesor": "60",
     "materia": "2",
     "id_materia": "2"
    },
    {
     "profesor": "63",
     "id_profesor": "63",
     "materia": "7",
     "id_materia": "7"
    },
    {
     "profesor": "94",
     "id_profesor": "94",
     "materia": "7",
     "id_materia": "7"
    },
    {
     "profesor": "98",
     "id_profesor": "98",
     "materia": "8",
     "id_materia": "8"
    },
    {
     "profesor": "68",
     "id_profesor": "68",
     "materia": "15",
     "id_materia": "15"
    },
    {
     "profesor": "84",
     "id_profesor": "84",
     "materia": "16",
     "id_materia": "16"
    },
    {
     "profesor": "39",
     "id_profesor": "39",
     "materia": "19",
     "id_materia": "19"
    },
    {
     "profesor": "70",
     "id_profesor": "70",
     "materia": "19",
     "id_materia": "19"
    },
    {
     "profesor": "64",
     "id_profesor": "64",
     "materia": "21",
     "id_materia": "21"
    },
    {
     "profesor": "5",
     "id_profesor": "5",
     "materia": "22",
     "id_materia": "22"
    },
    {
     "profesor": "10",
     "id_profesor": "10",
     "materia": "23",
     "id_materia": "23"
    },
    {
     "profesor": "7",
     "id_profesor": "7",
     "materia": "29",
     "id_materia": "29"
    },
    {
     "profesor": "14",
     "id_profesor": "14",
     "materia": "30",
     "id_materia": "30"
    },
    {
     "profesor": "41",
     "id_profesor": "41",
     "materia": "37",
     "id_materia": "37"
    },
    {
     "profesor": "90",
     "id_profesor": "90",
     "materia": "39",
     "id_materia": "39"
    },
    {
     "profesor": "97",
     "id_profesor": "97",
     "materia": "39",
     "id_materia": "39"
    },
    {
     "profesor": "69",
     "id_profesor": "69",
     "materia": "43",
     "id_materia": "43"
    },
    {
     "profesor": "86",
     "id_profesor": "86",
     "materia": "46",
     "id_materia": "46"
    },
    {
     "profesor": "9",
     "id_profesor": "9",
     "materia": "49",
     "id_materia": "49"
    },
    {
     "profesor": "80",
     "id_profesor": "80",
     "materia": "55",
     "id_materia": "55"
    },
    {
     "profesor": "55",
     "id_profesor": "55",
     "materia": "58",
     "id_materia": "58"
    },
    {
     "profesor": "43",
     "id_profesor": "43",
     "materia": "59",
     "id_materia": "59"
    }
   ]
  },
  {
   "bloque": {
    "id": "21",
    "nombre": "21",
    "modulos": [
     {
      "dia": "Lunes",
      "entrada": "07:00",
      "salida": "10:00"
     }
    ]
   },
   "asignaciones": [
    {
     "profesor": "35",
     "id_profesor": "35",
     "materia": "3",
     "id_materia": "3"
    },
    {
     "profesor": "10",
     "id_profesor": "10",
     "materia": "4",
     "id_materia": "4"
    },
    {
     "profesor": "43",
     "id_profesor": "43",
     "materia": "9",
     "id_materia": "9"
    },
    {
     "profesor": "9",
     "id_profesor": "9",
     "materia": "13",
     "id_materia": "13"
    },
    {
     "profesor": "18",
     "id_profesor": "18",
     "materia": "13",
     "id_materia": "13"
    },
    {
     "profesor": "51",
     "id_profesor": "51",
     "materia": "19",
     "id_materia": "19"
    },
    {
     "profesor": "5",
     "id_profesor": "5",
     "materia": "22",
     "id_materia": "22"
    },
    {
     "profesor": "94",
     "id_profesor": "94",
     "materia": "22",
     "id_materia": "22"
    },
    {
     "profesor": "78",
     "id_profesor": "78",
     "materia": "32",
     "id_materia": "32"
    },
    {
     "profesor": "30",
     "id_profesor": "30",
     "materia": "34",
     "id_materia": "34"
    },
    {
     "profesor": "26",
     "id_profesor": "26",
     "materia": "36",
     "id_materia": "36"
    },
    {
     "profesor": "74",
     "id_profesor": "74",
     "materia": "41",
     "id_materia": "41"
    },
    {
     "profesor": "34",
     "id_profesor": "34",
     "materia": "43",
     "id_materia": "43"
    },
    {
     "profesor": "80",
     "id_profesor": "80",
     "materia": "46",
     "id_materia": "46"
    },
    {
     "profesor": "62",
     "id_profesor": "62",
     "materia": "50",
     "id_materia": "50"
    },
    {
     "profesor": "65",
     "id_profesor": "65",
     "materia": "53",
     "id_materia": "53"
    },
    {
     "profesor": "11",
     "id_profesor": "11",
     "materia": "54",
     "id_materia": "54"
    },
    {
     "profesor": "86",
     "id_profesor": "86",
     "materia": "58",
     "id_materia": "58"
    }
   ]
  },
  {
   "bloque": {
    "id": "22",
    "nombre": "22",
    "modulos": [
     {
      "dia": "Lunes",
      "entrada": "07:00",
      "salida": "10:00"
     }
    ]
   },
   "asignaciones": [
    {
     "profesor": "63",
     "id_profesor": "63",
     "materia": "7",
     "id_materia": "7"
    },
    {
     "profesor": "12",
     "id_profesor": "12",
     "materia": "16",
     "id_materia": "16"
    },
    {
     "profesor": "29",
     "id_profesor": "29",
     "materia": "17",
     "id_materia": "17"
    },
    {
     "profesor": "98",
     "id_profesor": "98",
     "materia": "20",
     "id_materia": "20"
    },
    {
     "profesor": "99",
     "id_profesor": "99",
     "materia": "20",
     "id_materia": "20"
    },
    {
     "profesor": "57",
     "id_profesor": "57",
     "materia": "27",
     "id_materia": "27"
    },
    {
     "profesor": "6",
     "id_profesor": "6",
     "materia": "29",
     "id_materia": "29"
    },
    {
     "profesor": "33",
     "id_profesor": "33",
     "materia": "30",
     "id_materia": "30"
    },
    {
     "profesor": "37",
     "id_profesor": "37",
     "materia": "35",
     "id_materia": "35"
    },
    {
     "profesor": "5",
     "id_profesor": "5",
     "materia": "42",
     "id_materia": "42"
    },
    {
     "profesor": "82",
     "id_profesor": "82",
     "materia": "44",
     "id_materia": "44"
    }
   ]
  },
  {
   "bloque": {
    "id": "23",
    "nombre": "23",
    "modulos": [
     {
      "dia": "Lunes",
      "entrada": "07:00",
      "salida": "10:00"
     }
    ]
   },
   "asignaciones": [
    {
     "profesor": "35",
     "id_profesor": "35",
     "materia": "3",
     "id_materia": "3"
    },
    {
     "profesor": "51",
     "id_profesor": "51",
     "materia": "19",
     "id_materia": "19"
    },
    {
     "profesor": "84",
     "id_profesor": "84",
     "materia": "28",
     "id_materia": "28"
    },
    {
     "profesor": "47",
     "id_profesor": "47",
     "materia": "32",
     "id_materia": "32"
    },
    {
     "profesor": "6",
     "id_profesor": "6",
     "materia": "42",
     "id_materia": "42"
    },
    {
     "profesor": "62",
     "id_profesor": "62",
     "materia": "50",
     "id_materia": "50"
    },
    {
     "profesor": "86",
     "id_profesor": "86",
     "materia": "50",
     "id_materia": "50"
    },
    {
     "profesor": "81",
     "id_profesor": "81",
     "materia": "51",
     "id_materia": "51"
    },
    {
     "profesor": "61",
     "id_profesor": "61",
     "materia": "56",
     "id_materia": "56"
    },
    {
     "profesor": "77",
     "id_profesor": "77",
     "materia": "57",
     "id_materia": "57"
    }
   ]
  },
  {
   "bloque": {
    "id": "24",
    "nombre": "24",
    "modulos": [
     {
      "dia": "Lunes",
      "entrada": "07:00",
      "salida": "10:00"
     }
    ]
   },
   "asignaciones": [
    {
     "profesor": "17",
     "id_profesor": "17",
     "materia": "5",
     "id_materia": "5"
    },
    {
     "profesor": "100",
     "id_profesor": "100",
     "materia": "11",
     "id_materia": "11"
    },
    {
     "profesor": "9",
     "id_profesor": "9",
     "materia": "13",
     "id_materia": "13"
    },
    {
     "profesor": "93",
     "id_profesor": "93",
     "materia": "14",
     "id_materia": "14"
    },
    {
     "profesor": "84",
     "id_profesor": "84",
     "materia": "16",
     "id_materia": "16"
    },
    {
     "profesor": "20",
     "id_profesor": "20",
     "materia": "18",
     "id_materia": "18"
    },
    {
     "profesor": "53",
     "id_profesor": "53",
     "materia": "35",
     "id_materia": "35"
    },
    {
     "profesor": "41",
     "id_profesor": "41",
     "materia": "37",
     "id_materia": "37"
    },
    {
     "profesor": "96",
     "id_profesor": "96",
     "materia": "39",
     "id_materia": "39"
    },
    {
     "profesor": "30",
     "id_profesor": "30",
     "materia": "45",
     "id_materia": "45"
    },
    {
     "profesor": "44",
     "id_profesor": "44",
     "materia": "45",
     "id_materia": "45"
    },
    {
     "profesor": "1",
     "id_profesor": "1",
     "materia": "50",
     "id_materia": "50"
    },
    {
     "profesor": "66",
     "id_profesor": "66",
     "materia": "53",
     "id_materia": "53"
    },
    {
     "profesor": "21",
     "id_profesor": "21",
     "materia": "54",
     "id_materia": "54"
    },
    {
     "profesor": "61",
     "id_profesor": "61",
     "materia": "59",
     "id_materia": "59"
    }
   ]
  },
  {
   "bloque": {
    "id": "25",
    "nombre": "25",
    "modulos": [
     {
      "dia": "Lunes",
      "entrada": "07:00",
      "salida": "10:00"
     }
    ]
   },
   "asignaciones": [
    {
     "profesor": "60",
     "id_profesor": "60",
     "materia": "2",
     "id_materia": "2"
    },
    {
     "profesor": "75",
     "id_profesor": "75",
     "materia": "6",
     "id_materia": "6"
    },
    {
     "profesor": "92",
     "id_profesor": "92",
     "materia": "10",
     "id_materia": "10"
    },
    {
     "profesor": "8",
     "id_profesor": "8",
     "materia": "12",
     "id_materia": "12"
    },
    {
     "profesor": "20",
     "id_profesor": "20",
     "materia": "23",
     "id_materia": "23"
    },
    {
     "profesor": "41",
     "id_profesor": "41",
     "materia": "25",
     "id_materia": "25"
    },
    {
     "profesor": "96",
     "id_profesor": "96",
     "materia": "39",
     "id_materia": "39"
    },
    {
     "profesor": "90",
     "id_profesor": "90",
     "materia": "48",
     "id_materia": "48"
    },
    {
     "profesor": "21",
     "id_profesor": "21",
     "materia": "54",
     "id_materia": "54"
    }
   ]
  },
  {
   "bloque": {
    "id": "26",
    "nombre": "26",
    "modulos": [
     {
      "dia": "Lunes",
      "entrada": "07:00",
      "salida": "10:00"
     }
    ]
   },
   "asignaciones": [
    {
     "profesor": "39",
     "id_profesor": "39",
     "materia": "1",
     "id_materia": "1"
    },
    {
     "profesor": "73",
     "id_profesor": "73",
     "materia": "12",
     "id_materia": "12"
    },
    {
     "profesor": "62",
     "id_profesor": "62",
     "materia": "27",
     "id_materia": "27"
    },
    {
     "profesor": "58",
     "id_profesor": "58",
     "materia": "33",
     "id_materia": "33"
    },
    {
     "profesor": "53",
     "id_profesor": "53",
     "materia": "35",
     "id_materia": "35"
    },
    {
     "profesor": "36",
     "id_profesor": "36",
     "materia": "41",
     "id_materia": "41"
    },
    {
     "profesor": "69",
     "id_profesor": "69",
     "materia": "43",
     "id_materia": "43"
    }
   ]
  },
  {
   "bloque": {
    "id": "27",
    "nombre": "27",
    "modulos": [
     {
      "dia": "Lunes",
      "entrada": "07:00",
      "salida": "10:00"
     }
    ]
   },
   "asignaciones": [
    {
     "profesor": "50",
     "id_profesor": "50",
     "materia": "7",
     "id_materia": "7"
    },
    {
     "profesor": "58",
     "id_profesor": "58",
     "materia": "10",
     "id_materia": "10"
    },
    {
     "profesor": "73",
     "id_profesor": "73",
     "materia": "12",
     "id_materia": "12"
    },
    {
     "profesor": "27",
     "id_profesor": "27",
     "materia": "13",
     "id_materia": "13"
    },
    {
     "profesor": "68",
     "id_profesor": "68",
     "materia": "15",
     "id_materia": "15"
    },
    {
     "profesor": "69",
     "id_profesor": "69",
     "materia": "25",
     "id_materia": "25"
    },
    {
     "profesor": "28",
     "id_profesor": "28",
     "materia": "31",
     "id_materia": "31"
    },
    {
     "profesor": "3",
     "id_profesor": "3",
     "materia": "38",
     "id_materia": "38"
    },
    {
     "profesor": "71",
     "id_profesor": "71",
     "materia": "48",
     "id_materia": "48"
    },
    {
     "profesor": "12",
     "id_profesor": "12",
     "materia": "52",
     "id_materia": "52"
    },
    {
     "profesor": "21",
     "id_profesor": "21",
     "materia": "54",
     "id_materia": "54"
    },
    {
     "profesor": "80",
     "id_profesor": "80",
     "materia": "55",
     "id_materia": "55"
    },
    {
     "profesor": "67",
     "id_profesor": "67",
     "materia": "56",
     "id_materia": "56"
    },
    {
     "profesor": "2",
     "id_profesor": "2",
     "materia": "60",
     "id_materia": "60"
    }
   ]
  },
  {
   "bloque": {
    "id": "28",
    "nombre": "28",
    "modulos": [
     {
      "dia": "Lunes",
      "entrada": "07:00",
      "salida": "10:00"
     }
    ]
   },
   "asignaciones": [
    {
     "profesor": "22",
     "id_profesor": "22",
     "materia": "4",
     "id_materia": "4"
    },
    {
     "profesor": "63",
     "id_profesor": "63",
     "materia": "7",
     "id_materia": "7"
    },
    {
     "profesor": "83",
     "id_profesor": "83",
     "materia": "9",
     "id_materia": "9"
    },
    {
     "profesor": "40",
     "id_profesor": "40",
     "materia": "15",
     "id_materia": "15"
    },
    {
     "profesor": "4",
     "id_profesor": "4",
     "materia": "18",
     "id_materia": "18"
    },
    {
     "profesor": "39",
     "id_profesor": "39",
     "materia": "19",
     "id_materia": "19"
    },
    {
     "profesor": "69",
     "id_profesor": "69",
     "materia": "25",
     "id_materia": "25"
    },
    {
     "profesor": "55",
     "id_profesor": "55",
     "materia": "28",
     "id_materia": "28"
    },
    {
     "profesor": "34",
     "id_profesor": "34",
     "materia": "40",
     "id_materia": "40"
    },
    {
     "profesor": "27",
     "id_profesor": "27",
     "materia": "49",
     "id_materia": "49"
    },
    {
     "profesor": "61",
     "id_profesor": "61",
     "materia": "56",
     "id_materia": "56"
    },
    {
     "profesor": "67",
     "id_profesor": "67",
     "materia": "56",
     "id_materia": "56"
    }
   ]
  },
  {
   "bloque": {
    "id": "29",
    "nombre": "29",
    "modulos": [
     {
      "dia": "Lunes",
      "entrada": "07:00",
      "salida": "10:00"
     }
    ]
   },
   "asignaciones": [
    {
     "profesor": "85",
     "id_profesor": "85",
     "materia": "5",
     "id_materia": "5"
    },
    {
     "profesor": "58",
     "id_profesor": "58",
     "materia": "10",
     "id_materia": "10"
    },
    {
     "profesor": "92",
     "id_profesor": "92",
     "materia": "10",
     "id_materia": "10"
    },
    {
     "profesor": "40",
     "id_profesor": "40",
     "materia": "11",
     "id_materia": "11"
    },
    {
     "profesor": "100",
     "id_profesor": "100",
     "materia": "11",
     "id_materia": "11"
    },
    {
     "profesor": "18",
     "id_profesor": "18",
     "materia": "13",
     "id_materia": "13"
    },
    {
     "profesor": "29",
     "id_profesor": "29",
     "materia": "17",
     "id_materia": "17"
    },
    {
     "profesor": "64",
     "id_profesor": "64",
     "materia": "21",
     "id_materia": "21"
    },
    {
     "profesor": "79",
     "id_profesor": "79",
     "materia": "26",
     "id_materia": "26"
    },
    {
     "profesor": "46",
     "id_profesor": "46",
     "materia": "33",
     "id_materia": "33"
    },
    {
     "profesor": "32",
     "id_profesor": "32",
     "materia": "36",
     "id_materia": "36"
    },
    {
     "profesor": "81",
     "id_profesor": "81",
     "materia": "51",
     "id_materia": "51"
    },
    {
     "profesor": "12",
     "id_profesor": "12",
     "materia": "52",
     "id_materia": "52"
    },
    {
     "profesor": "74",
     "id_profesor": "74",
     "materia": "52",
     "id_materia": "52"
    },
    {
     "profesor": "86",
     "id_profesor": "86",
     "materia": "58",
     "id_materia": "58"
    }
   ]
  },
  {
   "bloque": {
    "id": "30",
    "nombre": "30",
    "modulos": [
     {
      "dia": "Lunes",
      "entrada": "07:00",
      "salida": "10:00"
     }
    ]
   },
   "asignaciones": [
    {
     "profesor": "60",
     "id_profesor": "60",
     "materia": "2",
     "id_materia": "2"
    },
    {
     "profesor": "17",
     "id_profesor": "17",
     "materia": "5",
     "id_materia": "5"
    },
    {
     "profesor": "80",
     "id_profesor": "80",
     "materia": "5",
     "id_materia": "5"
    },
    {
     "profesor": "59",
     "id_profesor": "59",
     "materia": "14",
     "id_materia": "14"
    },
    {
     "profesor": "99",
     "id_profesor": "99",
     "materia": "20",
     "id_materia": "20"
    },
    {
     "profesor": "24",
     "id_profesor": "24",
     "materia": "21",
     "id_materia": "21"
    },
    {
     "profesor": "27",
     "id_profesor": "27",
     "materia": "22",
     "id_materia": "22"
    },
    {
     "profesor": "10",
     "id_profesor": "10",
     "materia": "23",
     "id_materia": "23"
    },
    {
     "profesor": "54",
     "id_profesor": "54",
     "materia": "25",
     "id_materia": "25"
    },
    {
     "profesor": "55",
     "id_profesor": "55",
     "materia": "28",
     "id_materia": "28"
    },
    {
     "profesor": "45",
     "id_profesor": "45",
     "materia": "32",
     "id_materia": "32"
    },
    {
     "profesor": "41",
     "id_profesor": "41",
     "materia": "37",
     "id_materia": "37"
    },
    {
     "profesor": "63",
     "id_profesor": "63",
     "materia": "41",
     "id_materia": "41"
    },
    {
     "profesor": "82",
     "id_profesor": "82",
     "materia": "44",
     "id_materia": "44"
    },
    {
     "profesor": "86",
     "id_profesor": "86",
     "materia": "46",
     "id_materia": "46"
    },
    {
     "profesor": "62",
     "id_profesor": "62",
     "materia": "50",
     "id_materia": "50"
    },
    {
     "profesor": "51",
     "id_profesor": "51",
     "materia": "51",
     "id_materia": "51"
    },
    {
     "profesor": "87",
     "id_profesor": "87",
     "materia": "53",
     "id_materia": "53"
    }
   ]
  },
  {
   "bloque": {
    "id": "31",
    "nombre": "31",
    "modulos": [
     {
      "dia": "Lunes",
      "entrada": "07:00",
      "salida": "10:00"
     }
    ]
   },
   "asignaciones": [
    {
     "profesor": "40",
     "id_profesor": "40",
     "materia": "11",
     "id_materia": "11"
    },
    {
     "profesor": "2",
     "id_profesor": "2",
     "materia": "26",
     "id_materia": "26"
    },
    {
     "profesor": "62",
     "id_profesor": "62",
     "materia": "27",
     "id_materia": "27"
    },
    {
     "profesor": "7",
     "id_profesor": "7",
     "materia": "29",
     "id_materia": "29"
    },
    {
     "profesor": "14",
     "id_profesor": "14",
     "materia": "30",
     "id_materia": "30"
    },
    {
     "profesor": "78",
     "id_profesor": "78",
     "materia": "32",
     "id_materia": "32"
    },
    {
     "profesor": "32",
     "id_profesor": "32",
     "materia": "36",
     "id_materia": "36"
    },
    {
     "profesor": "12",
     "id_profesor": "12",
     "materia": "52",
     "id_materia": "52"
    },
    {
     "profesor": "67",
     "id_profesor": "67",
     "materia": "53",
     "id_materia": "53"
    },
    {
     "profesor": "80",
     "id_profesor": "80",
     "materia": "55",
     "id_materia": "55"
    },
    {
     "profesor": "97",
     "id_profesor": "97",
     "materia": "60",
     "id_materia": "60"
    }
   ]
  },
  {
   "bloque": {
    "id": "32",
    "nombre": "32",
    "modulos": [
     {
      "dia": "Lunes",
      "entrada": "07:00",
      "salida": "10:00"
     }
    ]
   },
   "asignaciones": [
    {
     "profesor": "75",
     "id_profesor": "75",
     "materia": "6",
     "id_materia": "6"
    },
    {
     "profesor": "18",
     "id_profesor": "18",
     "materia": "13",
     "id_materia": "13"
    },
    {
     "profesor": "52",
     "id_profesor": "52",
     "materia": "18",
     "id_materia": "18"
    },
    {
     "profesor": "57",
     "id_profesor": "57",
     "materia": "27",
     "id_materia": "27"
    },
    {
     "profesor": "84",
     "id_profesor": "84",
     "materia": "28",
     "id_materia": "28"
    },
    {
     "profesor": "7",
     "id_profesor": "7",
     "materia": "31",
     "id_materia": "31"
    },
    {
     "profesor": "37",
     "id_profesor": "37",
     "materia": "35",
     "id_materia": "35"
    },
    {
     "profesor": "31",
     "id_profesor": "31",
     "materia": "36",
     "id_materia": "36"
    },
    {
     "profesor": "32",
     "id_profesor": "32",
     "materia": "40",
     "id_materia": "40"
    },
    {
     "profesor": "86",
     "id_profesor": "86",
     "materia": "46",
     "id_materia": "46"
    },
    {
     "profesor": "71",
     "id_profesor": "71",
     "materia": "48",
     "id_materia": "48"
    },
    {
     "profesor": "11",
     "id_profesor": "11",
     "materia": "54",
     "id_materia": "54"
    }
   ]
  },
  {
   "bloque": {
    "id": "33",
    "nombre": "33",
    "modulos": [
     {
      "dia": "Lunes",
      "entrada": "07:00",
      "salida": "10:00"
     }
    ]
   },
   "asignaciones": [
    {
     "profesor": "38",
     "id_profesor": "38",
     "materia": "3",
     "id_materia": "3"
    },
    {
     "profesor": "53",
     "id_profesor": "53",
     "materia": "6",
     "id_materia": "6"
    },
    {
     "profesor": "13",
     "id_profesor": "13",
     "materia": "8",
     "id_materia": "8"
    },
    {
     "profesor": "73",
     "id_profesor": "73",
     "materia": "12",
     "id_materia": "12"
    },
    {
     "profesor": "59",
     "id_profesor": "59",
     "materia": "14",
     "id_materia": "14"
    },
    {
     "profesor": "31",
     "id_profesor": "31",
     "materia": "16",
     "id_materia": "16"
    },
    {
     "profesor": "99",
     "id_profesor": "99",
     "materia": "20",
     "id_materia": "20"
    },
    {
     "profesor": "58",
     "id_profesor": "58",
     "materia": "24",
     "id_materia": "24"
    },
    {
     "profesor": "66",
     "id_profesor": "66",
     "materia": "31",
     "id_materia": "31"
    },
    {
     "profesor": "78",
     "id_profesor": "78",
     "materia": "32",
     "id_materia": "32"
    },
    {
     "profesor": "12",
     "id_profesor": "12",
     "materia": "34",
     "id_materia": "34"
    },
    {
     "profesor": "30",
     "id_profesor": "30",
     "materia": "34",
     "id_materia": "34"
    },
    {
     "profesor": "37",
     "id_profesor": "37",
     "materia": "35",
     "id_materia": "35"
    },
    {
     "profesor": "3",
     "id_profesor": "3",
     "materia": "38",
     "id_materia": "38"
    },
    {
     "profesor": "96",
     "id_profesor": "96",
     "materia": "39",
     "id_materia": "39"
    },
    {
     "profesor": "25",
     "id_profesor": "25",
     "materia": "44",
     "id_materia": "44"
    },
    {
     "profesor": "75",
     "id_profesor": "75",
     "materia": "47",
     "id_materia": "47"
    },
    {
     "profesor": "74",
     "id_profesor": "74",
     "materia": "52",
     "id_materia": "52"
    },
    {
     "profesor": "24",
     "id_profesor": "24",
     "materia": "57",
     "id_materia": "57"
    },
    {
     "profesor": "61",
     "id_profesor": "61",
     "materia": "59",
     "id_materia": "59"
    }
   ]
  },
  {
   "bloque": {
    "id": "34",
    "nombre": "34",
    "modulos": [
     {
      "dia": "Lunes",
      "entrada": "07:00",
      "salida": "10:00"
     }
    ]
   },
   "asignaciones": [
    {
     "profesor": "33",
     "id_profesor": "33",
     "materia": "6",
     "id_materia": "6"
    },
    {
     "profesor": "75",
     "id_profesor": "75",
     "materia": "6",
     "id_materia": "6"
    },
    {
     "profesor": "83",
     "id_profesor": "83",
     "materia": "9",
     "id_materia": "9"
    },
    {
     "profesor": "23",
     "id_profesor": "23",
     "materia": "12",
     "id_materia": "12"
    },
    {
     "profesor": "42",
     "id_profesor": "42",
     "materia": "17",
     "id_materia": "17"
    },
    {
     "profesor": "54",
     "id_profesor": "54",
     "materia": "25",
     "id_materia": "25"
    },
    {
     "profesor": "41",
     "id_profesor": "41",
     "materia": "26",
     "id_materia": "26"
    },
    {
     "profesor": "55",
     "id_profesor": "55",
     "materia": "28",
     "id_materia": "28"
    },
    {
     "profesor": "7",
     "id_profesor": "7",
     "materia": "31",
     "id_materia": "31"
    },
    {
     "profesor": "66",
     "id_profesor": "66",
     "materia": "31",
     "id_materia": "31"
    },
    {
     "profesor": "30",
     "id_profesor": "30",
     "materia": "34",
     "id_materia": "34"
    },
    {
     "profesor": "1",
     "id_profesor": "1",
     "materia": "37",
     "id_materia": "37"
    },
    {
     "profesor": "3",
     "id_profesor": "3",
     "materia": "38",
     "id_materia": "38"
    },
    {
     "profesor": "34",
     "id_profesor": "34",
     "materia": "40",
     "id_materia": "40"
    },
    {
     "profesor": "44",
     "id_profesor": "44",
     "materia": "43",
     "id_materia": "43"
    },
    {
     "profesor": "69",
     "id_profesor": "69",
     "materia": "43",
     "id_materia": "43"
    },
    {
     "profesor": "25",
     "id_profesor": "25",
     "materia": "44",
     "id_materia": "44"
    },
    {
     "profesor": "32",
     "id_profesor": "32",
     "materia": "47",
     "id_materia": "47"
    },
    {
     "profesor": "85",
     "id_profesor": "85",
     "materia": "49",
     "id_materia": "49"
    },
    {
     "profesor": "12",
     "id_profesor": "12",
     "materia": "52",
     "id_materia": "52"
    },
    {
     "profesor": "65",
     "id_profesor": "65",
     "materia": "52",
     "id_materia": "52"
    },
    {
     "profesor": "80",
     "id_profesor": "80",
     "materia": "55",
     "id_materia": "55"
    },
    {
     "profesor": "95",
     "id_profesor": "95",
     "materia": "55",
     "id_materia": "55"
    },
    {
     "profesor": "43",
     "id_profesor": "43",
     "materia": "59",
     "id_materia": "59"
    },
    {
     "profesor": "2",
     "id_profesor": "2",
     "materia": "60",
     "id_materia": "60"
    }
   ]
  },
  {
   "bloque": {
    "id": "35",
    "nombre": "35",
    "modulos": [
     {
      "dia": "Lunes",
      "entrada": "07:00",
      "salida": "10:00"
     }
    ]
   },
   "asignaciones": [
    {
     "profesor": "39",
     "id_profesor": "39",
     "materia": "1",
     "id_materia": "1"
    },
    {
     "profesor": "1",
     "id_profesor": "1",
     "materia": "2",
     "id_materia": "2"
    },
    {
     "profesor": "63",
     "id_profesor": "63",
     "materia": "7",
     "id_materia": "7"
    },
    {
     "profesor": "40",
     "id_profesor": "40",
     "materia": "15",
     "id_materia": "15"
    },
    {
     "profesor": "51",
     "id_profesor": "51",
     "materia": "19",
     "id_materia": "19"
    },
    {
     "profesor": "27",
     "id_profesor": "27",
     "materia": "22",
     "id_materia": "22"
    },
    {
     "profesor": "62",
     "id_profesor": "62",
     "materia": "27",
     "id_materia": "27"
    },
    {
     "profesor": "20",
     "id_profesor": "20",
     "materia": "29",
     "id_materia": "29"
    },
    {
     "profesor": "28",
     "id_profesor": "28",
     "materia": "31",
     "id_materia": "31"
    },
    {
     "profesor": "5",
     "id_profesor": "5",
     "materia": "42",
     "id_materia": "42"
    },
    {
     "profesor": "82",
     "id_profesor": "82",
     "materia": "42",
     "id_materia": "42"
    },
    {
     "profesor": "57",
     "id_profesor": "57",
     "materia": "44",
     "id_materia": "44"
    }
   ]
  },
  {
   "bloque": {
    "id": "36",
    "nombre": "36",
    "modulos": [
     {
      "dia": "Lunes",
      "entrada": "07:00",
      "salida": "10:00"
     }
    ]
   },
   "asignaciones": [
    {
     "profesor": "60",
     "id_profesor": "60",
     "materia": "2",
     "id_materia": "2"
    },
    {
     "profesor": "17",
     "id_profesor": "17",
     "materia": "5",
     "id_materia": "5"
    },
    {
     "profesor": "89",
     "id_profesor": "89",
     "materia": "6",
     "id_materia": "6"
    },
    {
     "profesor": "98",
     "id_profesor": "98",
     "materia": "8",
     "id_materia": "8"
    },
    {
     "profesor": "42",
     "id_profesor": "42",
     "materia": "17",
     "id_materia": "17"
    },
    {
     "profesor": "100",
     "id_profesor": "100",
     "materia": "20",
     "id_materia": "20"
    },
    {
     "profesor": "68",
     "id_profesor": "68",
     "materia": "21",
     "id_materia": "21"
    },
    {
     "profesor": "2",
     "id_profesor": "2",
     "materia": "26",
     "id_materia": "26"
    },
    {
     "profesor": "44",
     "id_profesor": "44",
     "materia": "26",
     "id_materia": "26"
    },
    {
     "profesor": "20",
     "id_profesor": "20",
     "materia": "29",
     "id_materia": "29"
    },
    {
     "profesor": "46",
     "id_profesor": "46",
     "materia": "33",
     "id_materia": "33"
    },
    {
     "profesor": "58",
     "id_profesor": "58",
     "materia": "33",
     "id_materia": "33"
    },
    {
     "profesor": "70",
     "id_profesor": "70",
     "materia": "34",
     "id_materia": "34"
    },
    {
     "profesor": "31",
     "id_profesor": "31",
     "materia": "36",
     "id_materia": "36"
    },
    {
     "profesor": "72",
     "id_profesor": "72",
     "materia": "40",
     "id_materia": "40"
    },
    {
     "profesor": "25",
     "id_profesor": "25",
     "materia": "44",
     "id_materia": "44"
    },
    {
     "profesor": "30",
     "id_profesor": "30",
     "materia": "45",
     "id_materia": "45"
    },
    {
     "profesor": "43",
     "id_profesor": "43",
     "materia": "59",
     "id_materia": "59"
    }
   ]
  },
  {
   "bloque": {
    "id": "37",
    "nombre": "37",
    "modulos": [
     {
      "dia": "Lunes",
      "entrada": "07:00",
      "salida": "10:00"
     }
    ]
   },
   "asignaciones": [
    {
     "profesor": "10",
     "id_profesor": "10",
     "materia": "4",
     "id_materia": "4"
    },
    {
     "profesor": "49",
     "id_profesor": "49",
     "materia": "8",
     "id_materia": "8"
    },
    {
     "profesor": "27",
     "id_profesor": "27",
     "materia": "22",
     "id_materia": "22"
    },
    {
     "profesor": "48",
     "id_profesor": "48",
     "materia": "24",
     "id_materia": "24"
    },
    {
     "profesor": "54",
     "id_profesor": "54",
     "materia": "25",
     "id_materia": "25"
    },
    {
     "profesor": "72",
     "id_profesor": "72",
     "materia": "40",
     "id_materia": "40"
    },
    {
     "profesor": "74",
     "id_profesor": "74",
     "materia": "41",
     "id_materia": "41"
    },
    {
     "profesor": "82",
     "id_profesor": "82",
     "materia": "44",
     "id_materia": "44"
    },
    {
     "profesor": "61",
     "id_profesor": "61",
     "materia": "56",
     "id_materia": "56"
    }
   ]
  },
  {
   "bloque": {
    "id": "38",
    "nombre": "38",
    "modulos": [
     {
      "dia": "Lunes",
      "entrada": "07:00",
      "salida": "10:00"
     }
    ]
   },
   "asignaciones": [
    {
     "profesor": "60",
     "id_profesor": "60",
     "materia": "1",
     "id_materia": "1"
    },
    {
     "profesor": "38",
     "id_profesor": "38",
     "materia": "3",
     "id_materia": "3"
    },
    {
     "profesor": "59",
     "id_profesor": "59",
     "materia": "4",
     "id_materia": "4"
    },
    {
     "profesor": "50",
     "id_profesor": "50",
     "materia": "7",
     "id_materia": "7"
    },
    {
     "profesor": "43",
     "id_profesor": "43",
     "materia": "9",
     "id_materia": "9"
    },
    {
     "profesor": "8",
     "id_profesor": "8",
     "materia": "12",
     "id_materia": "12"
    },
    {
     "profesor": "40",
     "id_profesor": "40",
     "materia": "15",
     "id_materia": "15"
    },
    {
     "profesor": "11",
     "id_profesor": "11",
     "materia": "16",
     "id_materia": "16"
    },
    {
     "profesor": "10",
     "id_profesor": "10",
     "materia": "23",
     "id_materia": "23"
    },
    {
     "profesor": "65",
     "id_profesor": "65",
     "materia": "24",
     "id_materia": "24"
    },
    {
     "profesor": "55",
     "id_profesor": "55",
     "materia": "28",
     "id_materia": "28"
    },
    {
     "profesor": "67",
     "id_profesor": "67",
     "materia": "30",
     "id_materia": "30"
    },
    {
     "profesor": "37",
     "id_profesor": "37",
     "materia": "35",
     "id_materia": "35"
    },
    {
     "profesor": "96",
     "id_profesor": "96",
     "materia": "39",
     "id_materia": "39"
    },
    {
     "profesor": "81",
     "id_profesor": "81",
     "materia": "51",
     "id_materia": "51"
    },
    {
     "profesor": "74",
     "id_profesor": "74",
     "materia": "52",
     "id_materia": "52"
    }
   ]
  },
  {
   "bloque": {
    "id": "39",
    "nombre": "39",
    "modulos": [
     {
      "dia": "Lunes",
      "entrada": "07:00",
      "salida": "10:00"
     }
    ]
   },
   "asignaciones": [
    {
     "profesor": "13",
     "id_profesor": "13",
     "materia": "8",
     "id_materia": "8"
    },
    {
     "profesor": "73",
     "id_profesor": "73",
     "materia": "12",
     "id_materia": "12"
    },
    {
     "profesor": "17",
     "id_profesor": "17",
     "materia": "20",
     "id_materia": "20"
    },
    {
     "profesor": "5",
     "id_profesor": "5",
     "materia": "22",
     "id_materia": "22"
    },
    {
     "profesor": "20",
     "id_profesor": "20",
     "materia": "23",
     "id_materia": "23"
    },
    {
     "profesor": "62",
     "id_profesor": "62",
     "materia": "27",
     "id_materia": "27"
    },
    {
     "profesor": "7",
     "id_profesor": "7",
     "materia": "30",
     "id_materia": "30"
    },
    {
     "profesor": "88",
     "id_profesor": "88",
     "materia": "38",
     "id_materia": "38"
    },
    {
     "profesor": "6",
     "id_profesor": "6",
     "materia": "42",
     "id_materia": "42"
    },
    {
     "profesor": "44",
     "id_profesor": "44",
     "materia": "45",
     "id_materia": "45"
    },
    {
     "profesor": "1",
     "id_profesor": "1",
     "materia": "50",
     "id_materia": "50"
    },
    {
     "profesor": "55",
     "id_profesor": "55",
     "materia": "58",
     "id_materia": "58"
    },
    {
     "profesor": "97",
     "id_profesor": "97",
     "materia": "60",
     "id_materia": "60"
    }
   ]
  },
  {
   "bloque": {
    "id": "40",
    "nombre": "40",
    "modulos": [
     {
      "dia": "Lunes",
      "entrada": "07:00",
      "salida": "10:00"
     }
    ]
   },
   "asignaciones": [
    {
     "profesor": "32",
     "id_profesor": "32",
     "materia": "3",
     "id_materia": "3"
    },
    {
     "profesor": "17",
     "id_profesor": "17",
     "materia": "5",
     "id_materia": "5"
    },
    {
     "profesor": "89",
     "id_profesor": "89",
     "materia": "6",
     "id_materia": "6"
    },
    {
     "profesor": "92",
     "id_profesor": "92",
     "materia": "10",
     "id_materia": "10"
    },
    {
     "profesor": "42",
     "id_profesor": "42",
     "materia": "17",
     "id_materia": "17"
    },
    {
     "profesor": "4",
     "id_profesor": "4",
     "materia": "18",
     "id_materia": "18"
    },
    {
     "profesor": "79",
     "id_profesor": "79",
     "materia": "26",
     "id_materia": "26"
    },
    {
     "profesor": "84",
     "id_profesor": "84",
     "materia": "28",
     "id_materia": "28"
    },
    {
     "profesor": "58",
     "id_profesor": "58",
     "materia": "33",
     "id_materia": "33"
    },
    {
     "profesor": "12",
     "id_profesor": "12",
     "materia": "34",
     "id_materia": "34"
    },
    {
     "profesor": "1",
     "id_profesor": "1",
     "materia": "37",
     "id_materia": "37"
    },
    {
     "profesor": "63",
     "id_profesor": "63",
     "materia": "41",
     "id_materia": "41"
    },
    {
     "profesor": "62",
     "id_profesor": "62",
     "materia": "50",
     "id_materia": "50"
    },
    {
     "profesor": "76",
     "id_profesor": "76",
     "materia": "57",
     "id_materia": "57"
    },
    {
     "profesor": "74",
     "id_profesor": "74",
     "materia": "58",
     "id_materia": "58"
    },
    {
     "profesor": "2",
     "id_profesor": "2",
     "materia": "60",
     "id_materia": "60"
    }
   ]
  }
 ],
 "error": "",
 "logs": null
}